oldSlug,oldPath,oldCategoryId,targetCategoryId,targetPath,redirectType,reason,preserveSeo,active,notes
sifir-urun,sifir-urun,cms93j5l1001vuz3gboidp5m9,,,INTERNAL_ALIAS,in DB (sifir) but not in target MD by name match,true,true,ARCHIVE
sifir-urun-cep-telefonu__akilli-saat,sifir-urun/elektronik/telefon-ve-aksesuar/cep-telefonu/akilli-saat,cmsg3xg18000zuzdct7y3h84l,,,INTERNAL_ALIAS,in DB (sifir) but not in target MD by name match,true,true,ARCHIVE
sifir-urun-cep-telefonu__kulaklik,sifir-urun/elektronik/telefon-ve-aksesuar/cep-telefonu/kulaklik,cmsg3xg1g0011uzdcfo9uiwzh,,,INTERNAL_ALIAS,in DB (sifir) but not in target MD by name match,true,true,ARCHIVE
sifir-urun-cep-telefonu__sarj-powerbank,sifir-urun/elektronik/telefon-ve-aksesuar/cep-telefonu/sarj-powerbank,cmsg3xg1y0013uzdcn3no2nil,,Elektronik › Telefon ve Aksesuar › Telefon Aksesuarları › Şarj Adaptörü | Elektronik › Telefon ve Aksesuar › Telefon Aksesuarları › Powerbank,MANUAL_REVIEW,title keyword: powerbank|şarj|adaptör,true,true,SPLIT
sifir-urun-cep-telefonu__kilif-aksesuar,sifir-urun/elektronik/telefon-ve-aksesuar/cep-telefonu/kilif-aksesuar,cmsg3xg250015uzdcac1tp3f4,,,INTERNAL_ALIAS,in DB (sifir) but not in target MD by name match,true,true,ARCHIVE
sifir-urun-cep-telefonu__diger-aksesuar,sifir-urun/elektronik/telefon-ve-aksesuar/cep-telefonu/diger-aksesuar,cmsg3xg2e0017uzdcsodciep8,,,INTERNAL_ALIAS,in DB (sifir) but not in target MD by name match,true,true,ARCHIVE
sifir-urun-cep-telefonu__yenilenmis-telefon,sifir-urun/elektronik/telefon-ve-aksesuar/cep-telefonu/yenilenmis-telefon,cmsg3xg2n0019uzdc9ltguw8a,,,INTERNAL_ALIAS,in DB (sifir) but not in target MD by name match,true,true,ARCHIVE
sifir-urun-cep-telefonu__sarj-cihazi,sifir-urun/elektronik/telefon-ve-aksesuar/cep-telefonu/sarj-cihazi,cmsg3xg3m001huzdc7fdghxgl,,,INTERNAL_ALIAS,in DB (sifir) but not in target MD by name match,true,true,ARCHIVE
sifir-urun-cep-telefonu__arac-telefon-aksesuari,sifir-urun/elektronik/telefon-ve-aksesuar/cep-telefonu/arac-telefon-aksesuari,cmsg3xg46001luzdc6nkzdram,,,INTERNAL_ALIAS,in DB (sifir) but not in target MD by name match,true,true,ARCHIVE
sifir-urun-cep-telefonu__telefon-yedek-parca,sifir-urun/elektronik/telefon-ve-aksesuar/cep-telefonu/telefon-yedek-parca,cmsg3xg4p001nuzdcfo07dap1,,,INTERNAL_ALIAS,in DB (sifir) but not in target MD by name match,true,true,ARCHIVE
sifir-urun-bilgisayar__dizustu,sifir-urun/elektronik/bilgisayar-ve-tablet/bilgisayar/dizustu,cmsg3xgb4002fuzdc9803rtxy,,,INTERNAL_ALIAS,in DB (sifir) but not in target MD by name match,true,true,ARCHIVE
sifir-urun-bilgisayar__masaustu,sifir-urun/elektronik/bilgisayar-ve-tablet/bilgisayar/masaustu,cmsg3xgbp002huzdcc5tcrs10,,,INTERNAL_ALIAS,in DB (sifir) but not in target MD by name match,true,true,ARCHIVE
sifir-urun-bilgisayar__yazici-tarayici,sifir-urun/elektronik/bilgisayar-ve-tablet/bilgisayar/yazici-tarayici,cmsg3xgfp002puzdcg7jmoiov,,Elektronik › Bilgisayar ve Tablet › Bilgisayar Çevre Birimleri › Yazıcı | Elektronik › Bilgisayar ve Tablet › Bilgisayar Çevre Birimleri › Tarayıcı,MANUAL_REVIEW,title keyword: yazıcı|tarayıcı|scanner,true,true,SPLIT
sifir-urun-bilgisayar__bilgisayar-parcasi,sifir-urun/elektronik/bilgisayar-ve-tablet/bilgisayar/bilgisayar-parcasi,cmsg3xgg0002ruzdcqrjb1co0,,,INTERNAL_ALIAS,in DB (sifir) but not in target MD by name match,true,true,ARCHIVE
sifir-urun-bilgisayar__cevre-birimi,sifir-urun/elektronik/bilgisayar-ve-tablet/bilgisayar/cevre-birimi,cmsg3xgg9002tuzdctxioz346,,,INTERNAL_ALIAS,in DB (sifir) but not in target MD by name match,true,true,ARCHIVE
sifir-urun-bilgisayar__network,sifir-urun/elektronik/bilgisayar-ve-tablet/bilgisayar/network,cmsg3xggl002vuzdc797cj1tk,,,INTERNAL_ALIAS,in DB (sifir) but not in target MD by name match,true,true,ARCHIVE
sifir-urun-bilgisayar__yazilim,sifir-urun/elektronik/bilgisayar-ve-tablet/bilgisayar/yazilim,cmsg3xggw002xuzdcmr7bli1s,,,INTERNAL_ALIAS,in DB (sifir) but not in target MD by name match,true,true,ARCHIVE
sifir-urun-muzik,sifir-urun/sifir-urun-muzik,cms93j5p80031uz3g0ifpzc1a,,,INTERNAL_ALIAS,in DB (sifir) but not in target MD by name match,true,true,ARCHIVE
sifir-urun-ofis-kirtasiye,sifir-urun/sifir-urun-ofis-kirtasiye,cms93j5pg0033uz3gj3ie66g7,,,INTERNAL_ALIAS,in DB (sifir) but not in target MD by name match,true,true,ARCHIVE
sifir-urun-antika-koleksiyon,sifir-urun/sifir-urun-antika-koleksiyon,cms93j5pn0035uz3guja0tfco,,,INTERNAL_ALIAS,in DB (sifir) but not in target MD by name match,true,true,ARCHIVE
sifir-urun-yiyecek-icecek,sifir-urun/sifir-urun-yiyecek-icecek,cms93j5q50039uz3gnhdqjrvs,,,INTERNAL_ALIAS,in DB (sifir) but not in target MD by name match,true,true,ARCHIVE
sifir-urun-is-makinesi,sifir-urun/sifir-urun-is-makinesi,cmsdkecae003huzyc6uys6m47,,,INTERNAL_ALIAS,in DB (sifir) but not in target MD by name match,true,true,ARCHIVE
sifir-urun-tarim-makinesi,sifir-urun/sifir-urun-tarim-makinesi,cmsdkecak003juzycjc0pp98j,,,INTERNAL_ALIAS,in DB (sifir) but not in target MD by name match,true,true,ARCHIVE
sifir-urun-ev-elektronigi,sifir-urun/sifir-urun-ev-elektronigi,cms93j5ma0029uz3gdtgnknvu,,,INTERNAL_ALIAS,in DB (sifir) but not in target MD by name match,true,true,ARCHIVE
sifir-urun-saat-taki,sifir-urun/sifir-urun-saat-taki,cms93j5nj002luz3g1ovcvwie,,,INTERNAL_ALIAS,in DB (sifir) but not in target MD by name match,true,true,ARCHIVE
sifir-urun-kisisel-bakim,sifir-urun/sifir-urun-kisisel-bakim,cms93j5nq002nuz3g1h9mrras,,,INTERNAL_ALIAS,in DB (sifir) but not in target MD by name match,true,true,ARCHIVE
sifir-urun-anne-bebek,sifir-urun/sifir-urun-anne-bebek,cms93j5ny002puz3ghofscas0,,,INTERNAL_ALIAS,in DB (sifir) but not in target MD by name match,true,true,ARCHIVE
sifir-urun-bahce-yapi-market,sifir-urun/sifir-urun-bahce-yapi-market,cms93j5oc002tuz3gqj1lq1rr,,,INTERNAL_ALIAS,in DB (sifir) but not in target MD by name match,true,true,ARCHIVE
sifir-urun-cep-telefonu,sifir-urun/elektronik/telefon-ve-aksesuar/cep-telefonu,cms93j5l8001xuz3gsasrgk49,,Elektronik › Telefon ve Aksesuar › Cep Telefonu | Elektronik › Telefon ve Aksesuar › Telefon Aksesuarları,MANUAL_REVIEW,split group: phones vs accessories by title/attrs,true,true,SPLIT
sifir-urun-hobi-oyuncak,sifir-urun/sifir-urun-hobi-oyuncak,cms93j5or002xuz3gee4atdma,,,INTERNAL_ALIAS,in DB (sifir) but not in target MD by name match,true,true,ARCHIVE
sifir-urun-kitap-dergi-film,sifir-urun/sifir-urun-kitap-dergi-film,cms93j5oz002zuz3gnhm3q5gn,,,INTERNAL_ALIAS,in DB (sifir) but not in target MD by name match,true,true,ARCHIVE
sifir-urun-sanayi-makinesi,sifir-urun/sifir-urun-sanayi-makinesi,cmsdkecar003luzyc7d1wqrb7,,,INTERNAL_ALIAS,in DB (sifir) but not in target MD by name match,true,true,ARCHIVE
sifir-urun-diger-alisveris,sifir-urun/sifir-urun-diger-alisveris,cms93j5qc003buz3g50apc5vu,,,INTERNAL_ALIAS,Diğer Her Şey — ARCHIVE or MANUAL_REVIEW,true,true,ARCHIVE
sifir-urun-tablet__tablet-aksesuar,sifir-urun/elektronik/bilgisayar-ve-tablet/tablet/tablet-aksesuar,cmsg3xgj80037uzdcbfpvakj4,,,INTERNAL_ALIAS,in DB (sifir) but not in target MD by name match,true,true,ARCHIVE
sifir-urun-beyaz-esya__firin-ocak,sifir-urun/ev-aletleri/beyaz-esya/beyaz-esya/firin-ocak,cmsg3xguk0057uzdckk84z04k,,,INTERNAL_ALIAS,in DB (sifir) but not in target MD by name match,true,true,ARCHIVE
sifir-urun-beyaz-esya__kombi-termosifon,sifir-urun/ev-aletleri/beyaz-esya/beyaz-esya/kombi-termosifon,cmsg3xgv7005duzdc7yd6gsvx,,,INTERNAL_ALIAS,in DB (sifir) but not in target MD by name match,true,true,ARCHIVE
sifir-urun-beyaz-esya__diger-beyaz-esya,sifir-urun/ev-aletleri/beyaz-esya/beyaz-esya/diger-beyaz-esya,cmsg3xgve005fuzdcqx1ux0ep,,,INTERNAL_ALIAS,in DB (sifir) but not in target MD by name match,true,true,ARCHIVE
sifir-urun-beyaz-esya__tek-kapili,sifir-urun/ev-aletleri/beyaz-esya/beyaz-esya/tek-kapili,cmsg3xgvm005huzdcjd0j97tj,,,INTERNAL_ALIAS,in DB (sifir) but not in target MD by name match,true,true,ARCHIVE
sifir-urun-beyaz-esya__cift-kapili,sifir-urun/ev-aletleri/beyaz-esya/beyaz-esya/cift-kapili,cmsg3xgvz005juzdc4tdlnfvm,,,INTERNAL_ALIAS,in DB (sifir) but not in target MD by name match,true,true,ARCHIVE
sifir-urun-beyaz-esya__no-frost,sifir-urun/ev-aletleri/beyaz-esya/beyaz-esya/no-frost,cmsg3xgwd005luzdczbg5qdwz,,,INTERNAL_ALIAS,in DB (sifir) but not in target MD by name match,true,true,ARCHIVE
sifir-urun-beyaz-esya__gardirop-tipi,sifir-urun/ev-aletleri/beyaz-esya/beyaz-esya/gardirop-tipi,cmsg3xgwl005nuzdcgpl7tkao,,,INTERNAL_ALIAS,in DB (sifir) but not in target MD by name match,true,true,ARCHIVE
sifir-urun-fotograf-kamera__fotograf-makinesi,sifir-urun/elektronik/fotograf-ve-kamera/fotograf-kamera/fotograf-makinesi,cmsg3xh91008fuzdc774prz92,,,INTERNAL_ALIAS,in DB (sifir) but not in target MD by name match,true,true,ARCHIVE
sifir-urun-fotograf-kamera__objektif,sifir-urun/elektronik/fotograf-ve-kamera/fotograf-kamera/objektif,cmsg3xh9m008luzdc2lhby8xv,,,INTERNAL_ALIAS,in DB (sifir) but not in target MD by name match,true,true,ARCHIVE
sifir-urun-fotograf-kamera__tripod-aksesuar,sifir-urun/elektronik/fotograf-ve-kamera/fotograf-kamera/tripod-aksesuar,cmsg3xh9u008nuzdcn9mpo67o,,,INTERNAL_ALIAS,in DB (sifir) but not in target MD by name match,true,true,ARCHIVE
sifir-urun-oyun-konsol__oyun,sifir-urun/elektronik/oyun-ve-konsol/oyun-konsol/oyun,cmsg3xh7e0081uzdc7qnjowfz,,,INTERNAL_ALIAS,in DB (sifir) but not in target MD by name match,true,true,ARCHIVE
sifir-urun-ev-elektronigi__isiticilar,sifir-urun/sifir-urun-ev-elektronigi/isiticilar,cmsg3xh54007juzdcu4xw1fg8,,,INTERNAL_ALIAS,in DB (sifir) but not in target MD by name match,true,true,ARCHIVE
sifir-urun-ev-elektronigi__nem-alici,sifir-urun/sifir-urun-ev-elektronigi/nem-alici,cmsg3xh5d007luzdc8wcf168q,,,INTERNAL_ALIAS,in DB (sifir) but not in target MD by name match,true,true,ARCHIVE
sifir-urun-ev-elektronigi__utu-makinesi,sifir-urun/sifir-urun-ev-elektronigi/utu-makinesi,cmsg3xh5j007nuzdcxy5fxy14,,,INTERNAL_ALIAS,in DB (sifir) but not in target MD by name match,true,true,ARCHIVE
sifir-urun-ev-elektronigi__su-aritma,sifir-urun/sifir-urun-ev-elektronigi/su-aritma,cmsg3xh5t007puzdcry188nlg,,,INTERNAL_ALIAS,in DB (sifir) but not in target MD by name match,true,true,ARCHIVE
sifir-urun-ev-elektronigi__diger-ev-elektronik,sifir-urun/sifir-urun-ev-elektronigi/diger-ev-elektronik,cmsg3xh63007ruzdcbu03rqaf,,,INTERNAL_ALIAS,in DB (sifir) but not in target MD by name match,true,true,ARCHIVE
sifir-urun-teknik-elektronik__elektronik-komponent,sifir-urun/sifir-urun-teknik-elektronik/elektronik-komponent,cmsg3xhbr0091uzdckxwp3a3v,,,INTERNAL_ALIAS,in DB (sifir) but not in target MD by name match,true,true,ARCHIVE
sifir-urun-teknik-elektronik__arduino-raspberry,sifir-urun/sifir-urun-teknik-elektronik/arduino-raspberry,cmsg3xhc40093uzdceipe4zr2,,,INTERNAL_ALIAS,in DB (sifir) but not in target MD by name match,true,true,ARCHIVE
sifir-urun-teknik-elektronik__olcum-cihazi,sifir-urun/sifir-urun-teknik-elektronik/olcum-cihazi,cmsg3xhcb0095uzdcxn7vhwj9,,,INTERNAL_ALIAS,in DB (sifir) but not in target MD by name match,true,true,ARCHIVE
sifir-urun-teknik-elektronik__guvenlik-kamera,sifir-urun/sifir-urun-teknik-elektronik/guvenlik-kamera,cmsg3xhch0097uzdcjbgb4iw3,,,INTERNAL_ALIAS,in DB (sifir) but not in target MD by name match,true,true,ARCHIVE
sifir-urun-teknik-elektronik__telsiz-haberlesme,sifir-urun/sifir-urun-teknik-elektronik/telsiz-haberlesme,cmsg3xhcq0099uzdcuueznmxr,,,INTERNAL_ALIAS,in DB (sifir) but not in target MD by name match,true,true,ARCHIVE
sifir-urun-teknik-elektronik__diger-teknik,sifir-urun/sifir-urun-teknik-elektronik/diger-teknik,cmsg3xhd1009buzdc8hh06x88,,,INTERNAL_ALIAS,in DB (sifir) but not in target MD by name match,true,true,ARCHIVE
sifir-urun-giyim-aksesuar__kadin-giyim,sifir-urun/moda/giyim-aksesuar/giyim-aksesuar/kadin-giyim,cmsg3xhgr00a3uzdcm2l6v0bz,,,INTERNAL_ALIAS,in DB (sifir) but not in target MD by name match,true,true,ARCHIVE
sifir-urun-giyim-aksesuar__erkek-giyim,sifir-urun/moda/giyim-aksesuar/giyim-aksesuar/erkek-giyim,cmsg3xhgx00a5uzdcibdkfgcj,,,INTERNAL_ALIAS,in DB (sifir) but not in target MD by name match,true,true,ARCHIVE
sifir-urun-giyim-aksesuar__ust-giyim,sifir-urun/moda/giyim-aksesuar/giyim-aksesuar/ust-giyim,cmsg3xhhc00a9uzdc398gz2xm,,,INTERNAL_ALIAS,in DB (sifir) but not in target MD by name match,true,true,ARCHIVE
sifir-urun-giyim-aksesuar__alt-giyim,sifir-urun/moda/giyim-aksesuar/giyim-aksesuar/alt-giyim,cmsg3xhhu00abuzdcpst0lb76,,,INTERNAL_ALIAS,in DB (sifir) but not in target MD by name match,true,true,ARCHIVE
sifir-urun-giyim-aksesuar__spor-giyim,sifir-urun/moda/giyim-aksesuar/giyim-aksesuar/spor-giyim,cmsg3xhia00afuzdc1ks2rfgz,,,INTERNAL_ALIAS,in DB (sifir) but not in target MD by name match,true,true,ARCHIVE
sifir-urun-giyim-aksesuar__ic-giyim,sifir-urun/moda/giyim-aksesuar/giyim-aksesuar/ic-giyim,cmsg3xhil00ahuzdcjltxgunu,,,INTERNAL_ALIAS,in DB (sifir) but not in target MD by name match,true,true,ARCHIVE
sifir-urun-giyim-aksesuar__aksesuar-giyim,sifir-urun/moda/giyim-aksesuar/giyim-aksesuar/aksesuar-giyim,cmsg3xhix00ajuzdcfuswu4rw,,,INTERNAL_ALIAS,in DB (sifir) but not in target MD by name match,true,true,ARCHIVE
sifir-urun-saat-taki__kol-saati,sifir-urun/sifir-urun-saat-taki/kol-saati,cmsg3xht900bzuzdccxs5ex1b,,,INTERNAL_ALIAS,in DB (sifir) but not in target MD by name match,true,true,ARCHIVE
sifir-urun-saat-taki__set-taki,sifir-urun/sifir-urun-saat-taki/set-taki,cmsg3xhv900cbuzdcisdc2s26,,,INTERNAL_ALIAS,in DB (sifir) but not in target MD by name match,true,true,ARCHIVE
sifir-urun-kisisel-bakim__cilt-bakim,sifir-urun/sifir-urun-kisisel-bakim/cilt-bakim,cmsg3xhy400cruzdccxizc257,,,INTERNAL_ALIAS,in DB (sifir) but not in target MD by name match,true,true,ARCHIVE
sifir-urun-kisisel-bakim__sac-bakim,sifir-urun/sifir-urun-kisisel-bakim/sac-bakim,cmsg3xhyt00cvuzdcyh6vkq2u,,,INTERNAL_ALIAS,in DB (sifir) but not in target MD by name match,true,true,ARCHIVE
sifir-urun-kisisel-bakim__tiras-epilasyon,sifir-urun/sifir-urun-kisisel-bakim/tiras-epilasyon,cmsg3xhzf00czuzdcqmfrn5tv,,,INTERNAL_ALIAS,in DB (sifir) but not in target MD by name match,true,true,ARCHIVE
sifir-urun-kisisel-bakim__agiz-bakim,sifir-urun/sifir-urun-kisisel-bakim/agiz-bakim,cmsg3xhzx00d1uzdc1jtbzbr0,,,INTERNAL_ALIAS,in DB (sifir) but not in target MD by name match,true,true,ARCHIVE
sifir-urun-kisisel-bakim__erkek-bakim,sifir-urun/sifir-urun-kisisel-bakim/erkek-bakim,cmsg3xi0g00d3uzdc7by3vyg5,,,INTERNAL_ALIAS,in DB (sifir) but not in target MD by name match,true,true,ARCHIVE
sifir-urun-anne-bebek__oto-koltugu,sifir-urun/sifir-urun-anne-bebek/oto-koltugu,cmsg3xi4600dnuzdcgi3tt8qc,,,INTERNAL_ALIAS,in DB (sifir) but not in target MD by name match,true,true,ARCHIVE
sifir-urun-anne-bebek__bebek-bakim,sifir-urun/sifir-urun-anne-bebek/bebek-bakim,cmsg3xi5000dtuzdckoicrtic,,,INTERNAL_ALIAS,in DB (sifir) but not in target MD by name match,true,true,ARCHIVE
sifir-urun-anne-bebek__oyuncak-bebek,sifir-urun/sifir-urun-anne-bebek/oyuncak-bebek,cmsg3xi5700dvuzdc3a9u7zee,,,INTERNAL_ALIAS,in DB (sifir) but not in target MD by name match,true,true,ARCHIVE
sifir-urun-anne-bebek__emzirme,sifir-urun/sifir-urun-anne-bebek/emzirme,cmsg3xi5g00dxuzdc8oboyx8d,,,INTERNAL_ALIAS,in DB (sifir) but not in target MD by name match,true,true,ARCHIVE
sifir-urun-anne-bebek__hamile,sifir-urun/sifir-urun-anne-bebek/hamile,cmsg3xi5u00dzuzdco0d1bm39,,,INTERNAL_ALIAS,in DB (sifir) but not in target MD by name match,true,true,ARCHIVE
sifir-urun-bahce-yapi-market__bahce-aletleri,sifir-urun/sifir-urun-bahce-yapi-market/bahce-aletleri,cmsg3xidu00fhuzdc6focam1e,,,INTERNAL_ALIAS,in DB (sifir) but not in target MD by name match,true,true,ARCHIVE
sifir-urun-bahce-yapi-market__cayir-bicme,sifir-urun/sifir-urun-bahce-yapi-market/cayir-bicme,cmsg3xie000fjuzdcl9asgi0c,,,INTERNAL_ALIAS,in DB (sifir) but not in target MD by name match,true,true,ARCHIVE
sifir-urun-bahce-yapi-market__sulama,sifir-urun/sifir-urun-bahce-yapi-market/sulama,cmsg3xie900fluzdccz8unian,,,INTERNAL_ALIAS,in DB (sifir) but not in target MD by name match,true,true,ARCHIVE
sifir-urun-bahce-yapi-market__yapi-malzeme,sifir-urun/sifir-urun-bahce-yapi-market/yapi-malzeme,cmsg3xief00fnuzdc3s4lvqk4,,,INTERNAL_ALIAS,in DB (sifir) but not in target MD by name match,true,true,ARCHIVE
sifir-urun-bahce-yapi-market__el-aleti,sifir-urun/sifir-urun-bahce-yapi-market/el-aleti,cmsg3xiem00fpuzdckq3kn6k7,,,INTERNAL_ALIAS,in DB (sifir) but not in target MD by name match,true,true,ARCHIVE
sifir-urun-bahce-yapi-market__elektrikli-el-aleti,sifir-urun/sifir-urun-bahce-yapi-market/elektrikli-el-aleti,cmsg3xieu00fruzdc4gz0bgd9,,,INTERNAL_ALIAS,in DB (sifir) but not in target MD by name match,true,true,ARCHIVE
sifir-urun-bahce-yapi-market__boya-yalitim,sifir-urun/sifir-urun-bahce-yapi-market/boya-yalitim,cmsg3xif100ftuzdcqa93t5bv,,,INTERNAL_ALIAS,in DB (sifir) but not in target MD by name match,true,true,ARCHIVE
sifir-urun-bahce-yapi-market__tesisat,sifir-urun/sifir-urun-bahce-yapi-market/tesisat,cmsg3xif800fvuzdcsqbt481c,,,INTERNAL_ALIAS,in DB (sifir) but not in target MD by name match,true,true,ARCHIVE
sifir-urun-ev-dekorasyon__dekoratif,sifir-urun/ev-ve-yasam/ev-dekorasyon-mobilya/ev-dekorasyon/dekoratif,cmsg3xi9k00enuzdc5ikopwip,,,INTERNAL_ALIAS,in DB (sifir) but not in target MD by name match,true,true,ARCHIVE
sifir-urun-ev-dekorasyon__mutfak-gerecleri,sifir-urun/ev-ve-yasam/ev-dekorasyon-mobilya/ev-dekorasyon/mutfak-gerecleri,cmsg3xi9v00epuzdc8gn4b9jg,,,INTERNAL_ALIAS,in DB (sifir) but not in target MD by name match,true,true,ARCHIVE
sifir-urun-ev-dekorasyon__banyo,sifir-urun/ev-ve-yasam/ev-dekorasyon-mobilya/ev-dekorasyon/banyo,cmsg3xia700eruzdcy6di2hub,,,INTERNAL_ALIAS,in DB (sifir) but not in target MD by name match,true,true,ARCHIVE
sifir-urun-ev-dekorasyon__perde,sifir-urun/ev-ve-yasam/ev-dekorasyon-mobilya/ev-dekorasyon/perde,cmsg3xiat00evuzdcfoa0iohd,,,INTERNAL_ALIAS,in DB (sifir) but not in target MD by name match,true,true,ARCHIVE
sifir-urun-spor-outdoor__fitness,sifir-urun/spor-outdoor/spor-urunleri/spor-outdoor/fitness,cmsg3xiii00gjuzdc154c9rvm,,,INTERNAL_ALIAS,in DB (sifir) but not in target MD by name match,true,true,ARCHIVE
sifir-urun-spor-outdoor__kamp-outdoor,sifir-urun/spor-outdoor/spor-urunleri/spor-outdoor/kamp-outdoor,cmsg3xij600gnuzdc31ls39f2,,,INTERNAL_ALIAS,in DB (sifir) but not in target MD by name match,true,true,ARCHIVE
sifir-urun-spor-outdoor__yuruyus-kosu,sifir-urun/spor-outdoor/spor-urunleri/spor-outdoor/yuruyus-kosu,cmsg3xijd00gpuzdc97wucurg,,,INTERNAL_ALIAS,in DB (sifir) but not in target MD by name match,true,true,ARCHIVE
sifir-urun-spor-outdoor__raket-sporlari,sifir-urun/spor-outdoor/spor-urunleri/spor-outdoor/raket-sporlari,cmsg3xik000gvuzdc7lrq1uge,,,INTERNAL_ALIAS,in DB (sifir) but not in target MD by name match,true,true,ARCHIVE
sifir-urun-spor-outdoor__kis-sporlari,sifir-urun/spor-outdoor/spor-urunleri/spor-outdoor/kis-sporlari,cmsg3xikg00gzuzdcp7yjr242,,,INTERNAL_ALIAS,in DB (sifir) but not in target MD by name match,true,true,ARCHIVE
sifir-urun-hobi-oyuncak__lego-yapboz,sifir-urun/sifir-urun-hobi-oyuncak/lego-yapboz,cmsg3xind00hluzdcp0zt0e1x,,,INTERNAL_ALIAS,in DB (sifir) but not in target MD by name match,true,true,ARCHIVE
sifir-urun-hobi-oyuncak__modelcilik,sifir-urun/sifir-urun-hobi-oyuncak/modelcilik,cmsg3xinl00hnuzdcw45go9ys,,,INTERNAL_ALIAS,in DB (sifir) but not in target MD by name match,true,true,ARCHIVE
sifir-urun-hobi-oyuncak__koleksiyon-figur,sifir-urun/sifir-urun-hobi-oyuncak/koleksiyon-figur,cmsg3xint00hpuzdc2gnpn0a9,,,INTERNAL_ALIAS,in DB (sifir) but not in target MD by name match,true,true,ARCHIVE
sifir-urun-hobi-oyuncak__pelus,sifir-urun/sifir-urun-hobi-oyuncak/pelus,cmsg3xioe00htuzdcdxytvp0z,,,INTERNAL_ALIAS,in DB (sifir) but not in target MD by name match,true,true,ARCHIVE
sifir-urun-hobi-oyuncak__board-game,sifir-urun/sifir-urun-hobi-oyuncak/board-game,cmsg3xiol00hvuzdc1qili42a,,,INTERNAL_ALIAS,in DB (sifir) but not in target MD by name match,true,true,ARCHIVE
sifir-urun-hobi-oyuncak__hobi-malzeme,sifir-urun/sifir-urun-hobi-oyuncak/hobi-malzeme,cmsg3xiou00hxuzdcultde43w,,,INTERNAL_ALIAS,in DB (sifir) but not in target MD by name match,true,true,ARCHIVE
sifir-urun-hobi-oyuncak__diger-hobi,sifir-urun/sifir-urun-hobi-oyuncak/diger-hobi,cmsg3xip200hzuzdcwrshzgvc,,,INTERNAL_ALIAS,in DB (sifir) but not in target MD by name match,true,true,ARCHIVE
sifir-urun-kitap-dergi-film__ders-kitabi,sifir-urun/sifir-urun-kitap-dergi-film/ders-kitabi,cmsg3xiqu00iduzdceexrp97a,,,INTERNAL_ALIAS,in DB (sifir) but not in target MD by name match,true,true,ARCHIVE
sifir-urun-kitap-dergi-film__dergi,sifir-urun/sifir-urun-kitap-dergi-film/dergi,cmsg3xir300ifuzdc6b1gd7z8,,,INTERNAL_ALIAS,in DB (sifir) but not in target MD by name match,true,true,ARCHIVE
sifir-urun-kitap-dergi-film__dvd-bluray,sifir-urun/sifir-urun-kitap-dergi-film/dvd-bluray,cmsg3xire00ihuzdc9o46387r,,,INTERNAL_ALIAS,in DB (sifir) but not in target MD by name match,true,true,ARCHIVE
sifir-urun-kitap-dergi-film__vinyl-cd,sifir-urun/sifir-urun-kitap-dergi-film/vinyl-cd,cmsg3xirn00ijuzdcqyfkqkbe,,,INTERNAL_ALIAS,in DB (sifir) but not in target MD by name match,true,true,ARCHIVE
sifir-urun-muzik__piyano-klavye,sifir-urun/sifir-urun-muzik/piyano-klavye,cmsg3xiua00j3uzdclupvubrz,,,INTERNAL_ALIAS,in DB (sifir) but not in target MD by name match,true,true,ARCHIVE
sifir-urun-muzik__bateri-perkusyon,sifir-urun/sifir-urun-muzik/bateri-perkusyon,cmsg3xiun00j5uzdc2ytyjoj1,,,INTERNAL_ALIAS,in DB (sifir) but not in target MD by name match,true,true,ARCHIVE
sifir-urun-muzik__yayli,sifir-urun/sifir-urun-muzik/yayli,cmsg3xiuz00j7uzdclt9279xq,,,INTERNAL_ALIAS,in DB (sifir) but not in target MD by name match,true,true,ARCHIVE
sifir-urun-muzik__uflemeli,sifir-urun/sifir-urun-muzik/uflemeli,cmsg3xiv600j9uzdc60a5kz9u,,,INTERNAL_ALIAS,in DB (sifir) but not in target MD by name match,true,true,ARCHIVE
sifir-urun-muzik__dj-studio,sifir-urun/sifir-urun-muzik/dj-studio,cmsg3xivf00jbuzdcephgzpim,,,INTERNAL_ALIAS,in DB (sifir) but not in target MD by name match,true,true,ARCHIVE
sifir-urun-muzik__ampli-efekt,sifir-urun/sifir-urun-muzik/ampli-efekt,cmsg3xivr00jduzdcpr0k8nwz,,,INTERNAL_ALIAS,in DB (sifir) but not in target MD by name match,true,true,ARCHIVE
sifir-urun-muzik__muzik-aksesuar,sifir-urun/sifir-urun-muzik/muzik-aksesuar,cmsg3xiw100jfuzdclktt1rvs,,,INTERNAL_ALIAS,in DB (sifir) but not in target MD by name match,true,true,ARCHIVE
sifir-urun-ofis-kirtasiye__yazici-malzeme,sifir-urun/sifir-urun-ofis-kirtasiye/yazici-malzeme,cmsg3xixx00jtuzdcpyc3m3p4,,,INTERNAL_ALIAS,in DB (sifir) but not in target MD by name match,true,true,ARCHIVE
sifir-urun-ofis-kirtasiye__organizasyon,sifir-urun/sifir-urun-ofis-kirtasiye/organizasyon,cmsg3xiy400jvuzdcxktlvgtr,,,INTERNAL_ALIAS,in DB (sifir) but not in target MD by name match,true,true,ARCHIVE
sifir-urun-antika-koleksiyon__antika-mobilya,sifir-urun/sifir-urun-antika-koleksiyon/antika-mobilya,cmsg3xj0700k9uzdcdg5zadg3,,,INTERNAL_ALIAS,in DB (sifir) but not in target MD by name match,true,true,ARCHIVE
sifir-urun-antika-koleksiyon__eski-para,sifir-urun/sifir-urun-antika-koleksiyon/eski-para,cmsg3xj0h00kbuzdcev2jntjx,,,INTERNAL_ALIAS,in DB (sifir) but not in target MD by name match,true,true,ARCHIVE
sifir-urun-antika-koleksiyon__plak-koleksiyon,sifir-urun/sifir-urun-antika-koleksiyon/plak-koleksiyon,cmsg3xj0s00kduzdc28f1e2pj,,,INTERNAL_ALIAS,in DB (sifir) but not in target MD by name match,true,true,ARCHIVE
sifir-urun-antika-koleksiyon__oyuncak-koleksiyon,sifir-urun/sifir-urun-antika-koleksiyon/oyuncak-koleksiyon,cmsg3xj1100kfuzdc5ttssakt,,,INTERNAL_ALIAS,in DB (sifir) but not in target MD by name match,true,true,ARCHIVE
sifir-urun-antika-koleksiyon__sanat-eseri,sifir-urun/sifir-urun-antika-koleksiyon/sanat-eseri,cmsg3xj1800khuzdcn4i0n43y,,,INTERNAL_ALIAS,in DB (sifir) but not in target MD by name match,true,true,ARCHIVE
sifir-urun-antika-koleksiyon__diger-koleksiyon,sifir-urun/sifir-urun-antika-koleksiyon/diger-koleksiyon,cmsg3xj1g00kjuzdcs8bpz9w9,,,INTERNAL_ALIAS,in DB (sifir) but not in target MD by name match,true,true,ARCHIVE
sifir-urun-pet-shop__kopek,sifir-urun/sifir-urun-pet-shop/kopek,cmsg3xj3d00kxuzdcrmf1hgay,,,INTERNAL_ALIAS,in DB (sifir) but not in target MD by name match,true,true,ARCHIVE
sifir-urun-pet-shop__kedi,sifir-urun/sifir-urun-pet-shop/kedi,cmsg3xj3j00kzuzdcbkeavz0e,,,INTERNAL_ALIAS,in DB (sifir) but not in target MD by name match,true,true,ARCHIVE
sifir-urun-pet-shop__kus,sifir-urun/sifir-urun-pet-shop/kus,cmsg3xj3r00l1uzdcn09eu5gl,,,INTERNAL_ALIAS,in DB (sifir) but not in target MD by name match,true,true,ARCHIVE
sifir-urun-pet-shop__kemirgen,sifir-urun/sifir-urun-pet-shop/kemirgen,cmsg3xj4a00l5uzdc2q0etaor,,,INTERNAL_ALIAS,in DB (sifir) but not in target MD by name match,true,true,ARCHIVE
sifir-urun-pet-shop__mama-kumu,sifir-urun/sifir-urun-pet-shop/mama-kumu,cmsg3xj4l00l7uzdcjl6065sf,,,INTERNAL_ALIAS,in DB (sifir) but not in target MD by name match,true,true,ARCHIVE
sifir-urun-yiyecek-icecek__gida,sifir-urun/sifir-urun-yiyecek-icecek/gida,cmsg3xj5y00lhuzdc0zensn61,,,INTERNAL_ALIAS,in DB (sifir) but not in target MD by name match,true,true,ARCHIVE
sifir-urun-yiyecek-icecek__icecek,sifir-urun/sifir-urun-yiyecek-icecek/icecek,cmsg3xj6800ljuzdcca30zr9t,,,INTERNAL_ALIAS,in DB (sifir) but not in target MD by name match,true,true,ARCHIVE
sifir-urun-yiyecek-icecek__organik,sifir-urun/sifir-urun-yiyecek-icecek/organik,cmsg3xj6i00lluzdc4hqglgit,,,INTERNAL_ALIAS,in DB (sifir) but not in target MD by name match,true,true,ARCHIVE
sifir-urun-yiyecek-icecek__vitamin-takviye,sifir-urun/sifir-urun-yiyecek-icecek/vitamin-takviye,cmsg3xj6s00lnuzdc67cwmjla,,,INTERNAL_ALIAS,in DB (sifir) but not in target MD by name match,true,true,ARCHIVE
sifir-urun-is-makinesi__ekskavator,sifir-urun/sifir-urun-is-makinesi/ekskavator,cmsg3xjmg00mfuzdc0hfalv6r,,,INTERNAL_ALIAS,in DB (sifir) but not in target MD by name match,true,true,ARCHIVE
sifir-urun-is-makinesi__beko-loder,sifir-urun/sifir-urun-is-makinesi/beko-loder,cmsg3xjn100mhuzdc4za72yps,,,INTERNAL_ALIAS,in DB (sifir) but not in target MD by name match,true,true,ARCHIVE
sifir-urun-is-makinesi__loder,sifir-urun/sifir-urun-is-makinesi/loder,cmsg3xjnm00mjuzdc2xsp3eup,,,INTERNAL_ALIAS,in DB (sifir) but not in target MD by name match,true,true,ARCHIVE
sifir-urun-is-makinesi__dozer,sifir-urun/sifir-urun-is-makinesi/dozer,cmsg3xjoh00mluzdc1k5hldck,,,INTERNAL_ALIAS,in DB (sifir) but not in target MD by name match,true,true,ARCHIVE
sifir-urun-is-makinesi__greyder,sifir-urun/sifir-urun-is-makinesi/greyder,cmsg3xjpd00mnuzdcbzwlgf81,,,INTERNAL_ALIAS,in DB (sifir) but not in target MD by name match,true,true,ARCHIVE
sifir-urun-is-makinesi__silindir,sifir-urun/sifir-urun-is-makinesi/silindir,cmsg3xjpp00mpuzdcd2a29dbl,,,INTERNAL_ALIAS,in DB (sifir) but not in target MD by name match,true,true,ARCHIVE
sifir-urun-is-makinesi__forklift,sifir-urun/sifir-urun-is-makinesi/forklift,cmsg3xjq600mruzdch02zhkek,,,INTERNAL_ALIAS,in DB (sifir) but not in target MD by name match,true,true,ARCHIVE
sifir-urun-is-makinesi__teleskopik,sifir-urun/sifir-urun-is-makinesi/teleskopik,cmsg3xjqk00mtuzdc5mwxoo7b,,,INTERNAL_ALIAS,in DB (sifir) but not in target MD by name match,true,true,ARCHIVE
sifir-urun-is-makinesi__mobil-vinc,sifir-urun/sifir-urun-is-makinesi/mobil-vinc,cmsg3xjqw00mvuzdco6yslmta,,,INTERNAL_ALIAS,in DB (sifir) but not in target MD by name match,true,true,ARCHIVE
sifir-urun-is-makinesi__beton-pompasi,sifir-urun/sifir-urun-is-makinesi/beton-pompasi,cmsg3xjrl00mxuzdci8xvz2ul,,,INTERNAL_ALIAS,in DB (sifir) but not in target MD by name match,true,true,ARCHIVE
sifir-urun-is-makinesi__asfalt,sifir-urun/sifir-urun-is-makinesi/asfalt,cmsg3xjsz00mzuzdcgeyx6shp,,,INTERNAL_ALIAS,in DB (sifir) but not in target MD by name match,true,true,ARCHIVE
sifir-urun-is-makinesi__sondaj,sifir-urun/sifir-urun-is-makinesi/sondaj,cmsg3xjtf00n1uzdc7a8h16ch,,,INTERNAL_ALIAS,in DB (sifir) but not in target MD by name match,true,true,ARCHIVE
sifir-urun-is-makinesi__diger-is-makinesi,sifir-urun/sifir-urun-is-makinesi/diger-is-makinesi,cmsg3xjue00n3uzdcc1tc9gbr,,,INTERNAL_ALIAS,in DB (sifir) but not in target MD by name match,true,true,ARCHIVE
sifir-urun-tarim-makinesi__traktor,sifir-urun/sifir-urun-tarim-makinesi/traktor,cmsg3xk2900nhuzdczw1pp2t7,,,INTERNAL_ALIAS,in DB (sifir) but not in target MD by name match,true,true,ARCHIVE
sifir-urun-tarim-makinesi__bicerdover,sifir-urun/sifir-urun-tarim-makinesi/bicerdover,cmsg3xk2z00njuzdcwdkudhem,,,INTERNAL_ALIAS,in DB (sifir) but not in target MD by name match,true,true,ARCHIVE
sifir-urun-tarim-makinesi__pulluk-ekim,sifir-urun/sifir-urun-tarim-makinesi/pulluk-ekim,cmsg3xk3r00nluzdci5u30s5o,,,INTERNAL_ALIAS,in DB (sifir) but not in target MD by name match,true,true,ARCHIVE
sifir-urun-tarim-makinesi__balya,sifir-urun/sifir-urun-tarim-makinesi/balya,cmsg3xk5d00npuzdcfj7kk5wj,,,INTERNAL_ALIAS,in DB (sifir) but not in target MD by name match,true,true,ARCHIVE
sifir-urun-tarim-makinesi__diger-tarim,sifir-urun/sifir-urun-tarim-makinesi/diger-tarim,cmsg3xk6300nruzdcgr2yfhh4,,,INTERNAL_ALIAS,in DB (sifir) but not in target MD by name match,true,true,ARCHIVE
sifir-urun-sanayi-makinesi__torna-freze,sifir-urun/sifir-urun-sanayi-makinesi/torna-freze,cmsg3xkfc00o5uzdc6k9i53vv,,,INTERNAL_ALIAS,in DB (sifir) but not in target MD by name match,true,true,ARCHIVE
sifir-urun-sanayi-makinesi__pres-kaynak,sifir-urun/sifir-urun-sanayi-makinesi/pres-kaynak,cmsg3xkgr00o7uzdc3jarsh2c,,,INTERNAL_ALIAS,in DB (sifir) but not in target MD by name match,true,true,ARCHIVE
sifir-urun-sanayi-makinesi__diger-sanayi,sifir-urun/sifir-urun-sanayi-makinesi/diger-sanayi,cmsg3xkk200ofuzdcdcb07841,,,INTERNAL_ALIAS,in DB (sifir) but not in target MD by name match,true,true,ARCHIVE
sifir-urun-diger-alisveris__diger,sifir-urun/sifir-urun-diger-alisveris/diger,cmsg3xknv00ojuzdczpo8d4kw,,,INTERNAL_ALIAS,Diğer Her Şey — ARCHIVE or MANUAL_REVIEW,true,true,ARCHIVE
sifir-urun-oyun-konsol__konsol-aksesuar,sifir-urun/elektronik/oyun-ve-konsol/oyun-konsol/konsol-aksesuar,cmsg3xh7l0083uzdcqmff5pvf,,,INTERNAL_ALIAS,in DB (sifir) but not in target MD by name match,true,true,ARCHIVE
sifir-urun-beyaz-esya__ankastre-buzdolabi,sifir-urun/ev-aletleri/beyaz-esya/beyaz-esya/ankastre-buzdolabi,cmsg3xgx4005ruzdc6zbsbfmu,,,INTERNAL_ALIAS,in DB (sifir) but not in target MD by name match,true,true,ARCHIVE
sifir-urun-beyaz-esya__camasir-kurutma,sifir-urun/ev-aletleri/beyaz-esya/beyaz-esya/camasir-kurutma,cmsg3xgxe005tuzdc8mjjsx2b,,,INTERNAL_ALIAS,in DB (sifir) but not in target MD by name match,true,true,ARCHIVE
sifir-urun__elektronik__fotograf-ve-kamera,sifir-urun/elektronik/fotograf-ve-kamera,cmsg4wp2n0023uzxw8u4sgot9,,,INTERNAL_ALIAS,in DB (sifir) but not in target MD by name match,true,true,ARCHIVE
sifir-urun-elektrikli-ev-aletleri,sifir-urun/ev-aletleri/kucuk-ev-aletleri/elektrikli-ev-aletleri,cms93j5m20027uz3g910o9sc3,,,INTERNAL_ALIAS,in DB (sifir) but not in target MD by name match,true,true,ARCHIVE
sifir-urun-elektrikli-ev-aletleri__supurge,sifir-urun/ev-aletleri/kucuk-ev-aletleri/elektrikli-ev-aletleri/supurge,cmsg3xh17006nuzdcq1pi5vtx,,,INTERNAL_ALIAS,in DB (sifir) but not in target MD by name match,true,true,ARCHIVE
sifir-urun-elektrikli-ev-aletleri__utuler,sifir-urun/ev-aletleri/kucuk-ev-aletleri/elektrikli-ev-aletleri/utuler,cmsg3xh1e006puzdchzvfhd9y,,,INTERNAL_ALIAS,in DB (sifir) but not in target MD by name match,true,true,ARCHIVE
sifir-urun-elektrikli-ev-aletleri__kahve-cay,sifir-urun/ev-aletleri/kucuk-ev-aletleri/elektrikli-ev-aletleri/kahve-cay,cmsg3xh1m006ruzdc70t2uqd0,,,INTERNAL_ALIAS,in DB (sifir) but not in target MD by name match,true,true,ARCHIVE
sifir-urun-elektrikli-ev-aletleri__blender-mikser,sifir-urun/ev-aletleri/kucuk-ev-aletleri/elektrikli-ev-aletleri/blender-mikser,cmsg3xh1w006tuzdc746ad8e3,,,INTERNAL_ALIAS,in DB (sifir) but not in target MD by name match,true,true,ARCHIVE
sifir-urun-elektrikli-ev-aletleri__tost-mikrodalga,sifir-urun/ev-aletleri/kucuk-ev-aletleri/elektrikli-ev-aletleri/tost-mikrodalga,cmsg3xh24006vuzdcics8ubsa,,,INTERNAL_ALIAS,in DB (sifir) but not in target MD by name match,true,true,ARCHIVE
sifir-urun-elektrikli-ev-aletleri__diger-kucuk-ev,sifir-urun/ev-aletleri/kucuk-ev-aletleri/elektrikli-ev-aletleri/diger-kucuk-ev,cmsg3xh2t0071uzdc2lzvdqiz,,,INTERNAL_ALIAS,in DB (sifir) but not in target MD by name match,true,true,ARCHIVE
sifir-urun-elektrikli-ev-aletleri__airfryer,sifir-urun/ev-aletleri/kucuk-ev-aletleri/elektrikli-ev-aletleri/airfryer,cmsg3xh350073uzdcy4uxrfah,,,INTERNAL_ALIAS,in DB (sifir) but not in target MD by name match,true,true,ARCHIVE
sifir-urun__ev-ve-yasam__ev-dekorasyon-mobilya,sifir-urun/ev-ve-yasam/ev-dekorasyon-mobilya,cmsg4wp8w002fuzxwt18nv883,,,INTERNAL_ALIAS,in DB (sifir) but not in target MD by name match,true,true,ARCHIVE
sifir-urun__moda__giyim-aksesuar,sifir-urun/moda/giyim-aksesuar,cmsg4wpb0002ruzxwe7r6a6gk,,,INTERNAL_ALIAS,in DB (sifir) but not in target MD by name match,true,true,ARCHIVE
sifir-urun__spor-outdoor__bisiklet,sifir-urun/spor-outdoor/bisiklet,cmsg4wpdh002vuzxwh2lo3l0x,,,INTERNAL_ALIAS,in DB (sifir) but not in target MD by name match,true,true,ARCHIVE
sifir-urun__spor-outdoor__spor-urunleri,sifir-urun/spor-outdoor/spor-urunleri,cmsg4wpdw002zuzxwynzc4p9m,,,INTERNAL_ALIAS,in DB (sifir) but not in target MD by name match,true,true,ARCHIVE
sifir-urun-spor-outdoor,sifir-urun/spor-outdoor/spor-urunleri/spor-outdoor,cms93j5oj002vuz3g5py6nixh,,,INTERNAL_ALIAS,in DB (sifir) but not in target MD by name match,true,true,ARCHIVE
sifir-urun-spor-outdoor__dalis-balik,sifir-urun/spor-outdoor/spor-urunleri/spor-outdoor/dalis-balik,cmsg3xiko00h1uzdcaj25qg2k,,,INTERNAL_ALIAS,in DB (sifir) but not in target MD by name match,true,true,ARCHIVE
sifir-urun-spor-outdoor__diger-spor,sifir-urun/spor-outdoor/spor-urunleri/spor-outdoor/diger-spor,cmsg3xikw00h3uzdc6f9wt0qh,,,INTERNAL_ALIAS,in DB (sifir) but not in target MD by name match,true,true,ARCHIVE
sifir-urun__mutfak-ve-sofra__mutfak-gerecleri,sifir-urun/mutfak-ve-sofra/mutfak-gerecleri,cmsg4wpg00039uzxw6rhjcfm9,,,INTERNAL_ALIAS,in DB (sifir) but not in target MD by name match,true,true,ARCHIVE
sifir-urun__mutfak-ve-sofra__termos-ve-matara,sifir-urun/mutfak-ve-sofra/termos-ve-matara,cmsg4wpg7003buzxwxevr2ep1,,,INTERNAL_ALIAS,in DB (sifir) but not in target MD by name match,true,true,ARCHIVE
sifir-urun-ev-dekorasyon__hali-kilim,sifir-urun/ev-ve-yasam/ev-dekorasyon-mobilya/ev-dekorasyon/hali-kilim,cmsg3xiah00etuzdcqy5qptwd,,,INTERNAL_ALIAS,in DB (sifir) but not in target MD by name match,true,true,ARCHIVE
sifir-urun__spor-outdoor__bisiklet__bisiklet,sifir-urun/spor-outdoor/bisiklet/bisiklet,cmsg4wpdm002xuzxwz1jpbybb,,,INTERNAL_ALIAS,Bisiklet→Bisiklet nest: merge leaf into parent or rename parent,true,true,MERGE
sifir-urun__moda__kadin__tisort,sifir-urun/moda/kadin/tisort,cmsg4wpau002puzxwuyaikv2b,,,INTERNAL_ALIAS,in DB (sifir) but not in target MD by name match,true,true,ARCHIVE
sifir-urun-giyim-aksesuar__tisort,sifir-urun/moda/giyim-aksesuar/giyim-aksesuar/tisort,cmsg3xhj500aluzdcziy977zl,,,INTERNAL_ALIAS,in DB (sifir) but not in target MD by name match,true,true,ARCHIVE
ikinci-el-tv-goruntu-ses,ikinci-el/elektronik/tv-goruntu-ve-ses/tv-goruntu-ses,cms93j5gi000luz3g24dfer3c,cmsg4wobr0007uzxw9vjxd6oi,ikinci-el/elektronik/tv-goruntu-ve-ses,301,soft-deleted near-duplicate wrapper,true,true,"TV, Görüntü & Ses"
ikinci-el-beyaz-esya,ikinci-el/ev-aletleri/beyaz-esya/beyaz-esya,cms93j5gt000nuz3gczbs3s4t,cmsg4wofl000fuzxwe1yovr8t,ikinci-el/ev-aletleri/beyaz-esya,301,soft-deleted near-duplicate wrapper,true,true,Beyaz Eşya
ikinci-el-oyun-konsol,ikinci-el/elektronik/oyun-ve-konsol/oyun-konsol,cms93j5he000tuz3gh1k5agel,cmsg4woeo000buzxwe8y8e37i,ikinci-el/elektronik/oyun-ve-konsol,301,soft-deleted near-duplicate wrapper,true,true,Oyun & Konsol
ikinci-el-fotograf-kamera,ikinci-el/elektronik/fotograf-ve-kamera/fotograf-kamera,cms93j5hl000vuz3g1vl7fgad,cmsg4woda0009uzxwp3hcj7sq,ikinci-el/elektronik/fotograf-ve-kamera,301,soft-deleted near-duplicate wrapper,true,true,Fotoğraf & Kamera
ikinci-el-giyim-aksesuar,ikinci-el/moda/giyim-aksesuar/giyim-aksesuar,cms93j5i0000zuz3gr5zok56s,cmsg4wonk000xuzxwncjqva3s,ikinci-el/moda/giyim-aksesuar,301,soft-deleted near-duplicate wrapper,true,true,Giyim & Aksesuar
ikinci-el-ev-dekorasyon,ikinci-el/ev-ve-yasam/ev-dekorasyon-mobilya/ev-dekorasyon,cms93j5j00019uz3g8mne90dy,cmsg4wokx000luzxw6uqgcixo,ikinci-el/ev-ve-yasam/ev-dekorasyon-mobilya,301,soft-deleted near-duplicate wrapper,true,true,Ev Dekorasyon & Mobilya
sifir-urun-tv-goruntu-ses,sifir-urun/elektronik/tv-goruntu-ve-ses/tv-goruntu-ses,cms93j5lr0023uz3g7jpjg8ow,cmsg4wp1h0021uzxwh40ko79d,sifir-urun/elektronik/tv-goruntu-ve-ses,301,soft-deleted near-duplicate wrapper,true,true,"TV, Görüntü & Ses"
sifir-urun-beyaz-esya,sifir-urun/ev-aletleri/beyaz-esya/beyaz-esya,cms93j5lx0025uz3glo91vjio,cmsg4wp4f0029uzxwroue3qn1,sifir-urun/ev-aletleri/beyaz-esya,301,soft-deleted near-duplicate wrapper,true,true,Beyaz Eşya
sifir-urun-oyun-konsol,sifir-urun/elektronik/oyun-ve-konsol/oyun-konsol,cms93j5mi002buz3g7tu2snvu,cmsg4wp3k0025uzxwhokxbo3o,sifir-urun/elektronik/oyun-ve-konsol,301,soft-deleted near-duplicate wrapper,true,true,Oyun & Konsol
sifir-urun-fotograf-kamera,sifir-urun/elektronik/fotograf-ve-kamera/fotograf-kamera,cms93j5mq002duz3g8af5v1r4,cmsg4wp2n0023uzxw8u4sgot9,sifir-urun/elektronik/fotograf-ve-kamera,301,soft-deleted near-duplicate wrapper,true,true,Fotoğraf & Kamera
sifir-urun-giyim-aksesuar,sifir-urun/moda/giyim-aksesuar/giyim-aksesuar,cms93j5n5002huz3gwi5wr8fk,cmsg4wpb0002ruzxwe7r6a6gk,sifir-urun/moda/giyim-aksesuar,301,soft-deleted near-duplicate wrapper,true,true,Giyim & Aksesuar
sifir-urun-ev-dekorasyon,sifir-urun/ev-ve-yasam/ev-dekorasyon-mobilya/ev-dekorasyon,cms93j5o5002ruz3ga5yzz29e,cmsg4wp8w002fuzxwt18nv883,sifir-urun/ev-ve-yasam/ev-dekorasyon-mobilya,301,soft-deleted near-duplicate wrapper,true,true,Ev Dekorasyon & Mobilya
