categoryId,currentName,currentPath,originalRevisedAction,finalDecision,targetPath,preserveId,commerceMode,modelMode,attributesNeeded,listingCount,productCount,sellerOfferCount,childCount,reason,reviewerRequired,riskLevel
cms93j5l1001vuz3gboidp5m9,Sıfır,sifir-urun,KEEP,KEEP,,true,,,,4,0,0,24,System root Sıfır — KEEP forever,false,HIGH
cmsg3xg18000zuzdct7y3h84l,Akıllı Saat & Bileklik,sifir-urun/elektronik/telefon-ve-aksesuar/cep-telefonu/akilli-saat,RENAME,RENAME,Elektronik › Telefon ve Aksesuar › Giyilebilir Teknoloji › Akıllı Saat,true,,,,0,0,0,0,Rename preserveId → Elektronik › Telefon ve Aksesuar › Giyilebilir Teknoloji › Akıllı Saat,false,HIGH
cmsg3xg1g0011uzdcfo9uiwzh,Kulaklık & Bluetooth,sifir-urun/elektronik/telefon-ve-aksesuar/cep-telefonu/kulaklik,RENAME,RENAME,Elektronik › Telefon ve Aksesuar › Telefon Aksesuarları › Bluetooth Kulaklık,true,,,,0,0,0,0,Rename preserveId → Elektronik › Telefon ve Aksesuar › Telefon Aksesuarları › Bluetooth Kulaklık,false,HIGH
cmsg3xg3m001huzdc7fdghxgl,Şarj Cihazı,sifir-urun/elektronik/telefon-ve-aksesuar/cep-telefonu/sarj-cihazi,MANUAL_REVIEW,RENAME,Elektronik › Telefon ve Aksesuar › Telefon Aksesuarları › Şarj Adaptörü,true,,,,0,0,0,0,Şarj Cihazı → Şarj Adaptörü (Powerbank ayrı),false,MEDIUM
cmsg3xgb4002fuzdc9803rtxy,Dizüstü (Notebook),sifir-urun/elektronik/bilgisayar-ve-tablet/bilgisayar/dizustu,MOVE,MOVE,Elektronik › Bilgisayar ve Tablet › Bilgisayar › Dizüstü Bilgisayar,true,,,,0,0,0,0,Move preserveId → Elektronik › Bilgisayar ve Tablet › Bilgisayar › Dizüstü Bilgisayar,false,HIGH
cms93j5p80031uz3g0ifpzc1a,Müzik,sifir-urun/sifir-urun-muzik,MOVE,MOVE,Hobi ve Oyun,true,,,,0,0,0,8,Move preserveId → Hobi ve Oyun,false,MEDIUM
cms93j5pg0033uz3gj3ie66g7,Ofis & Kırtasiye,sifir-urun/sifir-urun-ofis-kirtasiye,RENAME,RENAME,"Kitap, Kırtasiye ve Ofis",true,,,,1,0,0,4,"Rename preserveId → Kitap, Kırtasiye ve Ofis",true,HIGH
cms93j5pn0035uz3guja0tfco,Antika & Koleksiyon,sifir-urun/sifir-urun-antika-koleksiyon,KEEP,KEEP,,true,,,,0,0,0,6,Active children / structural group still needed — KEEP until children remapped,true,HIGH
cms93j5q50039uz3gnhdqjrvs,Yiyecek & İçecek,sifir-urun/sifir-urun-yiyecek-icecek,ADD_TO_TARGET_TREE,ADD_TO_TARGET_TREE,Market ve Gıda › Yiyecek ve İçecek,true,NEW_PREFERRED,ATTRIBUTE_ONLY,ürün tipi;ağırlık;son kullanma;marka(opsiyonel),0,0,0,4,Kapsam: Market ve Gıda ana kategorisi olarak hedef MD'ye eklenmeli (şimdi eksik),true,MEDIUM
cmsdkecae003huzyc6uys6m47,İş Makineleri,sifir-urun/sifir-urun-is-makinesi,RENAME,RENAME,Endüstriyel ve Ticari Ürünler,true,,,,0,0,0,13,Rename preserveId → Endüstriyel ve Ticari Ürünler,false,HIGH
cmsdkecak003juzycjc0pp98j,Tarım Makineleri,sifir-urun/sifir-urun-tarim-makinesi,RENAME,RENAME,Endüstriyel ve Ticari Ürünler,true,,,,0,0,0,6,Rename preserveId → Endüstriyel ve Ticari Ürünler,false,HIGH
cms93j5ma0029uz3gdtgnknvu,Ev Elektroniği,sifir-urun/sifir-urun-ev-elektronigi,MERGE,MERGE,Elektronik,false,,,,1,0,0,5,Merge into Elektronik — reparent children first,true,HIGH
cms93j5nj002luz3g1ovcvwie,"Saat, Takı & Mücevher",sifir-urun/sifir-urun-saat-taki,ADD_TO_TARGET_TREE,ADD_TO_TARGET_TREE,Moda › Saat ve Takı,true,BOTH,BRAND_MODEL,cinsiyet;malzeme;renk;saat tipi,0,0,0,7,Moda altında Saat ve Takı ara kategori — ADD (akıllı saat Elektronik'te kalır),true,MEDIUM
cms93j5nq002nuz3g1h9mrras,Kişisel Bakım & Kozmetik,sifir-urun/sifir-urun-kisisel-bakim,RENAME,RENAME,Kozmetik ve Kişisel Bakım,true,,,,0,0,0,7,Rename preserveId → Kozmetik ve Kişisel Bakım,false,HIGH
cms93j5ny002puz3ghofscas0,Anne & Bebek,sifir-urun/sifir-urun-anne-bebek,MOVE,MOVE,"Anne, Bebek ve Çocuk",true,,,,0,0,0,8,"Move preserveId → Anne, Bebek ve Çocuk",false,HIGH
cms93j5oc002tuz3gqj1lq1rr,Bahçe & Yapı Market,sifir-urun/sifir-urun-bahce-yapi-market,RENAME,RENAME,Bahçe ve Yapı,true,,,,0,0,0,9,Rename preserveId → Bahçe ve Yapı,false,HIGH
cms93j5or002xuz3gee4atdma,Hobi & Oyuncak,sifir-urun/sifir-urun-hobi-oyuncak,RENAME,RENAME,Hobi ve Oyun,true,,,,1,0,0,8,Rename preserveId → Hobi ve Oyun,true,HIGH
cms93j5oz002zuz3gnhm3q5gn,"Kitap, Dergi & Film",sifir-urun/sifir-urun-kitap-dergi-film,RENAME,RENAME,"Kitap, Kırtasiye ve Ofis",true,,,,1,0,0,5,"Rename preserveId → Kitap, Kırtasiye ve Ofis",true,HIGH
cmsdkecar003luzyc7d1wqrb7,Sanayi Makineleri,sifir-urun/sifir-urun-sanayi-makinesi,RENAME,RENAME,Endüstriyel ve Ticari Ürünler,true,,,,0,0,0,6,Rename preserveId → Endüstriyel ve Ticari Ürünler,false,HIGH
cms93j5qc003buz3g50apc5vu,Diğer Her Şey,sifir-urun/sifir-urun-diger-alisveris,MANUAL_REVIEW,KEEP,,true,BOTH,ATTRIBUTE_ONLY,,0,0,0,1,Catch-all policy bucket — KEEP as POLICY_ONLY until listings drained,true,HIGH
cmsg3xh91008fuzdc774prz92,Fotoğraf Makinesi,sifir-urun/elektronik/fotograf-ve-kamera/fotograf-kamera/fotograf-makinesi,MANUAL_REVIEW,RENAME,"Elektronik › Televizyon, Görüntü ve Ses › Fotoğraf ve Video › Dijital Fotoğraf Makinesi",true,,,,0,0,0,0,Alias/rename to digital camera leaf,false,MEDIUM
cmsg3xh9u008nuzdcn9mpo67o,Tripod & Aksesuar,sifir-urun/elektronik/fotograf-ve-kamera/fotograf-kamera/tripod-aksesuar,SPLIT,SPLIT,,false,,,,0,0,0,0,Compound — see split rules; no auto archive,true,HIGH
cmsg3xh5d007luzdc8wcf168q,Nem Alma & Hava Temizleyici,sifir-urun/sifir-urun-ev-elektronigi/nem-alici,MANUAL_REVIEW,SPLIT,Ev Aletleri › Küçük Ev Aletleri › Hava Kalitesi › Nem Alma Cihazı | Ev Aletleri › Küçük Ev Aletleri › Hava Kalitesi › Hava Temizleyici,true,,,,0,0,0,0,Compound hava — split,true,MEDIUM
cmsg3xh5j007nuzdcxy5fxy14,Dikiş & Ütü Makinesi,sifir-urun/sifir-urun-ev-elektronigi/utu-makinesi,MANUAL_REVIEW,SPLIT,Ev Aletleri › Küçük Ev Aletleri › Ütü ve Dikiş › Ütü | … › Dikiş Makinesi,true,,,,0,0,0,0,Compound ütü/dikiş,true,MEDIUM
cmsg3xh5t007puzdcry188nlg,Su Arıtma,sifir-urun/sifir-urun-ev-elektronigi/su-aritma,RENAME,RENAME,Mutfak ve Sofra › Su Arıtma,true,,,,0,0,0,0,Rename preserveId → Mutfak ve Sofra › Su Arıtma,false,HIGH
cmsg3xhv900cbuzdcisdc2s26,Takı Seti,sifir-urun/sifir-urun-saat-taki/set-taki,ADD_TO_TARGET_TREE,ADD_TO_TARGET_TREE,Moda › Saat ve Takı › Takı › Takı Seti,true,BOTH,ATTRIBUTE_ONLY,malzeme;renk;set içeriği,0,0,0,0,Takı leaf — ADD under Moda,true,MEDIUM
cmsg3xiem00fpuzdckq3kn6k7,El Aleti & Takım,sifir-urun/sifir-urun-bahce-yapi-market/el-aleti,ADD_TO_TARGET_TREE,MOVE_EXISTING,Bahçe ve Yapı › El Aletleri › El Aleti ve Takım,true,BOTH,BRAND_MODEL,güç;voltaj;set adedi;kullanım alanı,0,0,0,0,El aleti Moda değil — Bahçe ve Yapı; ADD veya MOVE existing,false,MEDIUM
cmsg3xiat00evuzdcfoa0iohd,Perde & Stor,sifir-urun/ev-ve-yasam/ev-dekorasyon-mobilya/ev-dekorasyon/perde,MANUAL_REVIEW,RENAME,Ev ve Yaşam › Ev Tekstili › Salon Tekstili › Stor Perde,true,,,,0,0,0,0,Prefer Stor Perde; perde variants may need sibling creates,false,MEDIUM
cmsg3xij600gnuzdc31ls39f2,Kamp & Outdoor,sifir-urun/spor-outdoor/spor-urunleri/spor-outdoor/kamp-outdoor,MOVE,MOVE,Spor ve Outdoor › Outdoor ve Kamp,true,,,,0,0,0,0,Move preserveId → Spor ve Outdoor › Outdoor ve Kamp,false,HIGH
cmsg3xiw100jfuzdclktt1rvs,Aksesuar & Nota,sifir-urun/sifir-urun-muzik/muzik-aksesuar,SPLIT,SPLIT,,false,,,,0,0,0,0,Compound — see split rules; no auto archive,true,HIGH
cmsg3xj5y00lhuzdc0zensn61,Gıda,sifir-urun/sifir-urun-yiyecek-icecek/gida,ADD_TO_TARGET_TREE,ADD_TO_TARGET_TREE,Market ve Gıda › Yiyecek › Gıda,true,NEW_ONLY,ATTRIBUTE_ONLY,ağırlık;içerik;skt;saklama,0,0,0,0,Yiyecek altında Gıda leaf/group — ADD,true,MEDIUM
cmsg3xj6800ljuzdcca30zr9t,İçecek,sifir-urun/sifir-urun-yiyecek-icecek/icecek,ADD_TO_TARGET_TREE,ADD_TO_TARGET_TREE,Market ve Gıda › İçecek,true,NEW_ONLY,ATTRIBUTE_ONLY,hacim;tip(su/gazlı/sıcak);skt,0,0,0,0,İçecek ayrı group — ADD,true,MEDIUM
cmsg3xk6300nruzdcgr2yfhh4,Diğer Tarım Makinesi,sifir-urun/sifir-urun-tarim-makinesi/diger-tarim,MOVE,MOVE,Endüstriyel ve Ticari Ürünler › …,true,,,,0,0,0,0,Move preserveId → Endüstriyel ve Ticari Ürünler › …,false,HIGH
cmsg3xkk200ofuzdcdcb07841,Diğer Sanayi,sifir-urun/sifir-urun-sanayi-makinesi/diger-sanayi,MOVE,MOVE,Endüstriyel ve Ticari Ürünler › …,true,,,,0,0,0,0,Move preserveId → Endüstriyel ve Ticari Ürünler › …,false,HIGH
cmsg3xh7l0083uzdcqmff5pvf,"Kol, Kulaklık & Aksesuar",sifir-urun/elektronik/oyun-ve-konsol/oyun-konsol/konsol-aksesuar,SPLIT,SPLIT,,false,,,,0,0,0,0,Compound — see split rules; no auto archive,true,HIGH
cmsg4wp2n0023uzxw8u4sgot9,Fotoğraf ve Kamera,sifir-urun/elektronik/fotograf-ve-kamera,KEEP,KEEP,,true,,,,0,0,0,5,Active children / structural group still needed — KEEP until children remapped,true,HIGH
cms93j5m20027uz3g910o9sc3,Elektrikli Ev Aletleri,sifir-urun/ev-aletleri/kucuk-ev-aletleri/elektrikli-ev-aletleri,MANUAL_REVIEW,MERGE,Ev Aletleri,true,,,,3,0,0,11,Legacy wrapper → Ev Aletleri,true,MEDIUM
cmsg3xh350073uzdcy4uxrfah,Airfryer,sifir-urun/ev-aletleri/kucuk-ev-aletleri/elektrikli-ev-aletleri/airfryer,RENAME,RENAME,Mutfak ve Sofra › Pişirme › Elektrikli Pişirme › Airfryer,true,,,,0,0,0,0,Rename preserveId → Mutfak ve Sofra › Pişirme › Elektrikli Pişirme › Airfryer,false,HIGH
cmsg4wp8w002fuzxwt18nv883,Ev Dekorasyon & Mobilya,sifir-urun/ev-ve-yasam/ev-dekorasyon-mobilya,KEEP,KEEP,,true,,,,1,0,0,8,Active children / structural group still needed — KEEP until children remapped,true,HIGH
cmsg4wpb0002ruzxwe7r6a6gk,Giyim & Aksesuar,sifir-urun/moda/giyim-aksesuar,KEEP,KEEP,,true,,,,0,0,0,13,Active children / structural group still needed — KEEP until children remapped,true,HIGH
cmsg4wpdh002vuzxwh2lo3l0x,Bisiklet,sifir-urun/spor-outdoor/bisiklet,RENAME,RENAME,Spor ve Outdoor › Bisiklet,true,,,,0,0,0,1,Rename preserveId → Spor ve Outdoor › Bisiklet,false,MEDIUM
cmsg4wpdw002zuzxwynzc4p9m,Spor Ürünleri,sifir-urun/spor-outdoor/spor-urunleri,KEEP,KEEP,,true,,,,0,0,0,1,Active children / structural group still needed — KEEP until children remapped,true,HIGH
cms93j5oj002vuz3g5py6nixh,Spor & Outdoor,sifir-urun/spor-outdoor/spor-urunleri/spor-outdoor,RENAME,RENAME,Spor ve Outdoor,true,,,,1,0,0,11,Rename preserveId → Spor ve Outdoor,true,HIGH
cmsg4wpau002puzxwuyaikv2b,Tişört,sifir-urun/moda/kadin/tisort,RENAME,RENAME,Moda › Kadın › Üst Giyim › Tişört,true,,,,0,2,6,0,Rename preserveId → Moda › Kadın › Üst Giyim › Tişört,true,HIGH
cmsg3xhj500aluzdcziy977zl,Tişört,sifir-urun/moda/giyim-aksesuar/giyim-aksesuar/tisort,RENAME,RENAME,Moda › Kadın › Üst Giyim › Tişört,true,,,,0,0,0,0,Rename preserveId → Moda › Kadın › Üst Giyim › Tişört,false,HIGH
