targetPath,candidateCategoryId,candidatePath,similarityScore,semanticMatch,relationCounts,finalDecision,preserveId,reason,reviewerRequired,confidence
Elektronik › Telefon ve Aksesuar › Telefon Aksesuarları › Kablosuz Şarj Cihazı,cmsg3xg3m001huzdc7fdghxgl,sifir-urun/elektronik/telefon-ve-aksesuar/cep-telefonu/sarj-cihazi,0.667,false,L:0|P:0|O:0|B:30|A:7|M:0|C:0,CREATE_NEW_CONFIRMED,false,MEDIUM weak/ambiguous — safer to CREATE_NEW under target parent than force merge,false,MEDIUM
Elektronik › Telefon ve Aksesuar › Telefon Aksesuarları › Powerbank,cmsg3xg1y0013uzdcn3no2nil,sifir-urun/elektronik/telefon-ve-aksesuar/cep-telefonu/sarj-powerbank,1.000,true,L:0|P:0|O:0|B:30|A:7|M:0|C:0,SPLIT_EXISTING,false,Powerbank leaf vs Şarj & Powerbank compound — split,true,EXACT
Elektronik › Telefon ve Aksesuar › Telefon Aksesuarları › Bluetooth Kulaklık,cmsg3xg1g0011uzdcfo9uiwzh,sifir-urun/elektronik/telefon-ve-aksesuar/cep-telefonu/kulaklik,1.000,true,L:0|P:0|O:0|B:30|A:7|M:0|C:0,RENAME_EXISTING,true,Kulaklık & Bluetooth → Bluetooth Kulaklık rename + path move,false,EXACT
Elektronik › Telefon ve Aksesuar › Telefon Aksesuarları › Telefon Yedek Parça,cmsg3xg4p001nuzdcfo07dap1,sifir-urun/elektronik/telefon-ve-aksesuar/cep-telefonu/telefon-yedek-parca,0.600,false,L:0|P:0|O:0|B:30|A:7|M:0|C:0,CREATE_NEW_CONFIRMED,false,MEDIUM weak/ambiguous — safer to CREATE_NEW under target parent than force merge,false,MEDIUM
Elektronik › Telefon ve Aksesuar › İletişim Cihazları › Telsiz,cmsg3xhcq0099uzdcuueznmxr,sifir-urun/sifir-urun-teknik-elektronik/telsiz-haberlesme,0.600,true,L:0|P:0|O:0|B:10|A:1|M:0|C:0,SPLIT_EXISTING,false,target 'Telsiz' is a part of compound DB node 'Telsiz & Haberleşme' — split; do not create orphan duplicate without split plan,true,MEDIUM
Elektronik › Bilgisayar ve Tablet › Bilgisayar › Dizüstü Bilgisayar,cmsg3xgb4002fuzdc9803rtxy,sifir-urun/elektronik/bilgisayar-ve-tablet/bilgisayar/dizustu,1.000,true,L:0|P:0|O:0|B:24|A:5|M:0|C:0,RENAME_EXISTING,true,exact/near main or group node — rename/reuse id cmsg3xgb4002fuzdc9803rtxy → 'Elektronik › Bilgisayar ve Tablet › Bilgisayar › Dizüstü Bilgisayar',false,HIGH
Elektronik › Bilgisayar ve Tablet › Bilgisayar Çevre Birimleri › Klavye,cmsg3xgg9002tuzdctxioz346,sifir-urun/elektronik/bilgisayar-ve-tablet/bilgisayar/cevre-birimi,0.600,false,L:0|P:0|O:0|B:24|A:5|M:0|C:0,CREATE_NEW_CONFIRMED,false,MEDIUM weak/ambiguous — safer to CREATE_NEW under target parent than force merge,false,MEDIUM
Elektronik › Bilgisayar ve Tablet › Bilgisayar Çevre Birimleri › Mouse,cmsg3xgg9002tuzdctxioz346,sifir-urun/elektronik/bilgisayar-ve-tablet/bilgisayar/cevre-birimi,0.600,false,L:0|P:0|O:0|B:24|A:5|M:0|C:0,CREATE_NEW_CONFIRMED,false,MEDIUM weak/ambiguous — safer to CREATE_NEW under target parent than force merge,false,MEDIUM
Elektronik › Bilgisayar ve Tablet › Bilgisayar Çevre Birimleri › Kulaklık,cmsg3xg1g0011uzdcfo9uiwzh,sifir-urun/elektronik/telefon-ve-aksesuar/cep-telefonu/kulaklik,0.600,false,L:0|P:0|O:0|B:30|A:7|M:0|C:0,CREATE_NEW_CONFIRMED,false,name similarity across different taxonomy branches — create under target parent,false,MEDIUM
Elektronik › Bilgisayar ve Tablet › Bilgisayar Çevre Birimleri › Yazıcı,cmsg3xgfp002puzdcg7jmoiov,sifir-urun/elektronik/bilgisayar-ve-tablet/bilgisayar/yazici-tarayici,1.000,true,L:0|P:0|O:0|B:24|A:5|M:0|C:0,SPLIT_EXISTING,false,target 'Yazıcı' is a part of compound DB node 'Yazıcı & Tarayıcı' — split; do not create orphan duplicate without split plan,true,EXACT
Elektronik › Bilgisayar ve Tablet › Ağ ve İnternet › Modem,cmsg3xggl002vuzdc797cj1tk,sifir-urun/elektronik/bilgisayar-ve-tablet/bilgisayar/network,0.600,true,L:0|P:0|O:0|B:24|A:5|M:0|C:0,SPLIT_EXISTING,false,target 'Modem' is a part of compound DB node 'Network & Modem' — split; do not create orphan duplicate without split plan,true,MEDIUM
"Elektronik › Televizyon, Görüntü ve Ses",cmsg4wp1h0021uzxwh40ko79d,sifir-urun/elektronik/tv-goruntu-ve-ses,1.000,true,L:1|P:0|O:0|B:19|A:3|M:0|C:6,RENAME_EXISTING,true,"TV group rename to Televizyon, Görüntü ve Ses",true,EXACT
"Elektronik › Televizyon, Görüntü ve Ses › Ses Sistemleri › Soundbar",cmsg3xgmm003puzdcielhsi13,sifir-urun/elektronik/tv-goruntu-ve-ses/tv-goruntu-ses/ses-sistemi,0.600,true,L:0|P:0|O:0|B:19|A:3|M:0|C:0,SPLIT_EXISTING,false,target 'Soundbar' is a part of compound DB node 'Ses Sistemi & Soundbar' — split; do not create orphan duplicate without split plan,true,MEDIUM
"Elektronik › Televizyon, Görüntü ve Ses › Ses Sistemleri › Ev Sinema Sistemi",cmsg3xgmy003ruzdcokrcyx4b,sifir-urun/elektronik/tv-goruntu-ve-ses/tv-goruntu-ses/ev-sinemasi,1.000,true,L:0|P:0|O:0|B:19|A:3|M:0|C:0,RENAME_EXISTING,true,Ev Sineması → Ev Sinema Sistemi,false,EXACT
"Elektronik › Televizyon, Görüntü ve Ses › Ses Sistemleri › Amfi",cmsg3xivr00jduzdcpr0k8nwz,sifir-urun/sifir-urun-muzik/ampli-efekt,0.600,false,L:0|P:0|O:0|B:13|A:1|M:0|C:0,CREATE_NEW_CONFIRMED,false,name similarity across different taxonomy branches — create under target parent,false,MEDIUM
"Elektronik › Televizyon, Görüntü ve Ses › Kulaklık",cmsg3xg1g0011uzdcfo9uiwzh,sifir-urun/elektronik/telefon-ve-aksesuar/cep-telefonu/kulaklik,0.600,false,L:0|P:0|O:0|B:30|A:7|M:0|C:0,CREATE_NEW_CONFIRMED,false,name similarity across different taxonomy branches — create under target parent,false,MEDIUM
"Elektronik › Televizyon, Görüntü ve Ses › Fotoğraf ve Video › Dijital Fotoğraf Makinesi",cmsg3xh91008fuzdc774prz92,sifir-urun/elektronik/fotograf-ve-kamera/fotograf-kamera/fotograf-makinesi,0.667,false,L:0|P:0|O:0|B:11|A:2|M:0|C:0,CREATE_NEW_CONFIRMED,false,MEDIUM weak/ambiguous — safer to CREATE_NEW under target parent than force merge,false,MEDIUM
"Elektronik › Televizyon, Görüntü ve Ses › Fotoğraf ve Video › Tripod",cmsg3xh9u008nuzdcn9mpo67o,sifir-urun/elektronik/fotograf-ve-kamera/fotograf-kamera/tripod-aksesuar,0.600,true,L:0|P:0|O:0|B:11|A:2|M:0|C:0,SPLIT_EXISTING,false,target 'Tripod' is a part of compound DB node 'Tripod & Aksesuar' — split; do not create orphan duplicate without split plan,true,MEDIUM
Elektronik › Oyun ve Konsol › Oyun Konsolu › Retro Oyun Konsolu,cmsg3xh77007zuzdc524lrki2,sifir-urun/elektronik/oyun-ve-konsol/oyun-konsol/konsol,0.667,false,L:0|P:0|O:0|B:8|A:2|M:0|C:0,CREATE_NEW_CONFIRMED,false,MEDIUM weak/ambiguous — safer to CREATE_NEW under target parent than force merge,false,MEDIUM
Elektronik › Akıllı Ev ve Güvenlik › Enerji ve Güç › Solar Şarj Cihazı,cmsg3xg3m001huzdc7fdghxgl,sifir-urun/elektronik/telefon-ve-aksesuar/cep-telefonu/sarj-cihazi,0.667,false,L:0|P:0|O:0|B:30|A:7|M:0|C:0,CREATE_NEW_CONFIRMED,false,name similarity across different taxonomy branches — create under target parent,false,MEDIUM
Ev Aletleri › Beyaz Eşya › Çamaşır Bakımı › Kurutmalı Çamaşır Makinesi,cmsg3xgtp0051uzdc0u6fpuz1,sifir-urun/ev-aletleri/beyaz-esya/beyaz-esya/camasir-makinesi,0.667,false,L:0|P:0|O:0|B:29|A:8|M:0|C:0,CREATE_NEW_CONFIRMED,false,MEDIUM weak/ambiguous — safer to CREATE_NEW under target parent than force merge,false,MEDIUM
Ev Aletleri › Beyaz Eşya › Bulaşık ve Mutfak › Ankastre Bulaşık Makinesi,cmsg3xgtz0053uzdc41141s2x,sifir-urun/ev-aletleri/beyaz-esya/beyaz-esya/bulasik-makinesi,0.667,false,L:0|P:0|O:0|B:29|A:8|M:0|C:0,CREATE_NEW_CONFIRMED,false,MEDIUM weak/ambiguous — safer to CREATE_NEW under target parent than force merge,false,MEDIUM
Ev Aletleri › Beyaz Eşya › Pişirme › Fırın,cmsg3xguk0057uzdckk84z04k,sifir-urun/ev-aletleri/beyaz-esya/beyaz-esya/firin-ocak,0.600,true,L:0|P:0|O:0|B:29|A:8|M:0|C:0,SPLIT_EXISTING,false,target 'Fırın' is a part of compound DB node 'Fırın & Ocak' — split; do not create orphan duplicate without split plan,true,MEDIUM
Ev Aletleri › Beyaz Eşya › Pişirme › Ocak,cmsg3xguk0057uzdckk84z04k,sifir-urun/ev-aletleri/beyaz-esya/beyaz-esya/firin-ocak,0.600,true,L:0|P:0|O:0|B:29|A:8|M:0|C:0,SPLIT_EXISTING,false,target 'Ocak' is a part of compound DB node 'Fırın & Ocak' — split; do not create orphan duplicate without split plan,true,MEDIUM
Ev Aletleri › Beyaz Eşya › İklimlendirme › Isıtıcı,cmsg3xh54007juzdcu4xw1fg8,sifir-urun/sifir-urun-ev-elektronigi/isiticilar,0.600,true,L:0|P:0|O:0|B:7|A:1|M:0|C:0,SPLIT_EXISTING,false,target 'Isıtıcı' is a part of compound DB node 'Isıtıcı & Fan' — split; do not create orphan duplicate without split plan,true,MEDIUM
Ev Aletleri › Beyaz Eşya › İklimlendirme › Kombi,cmsg3xgv7005duzdc7yd6gsvx,sifir-urun/ev-aletleri/beyaz-esya/beyaz-esya/kombi-termosifon,0.600,true,L:0|P:0|O:0|B:29|A:8|M:0|C:0,SPLIT_EXISTING,false,target 'Kombi' is a part of compound DB node 'Kombi & Termosifon' — split; do not create orphan duplicate without split plan,true,MEDIUM
Ev Aletleri › Beyaz Eşya › İklimlendirme › Termosifon,cmsg3xgv7005duzdc7yd6gsvx,sifir-urun/ev-aletleri/beyaz-esya/beyaz-esya/kombi-termosifon,0.600,true,L:0|P:0|O:0|B:29|A:8|M:0|C:0,SPLIT_EXISTING,false,target 'Termosifon' is a part of compound DB node 'Kombi & Termosifon' — split; do not create orphan duplicate without split plan,true,MEDIUM
Ev Aletleri › Küçük Ev Aletleri › Ütü ve Dikiş,cmsg3xh5j007nuzdcxy5fxy14,sifir-urun/sifir-urun-ev-elektronigi/utu-makinesi,0.750,true,L:0|P:0|O:0|B:7|A:1|M:0|C:0,USE_EXISTING_ID,true,MEDIUM empty same-family node — prefer reuse over create,true,MEDIUM
Ev Aletleri › Küçük Ev Aletleri › Hava Kalitesi › Hava Temizleyici,cmsg3xh5d007luzdc8wcf168q,sifir-urun/sifir-urun-ev-elektronigi/nem-alici,0.600,true,L:0|P:0|O:0|B:7|A:1|M:0|C:0,SPLIT_EXISTING,false,target 'Hava Temizleyici' is a part of compound DB node 'Nem Alma & Hava Temizleyici' — split; do not create orphan duplicate without split plan,true,MEDIUM
Mutfak ve Sofra › Hazırlık › Mutfak Robotları › Blender,cmsg3xh1w006tuzdc746ad8e3,sifir-urun/ev-aletleri/kucuk-ev-aletleri/elektrikli-ev-aletleri/blender-mikser,0.600,true,L:0|P:0|O:0|B:28|A:4|M:0|C:0,SPLIT_EXISTING,false,target 'Blender' is a part of compound DB node 'Blender & Mikser' — split; do not create orphan duplicate without split plan,true,MEDIUM
Mutfak ve Sofra › Hazırlık › Mutfak Robotları › Mikser,cmsg3xh1w006tuzdc746ad8e3,sifir-urun/ev-aletleri/kucuk-ev-aletleri/elektrikli-ev-aletleri/blender-mikser,0.600,true,L:0|P:0|O:0|B:28|A:4|M:0|C:0,SPLIT_EXISTING,false,target 'Mikser' is a part of compound DB node 'Blender & Mikser' — split; do not create orphan duplicate without split plan,true,MEDIUM
Mutfak ve Sofra › Hazırlık › Ölçme ve Yardımcılar › Maşa,cmsg3xgbp002huzdcc5tcrs10,sifir-urun/elektronik/bilgisayar-ve-tablet/bilgisayar/masaustu,0.600,false,L:0|P:0|O:0|B:24|A:5|M:0|C:0,CREATE_NEW_CONFIRMED,false,name similarity across different taxonomy branches — create under target parent,false,MEDIUM
Mutfak ve Sofra › İçecek Hazırlama › Kahve,cmsg3xh1m006ruzdc70t2uqd0,sifir-urun/ev-aletleri/kucuk-ev-aletleri/elektrikli-ev-aletleri/kahve-cay,0.600,true,L:0|P:0|O:0|B:28|A:4|M:0|C:0,SPLIT_EXISTING,false,target 'Kahve' is a part of compound DB node 'Kahve & Çay Makinesi' — split; do not create orphan duplicate without split plan,true,MEDIUM
Mutfak ve Sofra › İçecek Hazırlama › Çay ve Sıcak İçecek › Çay Makinesi,cmsg3xh1m006ruzdc70t2uqd0,sifir-urun/ev-aletleri/kucuk-ev-aletleri/elektrikli-ev-aletleri/kahve-cay,0.600,true,L:0|P:0|O:0|B:28|A:4|M:0|C:0,SPLIT_EXISTING,false,target 'Çay Makinesi' is a part of compound DB node 'Kahve & Çay Makinesi' — split; do not create orphan duplicate without split plan,true,MEDIUM
Mutfak ve Sofra › İçecek Hazırlama › Çay ve Sıcak İçecek › Termos,cmsg3xgv7005duzdc7yd6gsvx,sifir-urun/ev-aletleri/beyaz-esya/beyaz-esya/kombi-termosifon,0.600,false,L:0|P:0|O:0|B:29|A:8|M:0|C:0,CREATE_NEW_CONFIRMED,false,MEDIUM weak/ambiguous — safer to CREATE_NEW under target parent than force merge,false,MEDIUM
Mutfak ve Sofra › Su Arıtma › Su Arıtma Ürünleri,cmsg3xh5t007puzdcry188nlg,sifir-urun/sifir-urun-ev-elektronigi/su-aritma,0.667,false,L:0|P:0|O:0|B:7|A:1|M:0|C:0,CREATE_NEW_CONFIRMED,false,MEDIUM weak/ambiguous — safer to CREATE_NEW under target parent than force merge,false,MEDIUM
Ev ve Yaşam › Mobilya › Salon › Konsol,cmsg3xh77007zuzdc524lrki2,sifir-urun/elektronik/oyun-ve-konsol/oyun-konsol/konsol,0.600,false,L:0|P:0|O:0|B:8|A:2|M:0|C:0,CREATE_NEW_CONFIRMED,false,name similarity across different taxonomy branches — create under target parent,false,MEDIUM
Ev ve Yaşam › Mobilya › Yatak Odası › Gardırop,cmsg3xgwl005nuzdcgpl7tkao,sifir-urun/ev-aletleri/beyaz-esya/beyaz-esya/gardirop-tipi,0.600,false,L:0|P:0|O:0|B:29|A:8|M:0|C:0,CREATE_NEW_CONFIRMED,false,MEDIUM weak/ambiguous — safer to CREATE_NEW under target parent than force merge,false,MEDIUM
Ev ve Yaşam › Mobilya › Yemek Odası › Sandalye,cmsg3xi4g00dpuzdcwf1zmmz4,sifir-urun/sifir-urun-anne-bebek/mama-sandalyesi,0.600,false,L:0|P:0|O:0|B:21|A:1|M:0|C:0,CREATE_NEW_CONFIRMED,false,MEDIUM weak/ambiguous — safer to CREATE_NEW under target parent than force merge,false,MEDIUM
Ev ve Yaşam › Mobilya › Yemek Odası › Bank,cmsg3xg1y0013uzdcn3no2nil,sifir-urun/elektronik/telefon-ve-aksesuar/cep-telefonu/sarj-powerbank,0.600,false,L:0|P:0|O:0|B:30|A:7|M:0|C:0,CREATE_NEW_CONFIRMED,false,name similarity across different taxonomy branches — create under target parent,false,MEDIUM
Ev ve Yaşam › Ev Tekstili › Salon Tekstili › Perde,cmsg3xiat00evuzdcfoa0iohd,sifir-urun/ev-ve-yasam/ev-dekorasyon-mobilya/ev-dekorasyon/perde,0.600,true,L:0|P:0|O:0|B:19|A:2|M:0|C:0,SPLIT_EXISTING,false,target 'Perde' is a part of compound DB node 'Perde & Stor' — split; do not create orphan duplicate without split plan,true,MEDIUM
Ev ve Yaşam › Ev Tekstili › Salon Tekstili › Stor Perde,cmsg3xiat00evuzdcfoa0iohd,sifir-urun/ev-ve-yasam/ev-dekorasyon-mobilya/ev-dekorasyon/perde,0.667,false,L:0|P:0|O:0|B:19|A:2|M:0|C:0,CREATE_NEW_CONFIRMED,false,MEDIUM weak/ambiguous — safer to CREATE_NEW under target parent than force merge,false,MEDIUM
Ev ve Yaşam › Dekorasyon,cmsg4wp8w002fuzxwt18nv883,sifir-urun/ev-ve-yasam/ev-dekorasyon-mobilya,0.600,true,L:1|P:0|O:0|B:19|A:2|M:0|C:8,MANUAL_BUSINESS_DECISION,false,MEDIUM match with commercial data — business chooses reuse vs create,true,MEDIUM
Ev ve Yaşam › Dekorasyon › Duvar Dekorasyonu › Tablo,cmsg3xj1800khuzdcn4i0n43y,sifir-urun/sifir-urun-antika-koleksiyon/sanat-eseri,0.600,true,L:0|P:0|O:0|B:1|A:1|M:0|C:0,SPLIT_EXISTING,false,target 'Tablo' is a part of compound DB node 'Tablo & Sanat' — split; do not create orphan duplicate without split plan,true,MEDIUM
Ev ve Yaşam › Dekorasyon › Duvar Dekorasyonu › Ayna,cmsg3xkgr00o7uzdc3jarsh2c,sifir-urun/sifir-urun-sanayi-makinesi/pres-kaynak,0.600,false,L:0|P:0|O:0|B:6|A:1|M:0|C:0,CREATE_NEW_CONFIRMED,false,MEDIUM weak/ambiguous — safer to CREATE_NEW under target parent than force merge,false,MEDIUM
Ev ve Yaşam › Dekorasyon › Halı ve Zemin › Halı,cmsg3xiah00etuzdcqy5qptwd,sifir-urun/ev-ve-yasam/ev-dekorasyon-mobilya/ev-dekorasyon/hali-kilim,0.600,true,L:0|P:0|O:0|B:19|A:2|M:0|C:0,SPLIT_EXISTING,false,target 'Halı' is a part of compound DB node 'Halı & Kilim' — split; do not create orphan duplicate without split plan,true,MEDIUM
Ev ve Yaşam › Dekorasyon › Halı ve Zemin › Kilim,cmsg3xiah00etuzdcqy5qptwd,sifir-urun/ev-ve-yasam/ev-dekorasyon-mobilya/ev-dekorasyon/hali-kilim,0.600,true,L:0|P:0|O:0|B:19|A:2|M:0|C:0,SPLIT_EXISTING,false,target 'Kilim' is a part of compound DB node 'Halı & Kilim' — split; do not create orphan duplicate without split plan,true,MEDIUM
Moda › Kadın › Alt Giyim › Pantolon,cmsg3xhhu00abuzdcpst0lb76,sifir-urun/moda/giyim-aksesuar/giyim-aksesuar/alt-giyim,0.600,true,L:0|P:0|O:0|B:26|A:8|M:0|C:0,SPLIT_EXISTING,false,target 'Pantolon' is a part of compound DB node 'Pantolon & Etek' — split; do not create orphan duplicate without split plan,true,MEDIUM
Moda › Kadın › Alt Giyim › Etek,cmsg3xhhu00abuzdcpst0lb76,sifir-urun/moda/giyim-aksesuar/giyim-aksesuar/alt-giyim,0.600,true,L:0|P:0|O:0|B:26|A:8|M:0|C:0,SPLIT_EXISTING,false,target 'Etek' is a part of compound DB node 'Pantolon & Etek' — split; do not create orphan duplicate without split plan,true,MEDIUM
Moda › Kadın › Alt Giyim › Şort,cmsg4wpah002luzxwa5vgezra,sifir-urun/moda/erkek/tisort,0.600,false,L:0|P:0|O:0|B:26|A:8|M:0|C:0,CREATE_NEW_CONFIRMED,false,MEDIUM weak/ambiguous — safer to CREATE_NEW under target parent than force merge,false,MEDIUM
Moda › Kadın › Dış Giyim › Mont,cmsg3xhhc00a9uzdc398gz2xm,sifir-urun/moda/giyim-aksesuar/giyim-aksesuar/ust-giyim,0.600,false,L:0|P:0|O:0|B:26|A:8|M:0|C:0,CREATE_NEW_CONFIRMED,false,MEDIUM weak/ambiguous — safer to CREATE_NEW under target parent than force merge,false,MEDIUM
Moda › Kadın › Dış Giyim › Kaban,cmsg3xhhc00a9uzdc398gz2xm,sifir-urun/moda/giyim-aksesuar/giyim-aksesuar/ust-giyim,0.600,true,L:0|P:0|O:0|B:26|A:8|M:0|C:0,SPLIT_EXISTING,false,"target 'Kaban' is a part of compound DB node 'Mont, Ceket & Kaban' — split; do not create orphan duplicate without split plan",true,MEDIUM
Moda › Kadın › Dış Giyim › Ceket,cmsg3xhhc00a9uzdc398gz2xm,sifir-urun/moda/giyim-aksesuar/giyim-aksesuar/ust-giyim,0.600,false,L:0|P:0|O:0|B:26|A:8|M:0|C:0,CREATE_NEW_CONFIRMED,false,MEDIUM weak/ambiguous — safer to CREATE_NEW under target parent than force merge,false,MEDIUM
Moda › Kadın › İç Giyim,cmsg3xhil00ahuzdcjltxgunu,sifir-urun/moda/giyim-aksesuar/giyim-aksesuar/ic-giyim,0.600,true,L:0|P:0|O:0|B:26|A:8|M:0|C:0,SPLIT_EXISTING,false,target 'İç Giyim' is a part of compound DB node 'İç Giyim & Pijama' — split; do not create orphan duplicate without split plan,true,MEDIUM
Moda › Kadın › İç Giyim › Pijama,cmsg3xhil00ahuzdcjltxgunu,sifir-urun/moda/giyim-aksesuar/giyim-aksesuar/ic-giyim,0.600,true,L:0|P:0|O:0|B:26|A:8|M:0|C:0,SPLIT_EXISTING,false,target 'Pijama' is a part of compound DB node 'İç Giyim & Pijama' — split; do not create orphan duplicate without split plan,true,MEDIUM
Moda › Erkek › Alt Giyim › Pantolon,cmsg3xhhu00abuzdcpst0lb76,sifir-urun/moda/giyim-aksesuar/giyim-aksesuar/alt-giyim,0.600,true,L:0|P:0|O:0|B:26|A:8|M:0|C:0,SPLIT_EXISTING,false,target 'Pantolon' is a part of compound DB node 'Pantolon & Etek' — split; do not create orphan duplicate without split plan,true,MEDIUM
Moda › Erkek › Alt Giyim › Şort,cmsg4wpah002luzxwa5vgezra,sifir-urun/moda/erkek/tisort,0.600,false,L:0|P:0|O:0|B:26|A:8|M:0|C:0,CREATE_NEW_CONFIRMED,false,MEDIUM weak/ambiguous — safer to CREATE_NEW under target parent than force merge,false,MEDIUM
Moda › Erkek › Takım ve Dış Giyim › Ceket,cmsg3xhhc00a9uzdc398gz2xm,sifir-urun/moda/giyim-aksesuar/giyim-aksesuar/ust-giyim,0.600,false,L:0|P:0|O:0|B:26|A:8|M:0|C:0,CREATE_NEW_CONFIRMED,false,MEDIUM weak/ambiguous — safer to CREATE_NEW under target parent than force merge,false,MEDIUM
Moda › Erkek › Takım ve Dış Giyim › Mont,cmsg3xhhc00a9uzdc398gz2xm,sifir-urun/moda/giyim-aksesuar/giyim-aksesuar/ust-giyim,0.600,false,L:0|P:0|O:0|B:26|A:8|M:0|C:0,CREATE_NEW_CONFIRMED,false,MEDIUM weak/ambiguous — safer to CREATE_NEW under target parent than force merge,false,MEDIUM
Moda › Erkek › Takım ve Dış Giyim › Kaban,cmsg3xhhc00a9uzdc398gz2xm,sifir-urun/moda/giyim-aksesuar/giyim-aksesuar/ust-giyim,0.600,true,L:0|P:0|O:0|B:26|A:8|M:0|C:0,SPLIT_EXISTING,false,"target 'Kaban' is a part of compound DB node 'Mont, Ceket & Kaban' — split; do not create orphan duplicate without split plan",true,MEDIUM
Moda › Erkek › İç Giyim,cmsg3xhil00ahuzdcjltxgunu,sifir-urun/moda/giyim-aksesuar/giyim-aksesuar/ic-giyim,0.600,true,L:0|P:0|O:0|B:26|A:8|M:0|C:0,SPLIT_EXISTING,false,target 'İç Giyim' is a part of compound DB node 'İç Giyim & Pijama' — split; do not create orphan duplicate without split plan,true,MEDIUM
Moda › Erkek › İç Giyim › Pijama,cmsg3xhil00ahuzdcjltxgunu,sifir-urun/moda/giyim-aksesuar/giyim-aksesuar/ic-giyim,0.600,true,L:0|P:0|O:0|B:26|A:8|M:0|C:0,SPLIT_EXISTING,false,target 'Pijama' is a part of compound DB node 'İç Giyim & Pijama' — split; do not create orphan duplicate without split plan,true,MEDIUM
Moda › Ayakkabı,cms93j5nc002juz3g4cu8n2z7,sifir-urun/sifir-urun-ayakkabi-canta,0.600,true,L:1|P:0|O:0|B:20|A:4|M:0|C:7,SPLIT_EXISTING,false,target 'Ayakkabı' is a part of compound DB node 'Ayakkabı & Çanta' — split; do not create orphan duplicate without split plan,true,MEDIUM
Moda › Ayakkabı › Kadın Ayakkabı › Çizme,cmsg3xhnl00bfuzdc46yu1kv0,sifir-urun/sifir-urun-ayakkabi-canta/bot-cizme,0.600,true,L:0|P:0|O:0|B:20|A:4|M:0|C:0,SPLIT_EXISTING,false,target 'Çizme' is a part of compound DB node 'Bot & Çizme' — split; do not create orphan duplicate without split plan,true,MEDIUM
Moda › Çanta ve Aksesuar › Çanta,cms93j5nc002juz3g4cu8n2z7,sifir-urun/sifir-urun-ayakkabi-canta,0.600,true,L:1|P:0|O:0|B:20|A:4|M:0|C:7,SPLIT_EXISTING,false,target 'Çanta' is a part of compound DB node 'Ayakkabı & Çanta' — split; do not create orphan duplicate without split plan,true,MEDIUM
Moda › Çanta ve Aksesuar › Çanta › Cüzdan,cmsg3xhot00bjuzdc6l7jez5s,sifir-urun/sifir-urun-ayakkabi-canta/cuzdan,0.600,true,L:0|P:0|O:0|B:20|A:4|M:0|C:0,SPLIT_EXISTING,false,target 'Cüzdan' is a part of compound DB node 'Cüzdan & Kartlık' — split; do not create orphan duplicate without split plan,true,MEDIUM
Moda › Çanta ve Aksesuar › Çanta › Kartlık,cmsg3xhot00bjuzdc6l7jez5s,sifir-urun/sifir-urun-ayakkabi-canta/cuzdan,0.600,true,L:0|P:0|O:0|B:20|A:4|M:0|C:0,SPLIT_EXISTING,false,target 'Kartlık' is a part of compound DB node 'Cüzdan & Kartlık' — split; do not create orphan duplicate without split plan,true,MEDIUM
Moda › Çanta ve Aksesuar › Aksesuar,cmsg3xg2e0017uzdcsodciep8,sifir-urun/elektronik/telefon-ve-aksesuar/cep-telefonu/diger-aksesuar,0.600,false,L:0|P:0|O:0|B:30|A:7|M:0|C:0,CREATE_NEW_CONFIRMED,false,name similarity across different taxonomy branches — create under target parent,false,MEDIUM
Moda › Çanta ve Aksesuar › Aksesuar › Kemer,cmsg3xhix00ajuzdcfuswu4rw,sifir-urun/moda/giyim-aksesuar/giyim-aksesuar/aksesuar-giyim,0.600,true,L:0|P:0|O:0|B:26|A:8|M:0|C:0,SPLIT_EXISTING,false,"target 'Kemer' is a part of compound DB node 'Şapka, Atkı & Kemer' — split; do not create orphan duplicate without split plan",true,MEDIUM
Moda › Çanta ve Aksesuar › Aksesuar › Şapka,cmsg3xhix00ajuzdcfuswu4rw,sifir-urun/moda/giyim-aksesuar/giyim-aksesuar/aksesuar-giyim,0.600,false,L:0|P:0|O:0|B:26|A:8|M:0|C:0,CREATE_NEW_CONFIRMED,false,MEDIUM weak/ambiguous — safer to CREATE_NEW under target parent than force merge,false,MEDIUM
Moda › Çanta ve Aksesuar › Aksesuar › Atkı,cmsg3xhix00ajuzdcfuswu4rw,sifir-urun/moda/giyim-aksesuar/giyim-aksesuar/aksesuar-giyim,0.600,false,L:0|P:0|O:0|B:26|A:8|M:0|C:0,CREATE_NEW_CONFIRMED,false,MEDIUM weak/ambiguous — safer to CREATE_NEW under target parent than force merge,false,MEDIUM
Moda › Çanta ve Aksesuar › Takı,cms93j5nj002luz3g1ovcvwie,sifir-urun/sifir-urun-saat-taki,0.600,false,L:0|P:0|O:0|B:18|A:2|M:0|C:7,CREATE_NEW_CONFIRMED,false,MEDIUM weak/ambiguous — safer to CREATE_NEW under target parent than force merge,false,MEDIUM
"Anne, Bebek ve Çocuk",cms93j5ny002puz3ghofscas0,sifir-urun/sifir-urun-anne-bebek,1.000,true,L:0|P:0|O:0|B:21|A:1|M:0|C:8,RENAME_EXISTING,true,"exact/near main or group node — rename/reuse id cms93j5ny002puz3ghofscas0 → 'Anne, Bebek ve Çocuk'",false,HIGH
"Anne, Bebek ve Çocuk › Bebek Arabası ve Taşıma › Bebek Arabası › Baston Bebek Arabası",cmsg3xi3y00dluzdcfsac7kp9,sifir-urun/sifir-urun-anne-bebek/bebek-arabasi,0.667,false,L:0|P:0|O:0|B:21|A:1|M:0|C:0,CREATE_NEW_CONFIRMED,false,MEDIUM weak/ambiguous — safer to CREATE_NEW under target parent than force merge,false,MEDIUM
"Anne, Bebek ve Çocuk › Bebek Arabası ve Taşıma › Bebek Arabası › İkiz Bebek Arabası",cmsg3xi3y00dluzdcfsac7kp9,sifir-urun/sifir-urun-anne-bebek/bebek-arabasi,0.667,false,L:0|P:0|O:0|B:21|A:1|M:0|C:0,CREATE_NEW_CONFIRMED,false,MEDIUM weak/ambiguous — safer to CREATE_NEW under target parent than force merge,false,MEDIUM
"Anne, Bebek ve Çocuk › Bebek Arabası ve Taşıma › Bebek Arabası › Jogger Bebek Arabası",cmsg3xi3y00dluzdcfsac7kp9,sifir-urun/sifir-urun-anne-bebek/bebek-arabasi,0.667,false,L:0|P:0|O:0|B:21|A:1|M:0|C:0,CREATE_NEW_CONFIRMED,false,MEDIUM weak/ambiguous — safer to CREATE_NEW under target parent than force merge,false,MEDIUM
"Anne, Bebek ve Çocuk › Bebek Odası › Tekstil",cmsg3xi9200ejuzdclerhgbtd,sifir-urun/ev-ve-yasam/ev-dekorasyon-mobilya/ev-dekorasyon/ev-tekstili,0.600,false,L:0|P:0|O:0|B:19|A:2|M:0|C:0,CREATE_NEW_CONFIRMED,false,MEDIUM weak/ambiguous — safer to CREATE_NEW under target parent than force merge,false,MEDIUM
"Anne, Bebek ve Çocuk › Beslenme",cmsg3xi5g00dxuzdc8oboyx8d,sifir-urun/sifir-urun-anne-bebek/emzirme,0.600,true,L:0|P:0|O:0|B:21|A:1|M:0|C:0,SPLIT_EXISTING,false,target 'Beslenme' is a part of compound DB node 'Emzirme & Beslenme' — split; do not create orphan duplicate without split plan,true,MEDIUM
"Anne, Bebek ve Çocuk › Beslenme › Emzirme",cmsg3xi5g00dxuzdc8oboyx8d,sifir-urun/sifir-urun-anne-bebek/emzirme,0.600,true,L:0|P:0|O:0|B:21|A:1|M:0|C:0,SPLIT_EXISTING,false,target 'Emzirme' is a part of compound DB node 'Emzirme & Beslenme' — split; do not create orphan duplicate without split plan,true,MEDIUM
"Anne, Bebek ve Çocuk › Bakım ve Güvenlik › Bakım",cms93j5nq002nuz3g1h9mrras,sifir-urun/sifir-urun-kisisel-bakim,0.600,false,L:0|P:0|O:0|B:30|A:1|M:0|C:7,CREATE_NEW_CONFIRMED,false,MEDIUM weak/ambiguous — safer to CREATE_NEW under target parent than force merge,false,MEDIUM
"Anne, Bebek ve Çocuk › Bakım ve Güvenlik › Güvenlik",cmsg3xhch0097uzdcjbgb4iw3,sifir-urun/sifir-urun-teknik-elektronik/guvenlik-kamera,0.600,false,L:0|P:0|O:0|B:10|A:1|M:0|C:0,CREATE_NEW_CONFIRMED,false,name similarity across different taxonomy branches — create under target parent,false,MEDIUM
"Anne, Bebek ve Çocuk › Bakım ve Güvenlik › Güvenlik › Telsiz",cmsg3xhcq0099uzdcuueznmxr,sifir-urun/sifir-urun-teknik-elektronik/telsiz-haberlesme,0.600,false,L:0|P:0|O:0|B:10|A:1|M:0|C:0,CREATE_NEW_CONFIRMED,false,name similarity across different taxonomy branches — create under target parent,false,MEDIUM
"Anne, Bebek ve Çocuk › Çocuk Giyim › Kız Çocuk › Pantolon",cmsg3xhhu00abuzdcpst0lb76,sifir-urun/moda/giyim-aksesuar/giyim-aksesuar/alt-giyim,0.600,false,L:0|P:0|O:0|B:26|A:8|M:0|C:0,CREATE_NEW_CONFIRMED,false,name similarity across different taxonomy branches — create under target parent,false,MEDIUM
"Anne, Bebek ve Çocuk › Çocuk Giyim › Kız Çocuk › Etek",cmsg3xhhu00abuzdcpst0lb76,sifir-urun/moda/giyim-aksesuar/giyim-aksesuar/alt-giyim,0.600,false,L:0|P:0|O:0|B:26|A:8|M:0|C:0,CREATE_NEW_CONFIRMED,false,name similarity across different taxonomy branches — create under target parent,false,MEDIUM
"Anne, Bebek ve Çocuk › Çocuk Giyim › Kız Çocuk › Mont",cmsg3xhhc00a9uzdc398gz2xm,sifir-urun/moda/giyim-aksesuar/giyim-aksesuar/ust-giyim,0.600,false,L:0|P:0|O:0|B:26|A:8|M:0|C:0,CREATE_NEW_CONFIRMED,false,name similarity across different taxonomy branches — create under target parent,false,MEDIUM
"Anne, Bebek ve Çocuk › Çocuk Giyim › Kız Çocuk › Pijama",cmsg3xhil00ahuzdcjltxgunu,sifir-urun/moda/giyim-aksesuar/giyim-aksesuar/ic-giyim,0.600,false,L:0|P:0|O:0|B:26|A:8|M:0|C:0,CREATE_NEW_CONFIRMED,false,name similarity across different taxonomy branches — create under target parent,false,MEDIUM
"Anne, Bebek ve Çocuk › Çocuk Giyim › Kız Çocuk › İç Giyim",cmsg3xhil00ahuzdcjltxgunu,sifir-urun/moda/giyim-aksesuar/giyim-aksesuar/ic-giyim,0.600,false,L:0|P:0|O:0|B:26|A:8|M:0|C:0,CREATE_NEW_CONFIRMED,false,name similarity across different taxonomy branches — create under target parent,false,MEDIUM
"Anne, Bebek ve Çocuk › Çocuk Giyim › Erkek Çocuk › Pantolon",cmsg3xhhu00abuzdcpst0lb76,sifir-urun/moda/giyim-aksesuar/giyim-aksesuar/alt-giyim,0.600,false,L:0|P:0|O:0|B:26|A:8|M:0|C:0,CREATE_NEW_CONFIRMED,false,name similarity across different taxonomy branches — create under target parent,false,MEDIUM
"Anne, Bebek ve Çocuk › Çocuk Giyim › Erkek Çocuk › Şort",cmsg4wpah002luzxwa5vgezra,sifir-urun/moda/erkek/tisort,0.600,false,L:0|P:0|O:0|B:26|A:8|M:0|C:0,CREATE_NEW_CONFIRMED,false,name similarity across different taxonomy branches — create under target parent,false,MEDIUM
"Anne, Bebek ve Çocuk › Çocuk Giyim › Erkek Çocuk › Mont",cmsg3xhhc00a9uzdc398gz2xm,sifir-urun/moda/giyim-aksesuar/giyim-aksesuar/ust-giyim,0.600,false,L:0|P:0|O:0|B:26|A:8|M:0|C:0,CREATE_NEW_CONFIRMED,false,name similarity across different taxonomy branches — create under target parent,false,MEDIUM
"Anne, Bebek ve Çocuk › Çocuk Giyim › Erkek Çocuk › Pijama",cmsg3xhil00ahuzdcjltxgunu,sifir-urun/moda/giyim-aksesuar/giyim-aksesuar/ic-giyim,0.600,false,L:0|P:0|O:0|B:26|A:8|M:0|C:0,CREATE_NEW_CONFIRMED,false,name similarity across different taxonomy branches — create under target parent,false,MEDIUM
"Anne, Bebek ve Çocuk › Çocuk Giyim › Erkek Çocuk › İç Giyim",cmsg3xhil00ahuzdcjltxgunu,sifir-urun/moda/giyim-aksesuar/giyim-aksesuar/ic-giyim,0.600,false,L:0|P:0|O:0|B:26|A:8|M:0|C:0,CREATE_NEW_CONFIRMED,false,name similarity across different taxonomy branches — create under target parent,false,MEDIUM
"Anne, Bebek ve Çocuk › Oyuncak",cmsg3xi5700dvuzdc3a9u7zee,sifir-urun/sifir-urun-anne-bebek/oyuncak-bebek,0.600,false,L:0|P:0|O:0|B:21|A:1|M:0|C:0,CREATE_NEW_CONFIRMED,false,MEDIUM weak/ambiguous — safer to CREATE_NEW under target parent than force merge,false,MEDIUM
Kozmetik ve Kişisel Bakım,cms93j5nq002nuz3g1h9mrras,sifir-urun/sifir-urun-kisisel-bakim,1.000,true,L:0|P:0|O:0|B:30|A:1|M:0|C:7,RENAME_EXISTING,true,ana kategori rename — preserve id,false,EXACT
Kozmetik ve Kişisel Bakım › Saç Bakımı › Saç Şekillendirme Cihazları › Saç Kurutma Makinesi,cmsg3xgu60055uzdc4mielfdh,sifir-urun/ev-aletleri/beyaz-esya/beyaz-esya/kurutma-makinesi,0.667,false,L:0|P:0|O:0|B:29|A:8|M:0|C:0,CREATE_NEW_CONFIRMED,false,name similarity across different taxonomy branches — create under target parent,false,MEDIUM
Kozmetik ve Kişisel Bakım › Kişisel Bakım Cihazları › Tıraş,cmsg3xhzf00czuzdcqmfrn5tv,sifir-urun/sifir-urun-kisisel-bakim/tiras-epilasyon,0.600,true,L:0|P:0|O:0|B:30|A:1|M:0|C:0,SPLIT_EXISTING,false,target 'Tıraş' is a part of compound DB node 'Tıraş & Epilasyon' — split; do not create orphan duplicate without split plan,true,MEDIUM
Kozmetik ve Kişisel Bakım › Kişisel Bakım Cihazları › Epilasyon,cmsg3xhzf00czuzdcqmfrn5tv,sifir-urun/sifir-urun-kisisel-bakim/tiras-epilasyon,0.600,true,L:0|P:0|O:0|B:30|A:1|M:0|C:0,SPLIT_EXISTING,false,target 'Epilasyon' is a part of compound DB node 'Tıraş & Epilasyon' — split; do not create orphan duplicate without split plan,true,MEDIUM
Spor ve Outdoor › Fitness,cmsg3xiii00gjuzdc154c9rvm,sifir-urun/spor-outdoor/spor-urunleri/spor-outdoor/fitness,0.600,true,L:0|P:0|O:0|B:25|A:1|M:0|C:0,SPLIT_EXISTING,false,target 'Fitness' is a part of compound DB node 'Fitness & Kondisyon' — split; do not create orphan duplicate without split plan,true,MEDIUM
Spor ve Outdoor › Outdoor ve Kamp,cmsg3xij600gnuzdc31ls39f2,sifir-urun/spor-outdoor/spor-urunleri/spor-outdoor/kamp-outdoor,1.000,true,L:0|P:0|O:0|B:25|A:1|M:0|C:0,RENAME_EXISTING,true,exact/near main or group node — rename/reuse id cmsg3xij600gnuzdc31ls39f2 → 'Spor ve Outdoor › Outdoor ve Kamp',false,HIGH
Spor ve Outdoor › Outdoor ve Kamp › Kamp,cmsg3xij600gnuzdc31ls39f2,sifir-urun/spor-outdoor/spor-urunleri/spor-outdoor/kamp-outdoor,0.600,true,L:0|P:0|O:0|B:25|A:1|M:0|C:0,SPLIT_EXISTING,false,target 'Kamp' is a part of compound DB node 'Kamp & Outdoor' — split; do not create orphan duplicate without split plan,true,MEDIUM
Hobi ve Oyun,cms93j5or002xuz3gee4atdma,sifir-urun/sifir-urun-hobi-oyuncak,1.000,true,L:1|P:0|O:0|B:16|A:1|M:0|C:8,RENAME_EXISTING,true,ana kategori rename — preserve id,false,EXACT
Hobi ve Oyun › Müzik Aletleri › Müzik Aksesuarları › Amfi,cmsg3xivr00jduzdcpr0k8nwz,sifir-urun/sifir-urun-muzik/ampli-efekt,0.600,false,L:0|P:0|O:0|B:13|A:1|M:0|C:0,CREATE_NEW_CONFIRMED,false,name similarity across different taxonomy branches — create under target parent,false,MEDIUM
Hobi ve Oyun › Müzik Aletleri › Müzik Aksesuarları › Kılıf,cmsg3xg250015uzdcac1tp3f4,sifir-urun/elektronik/telefon-ve-aksesuar/cep-telefonu/kilif-aksesuar,0.600,false,L:0|P:0|O:0|B:30|A:7|M:0|C:0,CREATE_NEW_CONFIRMED,false,name similarity across different taxonomy branches — create under target parent,false,MEDIUM
Hobi ve Oyun › Oyun ve Eğlence › Koleksiyon,cms93j5pn0035uz3guja0tfco,sifir-urun/sifir-urun-antika-koleksiyon,0.600,true,L:0|P:0|O:0|B:1|A:1|M:0|C:6,SPLIT_EXISTING,false,target 'Koleksiyon' is a part of compound DB node 'Antika & Koleksiyon' — split; do not create orphan duplicate without split plan,true,MEDIUM
Hobi ve Oyun › Oyun ve Eğlence › Koleksiyon › Figür,cmsg3xint00hpuzdc2gnpn0a9,sifir-urun/sifir-urun-hobi-oyuncak/koleksiyon-figur,0.600,true,L:0|P:0|O:0|B:16|A:1|M:0|C:0,SPLIT_EXISTING,false,target 'Figür' is a part of compound DB node 'Figür & Koleksiyon' — split; do not create orphan duplicate without split plan,true,MEDIUM
"Kitap, Kırtasiye ve Ofis",cms93j5pg0033uz3gj3ie66g7,sifir-urun/sifir-urun-ofis-kirtasiye,1.000,true,L:1|P:0|O:0|B:13|A:1|M:0|C:4,RENAME_EXISTING,true,ana kategori rename — preserve id,false,EXACT
"Kitap, Kırtasiye ve Ofis › Kitap › Eğitim › Ders Kitabı",cmsg3xiqu00iduzdceexrp97a,sifir-urun/sifir-urun-kitap-dergi-film/ders-kitabi,0.600,true,L:0|P:0|O:0|B:9|A:1|M:0|C:0,SPLIT_EXISTING,false,target 'Ders Kitabı' is a part of compound DB node 'Ders Kitabı & Sınav' — split; do not create orphan duplicate without split plan,true,MEDIUM
"Kitap, Kırtasiye ve Ofis › Kitap › Hobi ve Yaşam › Sanat",cmsg3xj1800khuzdcn4i0n43y,sifir-urun/sifir-urun-antika-koleksiyon/sanat-eseri,0.600,true,L:0|P:0|O:0|B:1|A:1|M:0|C:0,SPLIT_EXISTING,false,target 'Sanat' is a part of compound DB node 'Tablo & Sanat' — split; do not create orphan duplicate without split plan,true,MEDIUM
"Kitap, Kırtasiye ve Ofis › Ofis",cms93j5pg0033uz3gj3ie66g7,sifir-urun/sifir-urun-ofis-kirtasiye,0.600,true,L:1|P:0|O:0|B:13|A:1|M:0|C:4,SPLIT_EXISTING,false,target 'Ofis' is a part of compound DB node 'Ofis & Kırtasiye' — split; do not create orphan duplicate without split plan,true,MEDIUM
"Kitap, Kırtasiye ve Ofis › Ofis › Ofis Makineleri",cmsdkecae003huzyc6uys6m47,sifir-urun/sifir-urun-is-makinesi,0.600,false,L:0|P:0|O:0|B:9|A:1|M:0|C:13,CREATE_NEW_CONFIRMED,false,MEDIUM weak/ambiguous — safer to CREATE_NEW under target parent than force merge,false,MEDIUM
"Kitap, Kırtasiye ve Ofis › Ofis › Ofis Makineleri › Yazıcı",cmsg3xgfp002puzdcg7jmoiov,sifir-urun/elektronik/bilgisayar-ve-tablet/bilgisayar/yazici-tarayici,1.000,false,L:0|P:0|O:0|B:24|A:5|M:0|C:0,CREATE_NEW_CONFIRMED,false,name similarity across different taxonomy branches — create under target parent,false,EXACT
"Kitap, Kırtasiye ve Ofis › Ofis › Ofis Sarf › Toner",cmsg3xixx00jtuzdcpyc3m3p4,sifir-urun/sifir-urun-ofis-kirtasiye/yazici-malzeme,0.600,true,L:0|P:0|O:0|B:13|A:1|M:0|C:0,SPLIT_EXISTING,false,target 'Toner' is a part of compound DB node 'Toner & Kartuş' — split; do not create orphan duplicate without split plan,true,MEDIUM
"Kitap, Kırtasiye ve Ofis › Ofis › Ofis Sarf › Kartuş",cmsg3xixx00jtuzdcpyc3m3p4,sifir-urun/sifir-urun-ofis-kirtasiye/yazici-malzeme,0.600,true,L:0|P:0|O:0|B:13|A:1|M:0|C:0,SPLIT_EXISTING,false,target 'Kartuş' is a part of compound DB node 'Toner & Kartuş' — split; do not create orphan duplicate without split plan,true,MEDIUM
"Kitap, Kırtasiye ve Ofis › Ofis › Ofis Sarf › Dosya",cmsg3xiy400jvuzdcxktlvgtr,sifir-urun/sifir-urun-ofis-kirtasiye/organizasyon,0.600,false,L:0|P:0|O:0|B:13|A:1|M:0|C:0,CREATE_NEW_CONFIRMED,false,MEDIUM weak/ambiguous — safer to CREATE_NEW under target parent than force merge,false,MEDIUM
Pet Shop › Kedi,cmsg3xj3j00kzuzdcbkeavz0e,sifir-urun/sifir-urun-pet-shop/kedi,0.600,false,L:0|P:0|O:0|B:12|A:1|M:0|C:0,CREATE_NEW_CONFIRMED,false,MEDIUM weak/ambiguous — safer to CREATE_NEW under target parent than force merge,false,MEDIUM
Pet Shop › Kedi › Beslenme,cmsg3xi5g00dxuzdc8oboyx8d,sifir-urun/sifir-urun-anne-bebek/emzirme,0.600,true,L:0|P:0|O:0|B:21|A:1|M:0|C:0,SPLIT_EXISTING,false,target 'Beslenme' is a part of compound DB node 'Emzirme & Beslenme' — split; do not create orphan duplicate without split plan,true,MEDIUM
Pet Shop › Kedi › Bakım,cms93j5nq002nuz3g1h9mrras,sifir-urun/sifir-urun-kisisel-bakim,0.600,false,L:0|P:0|O:0|B:30|A:1|M:0|C:7,CREATE_NEW_CONFIRMED,false,MEDIUM weak/ambiguous — safer to CREATE_NEW under target parent than force merge,false,MEDIUM
Pet Shop › Kedi › Aksesuar,cmsg3xg2e0017uzdcsodciep8,sifir-urun/elektronik/telefon-ve-aksesuar/cep-telefonu/diger-aksesuar,0.600,false,L:0|P:0|O:0|B:30|A:7|M:0|C:0,CREATE_NEW_CONFIRMED,false,name similarity across different taxonomy branches — create under target parent,false,MEDIUM
Pet Shop › Kedi › Aksesuar › Oyuncak,cmsg3xi5700dvuzdc3a9u7zee,sifir-urun/sifir-urun-anne-bebek/oyuncak-bebek,0.600,false,L:0|P:0|O:0|B:21|A:1|M:0|C:0,CREATE_NEW_CONFIRMED,false,MEDIUM weak/ambiguous — safer to CREATE_NEW under target parent than force merge,false,MEDIUM
Pet Shop › Köpek,cmsg3xj3d00kxuzdcrmf1hgay,sifir-urun/sifir-urun-pet-shop/kopek,0.600,false,L:0|P:0|O:0|B:12|A:1|M:0|C:0,CREATE_NEW_CONFIRMED,false,MEDIUM weak/ambiguous — safer to CREATE_NEW under target parent than force merge,false,MEDIUM
Pet Shop › Köpek › Beslenme,cmsg3xi5g00dxuzdc8oboyx8d,sifir-urun/sifir-urun-anne-bebek/emzirme,0.600,true,L:0|P:0|O:0|B:21|A:1|M:0|C:0,SPLIT_EXISTING,false,target 'Beslenme' is a part of compound DB node 'Emzirme & Beslenme' — split; do not create orphan duplicate without split plan,true,MEDIUM
Pet Shop › Köpek › Bakım,cms93j5nq002nuz3g1h9mrras,sifir-urun/sifir-urun-kisisel-bakim,0.600,false,L:0|P:0|O:0|B:30|A:1|M:0|C:7,CREATE_NEW_CONFIRMED,false,MEDIUM weak/ambiguous — safer to CREATE_NEW under target parent than force merge,false,MEDIUM
Pet Shop › Köpek › Aksesuar,cmsg3xg2e0017uzdcsodciep8,sifir-urun/elektronik/telefon-ve-aksesuar/cep-telefonu/diger-aksesuar,0.600,false,L:0|P:0|O:0|B:30|A:7|M:0|C:0,CREATE_NEW_CONFIRMED,false,name similarity across different taxonomy branches — create under target parent,false,MEDIUM
Pet Shop › Köpek › Aksesuar › Oyuncak,cmsg3xi5700dvuzdc3a9u7zee,sifir-urun/sifir-urun-anne-bebek/oyuncak-bebek,0.600,false,L:0|P:0|O:0|B:21|A:1|M:0|C:0,CREATE_NEW_CONFIRMED,false,MEDIUM weak/ambiguous — safer to CREATE_NEW under target parent than force merge,false,MEDIUM
Pet Shop › Kuş ve Kemirgen › Kuş › Oyuncak,cmsg3xi5700dvuzdc3a9u7zee,sifir-urun/sifir-urun-anne-bebek/oyuncak-bebek,0.600,false,L:0|P:0|O:0|B:21|A:1|M:0|C:0,CREATE_NEW_CONFIRMED,false,MEDIUM weak/ambiguous — safer to CREATE_NEW under target parent than force merge,false,MEDIUM
Pet Shop › Kuş ve Kemirgen › Kemirgen,cmsg3xj4a00l5uzdc2q0etaor,sifir-urun/sifir-urun-pet-shop/kemirgen,0.600,true,L:0|P:0|O:0|B:12|A:1|M:0|C:0,SPLIT_EXISTING,false,target 'Kemirgen' is a part of compound DB node 'Kemirgen & Diğer' — split; do not create orphan duplicate without split plan,true,MEDIUM
Pet Shop › Kuş ve Kemirgen › Kemirgen › Oyuncak,cmsg3xi5700dvuzdc3a9u7zee,sifir-urun/sifir-urun-anne-bebek/oyuncak-bebek,0.600,false,L:0|P:0|O:0|B:21|A:1|M:0|C:0,CREATE_NEW_CONFIRMED,false,MEDIUM weak/ambiguous — safer to CREATE_NEW under target parent than force merge,false,MEDIUM
Pet Shop › Akvaryum › Akvaryum Ürünleri › Filtre,cmsg4wpgo003fuzxwa61q0p1g,sifir-urun/mutfak-ve-sofra/su-aritma/filtreli-surahi,0.600,false,L:0|P:0|O:0|B:10|A:9|M:0|C:0,CREATE_NEW_CONFIRMED,false,name similarity across different taxonomy branches — create under target parent,false,MEDIUM
Pet Shop › Akvaryum › Akvaryum Ürünleri › Isıtıcı,cmsg3xh54007juzdcu4xw1fg8,sifir-urun/sifir-urun-ev-elektronigi/isiticilar,0.600,true,L:0|P:0|O:0|B:7|A:1|M:0|C:0,SPLIT_EXISTING,false,target 'Isıtıcı' is a part of compound DB node 'Isıtıcı & Fan' — split; do not create orphan duplicate without split plan,true,MEDIUM
Pet Shop › Akvaryum › Akvaryum Ürünleri › Dekor,cmsg3xi9k00enuzdc5ikopwip,sifir-urun/ev-ve-yasam/ev-dekorasyon-mobilya/ev-dekorasyon/dekoratif,0.600,false,L:0|P:0|O:0|B:19|A:2|M:0|C:0,CREATE_NEW_CONFIRMED,false,MEDIUM weak/ambiguous — safer to CREATE_NEW under target parent than force merge,false,MEDIUM
Otomotiv Aksesuar › Araç İçi › Elektronik › Araç Şarj Cihazı,cmsg3xg3m001huzdc7fdghxgl,sifir-urun/elektronik/telefon-ve-aksesuar/cep-telefonu/sarj-cihazi,0.667,false,L:0|P:0|O:0|B:30|A:7|M:0|C:0,CREATE_NEW_CONFIRMED,false,name similarity across different taxonomy branches — create under target parent,false,MEDIUM
Otomotiv Aksesuar › Bakım ve Temizlik › Bakım,cms93j5nq002nuz3g1h9mrras,sifir-urun/sifir-urun-kisisel-bakim,0.600,false,L:0|P:0|O:0|B:30|A:1|M:0|C:7,CREATE_NEW_CONFIRMED,false,MEDIUM weak/ambiguous — safer to CREATE_NEW under target parent than force merge,false,MEDIUM
Otomotiv Aksesuar › Bakım ve Temizlik › Bakım › Akü Şarj Cihazı,cmsg3xg3m001huzdc7fdghxgl,sifir-urun/elektronik/telefon-ve-aksesuar/cep-telefonu/sarj-cihazi,0.667,false,L:0|P:0|O:0|B:30|A:7|M:0|C:0,CREATE_NEW_CONFIRMED,false,name similarity across different taxonomy branches — create under target parent,false,MEDIUM
Otomotiv Aksesuar › Yedek Parça ve Ekipman › Temel Parça › Filtre,cmsg4wpgo003fuzxwa61q0p1g,sifir-urun/mutfak-ve-sofra/su-aritma/filtreli-surahi,0.600,false,L:0|P:0|O:0|B:10|A:9|M:0|C:0,CREATE_NEW_CONFIRMED,false,name similarity across different taxonomy branches — create under target parent,false,MEDIUM
Otomotiv Aksesuar › Motosiklet Aksesuar › Motosiklet Parça › Ayna,cmsg3xkgr00o7uzdc3jarsh2c,sifir-urun/sifir-urun-sanayi-makinesi/pres-kaynak,0.600,false,L:0|P:0|O:0|B:6|A:1|M:0|C:0,CREATE_NEW_CONFIRMED,false,MEDIUM weak/ambiguous — safer to CREATE_NEW under target parent than force merge,false,MEDIUM
Bahçe ve Yapı,cms93j5oc002tuz3gqj1lq1rr,sifir-urun/sifir-urun-bahce-yapi-market,1.000,true,L:0|P:0|O:0|B:20|A:1|M:0|C:9,RENAME_EXISTING,true,ana kategori rename — preserve id,false,EXACT
Bahçe ve Yapı › Bahçe,cms93j5oc002tuz3gqj1lq1rr,sifir-urun/sifir-urun-bahce-yapi-market,0.600,true,L:0|P:0|O:0|B:20|A:1|M:0|C:9,SPLIT_EXISTING,false,target 'Bahçe' is a part of compound DB node 'Bahçe & Yapı Market' — split; do not create orphan duplicate without split plan,true,MEDIUM
Bahçe ve Yapı › Yapı Market › Elektrik,cmsg3xieu00fruzdc4gz0bgd9,sifir-urun/sifir-urun-bahce-yapi-market/elektrikli-el-aleti,0.600,false,L:0|P:0|O:0|B:20|A:1|M:0|C:0,CREATE_NEW_CONFIRMED,false,MEDIUM weak/ambiguous — safer to CREATE_NEW under target parent than force merge,false,MEDIUM
Bahçe ve Yapı › Yapı Market › Elektrik › Kablo,cmsg3xg3w001juzdc5c71p9y9,sifir-urun/elektronik/telefon-ve-aksesuar/cep-telefonu/sarj-kablosu,0.600,false,L:0|P:0|O:0|B:30|A:7|M:0|C:0,CREATE_NEW_CONFIRMED,false,name similarity across different taxonomy branches — create under target parent,false,MEDIUM
Bahçe ve Yapı › Yapı Market › Tesisat,cmsg3xif800fvuzdcsqbt481c,sifir-urun/sifir-urun-bahce-yapi-market/tesisat,0.600,false,L:0|P:0|O:0|B:20|A:1|M:0|C:0,CREATE_NEW_CONFIRMED,false,MEDIUM weak/ambiguous — safer to CREATE_NEW under target parent than force merge,false,MEDIUM
Bahçe ve Yapı › Yapı Market › Tesisat › Musluk,cmsg4wph1003juzxwgy2nhwi3,sifir-urun/mutfak-ve-sofra/su-aritma/musluk-filtresi,0.600,false,L:0|P:0|O:0|B:1|A:0|M:0|C:0,CREATE_NEW_CONFIRMED,false,name similarity across different taxonomy branches — create under target parent,false,MEDIUM
Bahçe ve Yapı › Yapı Market › Tesisat › Sifon,cmsg3xgv7005duzdc7yd6gsvx,sifir-urun/ev-aletleri/beyaz-esya/beyaz-esya/kombi-termosifon,0.600,false,L:0|P:0|O:0|B:29|A:8|M:0|C:0,CREATE_NEW_CONFIRMED,false,name similarity across different taxonomy branches — create under target parent,false,MEDIUM
Endüstriyel ve Ticari Ürünler,cmsdkecae003huzyc6uys6m47,sifir-urun/sifir-urun-is-makinesi,1.000,true,L:0|P:0|O:0|B:9|A:1|M:0|C:13,RENAME_EXISTING,true,ana kategori rename — preserve id,false,EXACT
Endüstriyel ve Ticari Ürünler › Endüstriyel Makineler › Üretim Makineleri › Torna,cmsg3xkfc00o5uzdc6k9i53vv,sifir-urun/sifir-urun-sanayi-makinesi/torna-freze,0.600,false,L:0|P:0|O:0|B:6|A:1|M:0|C:0,CREATE_NEW_CONFIRMED,false,MEDIUM weak/ambiguous — safer to CREATE_NEW under target parent than force merge,false,MEDIUM
Endüstriyel ve Ticari Ürünler › Endüstriyel Makineler › Üretim Makineleri › Freze,cmsg3xkfc00o5uzdc6k9i53vv,sifir-urun/sifir-urun-sanayi-makinesi/torna-freze,0.600,false,L:0|P:0|O:0|B:6|A:1|M:0|C:0,CREATE_NEW_CONFIRMED,false,MEDIUM weak/ambiguous — safer to CREATE_NEW under target parent than force merge,false,MEDIUM
Endüstriyel ve Ticari Ürünler › Endüstriyel Makineler › Üretim Makineleri › Pres,cmsg3xkgr00o7uzdc3jarsh2c,sifir-urun/sifir-urun-sanayi-makinesi/pres-kaynak,0.600,true,L:0|P:0|O:0|B:6|A:1|M:0|C:0,SPLIT_EXISTING,false,target 'Pres' is a part of compound DB node 'Pres & Kaynak' — split; do not create orphan duplicate without split plan,true,MEDIUM
