categoryId,name,path,classification,revisedAction,reason,listingCount,productCount
cms93j5l1001vuz3gboidp5m9,Sıfır,sifir-urun,B_ALIAS_OR_REVIEW,KEEP,has active children — cannot ARCHIVE,4,0
cmsg3xg18000zuzdct7y3h84l,Akıllı Saat & Bileklik,sifir-urun/elektronik/telefon-ve-aksesuar/cep-telefonu/akilli-saat,B_ALIAS_OR_REVIEW,RENAME,semantic match EXACT score=1.00 → Elektronik › Telefon ve Aksesuar › Giyilebilir Teknoloji › Akıllı Saat,0,0
cmsg3xg1g0011uzdcfo9uiwzh,Kulaklık & Bluetooth,sifir-urun/elektronik/telefon-ve-aksesuar/cep-telefonu/kulaklik,B_ALIAS_OR_REVIEW,RENAME,semantic match EXACT score=1.00 → Elektronik › Telefon ve Aksesuar › Telefon Aksesuarları › Bluetooth Kulaklık,0,0
cmsg3xg250015uzdcac1tp3f4,Kılıf & Koruyucu,sifir-urun/elektronik/telefon-ve-aksesuar/cep-telefonu/kilif-aksesuar,A_OBSOLETE,ARCHIVE_CONFIRMED,no semantic target; no commercial rows; only CategoryBrand/Attribute/Model links (seed) — archive with link cleanup in transaction,0,0
cmsg3xg2e0017uzdcsodciep8,Diğer Aksesuar,sifir-urun/elektronik/telefon-ve-aksesuar/cep-telefonu/diger-aksesuar,A_OBSOLETE,ARCHIVE_CONFIRMED,no semantic target; no commercial rows; only CategoryBrand/Attribute/Model links (seed) — archive with link cleanup in transaction,0,0
cmsg3xg2n0019uzdc9ltguw8a,Yenilenmiş Telefon,sifir-urun/elektronik/telefon-ve-aksesuar/cep-telefonu/yenilenmis-telefon,A_OBSOLETE,ARCHIVE_CONFIRMED,no semantic target; no commercial rows; only CategoryBrand/Attribute/Model links (seed) — archive with link cleanup in transaction,0,0
cmsg3xg3m001huzdc7fdghxgl,Şarj Cihazı,sifir-urun/elektronik/telefon-ve-aksesuar/cep-telefonu/sarj-cihazi,B_ALIAS_OR_REVIEW,MANUAL_REVIEW,possible alias/move MEDIUM → Elektronik › Telefon ve Aksesuar › Telefon Aksesuarları › Kablosuz Şarj Cihazı,0,0
cmsg3xg46001luzdc6nkzdram,Araç Telefon Aksesuarı,sifir-urun/elektronik/telefon-ve-aksesuar/cep-telefonu/arac-telefon-aksesuari,A_OBSOLETE,ARCHIVE_CONFIRMED,no semantic target; no commercial rows; only CategoryBrand/Attribute/Model links (seed) — archive with link cleanup in transaction,0,0
cmsg3xg4p001nuzdcfo07dap1,Telefon Yedek Parçası,sifir-urun/elektronik/telefon-ve-aksesuar/cep-telefonu/telefon-yedek-parca,A_OBSOLETE,ARCHIVE_CONFIRMED,no semantic target; no commercial rows; only CategoryBrand/Attribute/Model links (seed) — archive with link cleanup in transaction,0,0
cmsg3xgb4002fuzdc9803rtxy,Dizüstü (Notebook),sifir-urun/elektronik/bilgisayar-ve-tablet/bilgisayar/dizustu,D_REPARENT,MOVE,semantic match HIGH score=1.00 → Elektronik › Bilgisayar ve Tablet › Bilgisayar › Dizüstü Bilgisayar,0,0
cmsg3xgbp002huzdcc5tcrs10,Masaüstü,sifir-urun/elektronik/bilgisayar-ve-tablet/bilgisayar/masaustu,A_OBSOLETE,ARCHIVE_CONFIRMED,no semantic target; no commercial rows; only CategoryBrand/Attribute/Model links (seed) — archive with link cleanup in transaction,0,0
cmsg3xgg0002ruzdcqrjb1co0,"Parça (RAM, SSD, Ekran Kartı…)",sifir-urun/elektronik/bilgisayar-ve-tablet/bilgisayar/bilgisayar-parcasi,A_OBSOLETE,ARCHIVE_CONFIRMED,no semantic target; no commercial rows; only CategoryBrand/Attribute/Model links (seed) — archive with link cleanup in transaction,0,0
cmsg3xgg9002tuzdctxioz346,"Klavye, Mouse & Çevre Birimi",sifir-urun/elektronik/bilgisayar-ve-tablet/bilgisayar/cevre-birimi,A_OBSOLETE,ARCHIVE_CONFIRMED,no semantic target; no commercial rows; only CategoryBrand/Attribute/Model links (seed) — archive with link cleanup in transaction,0,0
cmsg3xggl002vuzdc797cj1tk,Network & Modem,sifir-urun/elektronik/bilgisayar-ve-tablet/bilgisayar/network,A_OBSOLETE,ARCHIVE_CONFIRMED,no semantic target; no commercial rows; only CategoryBrand/Attribute/Model links (seed) — archive with link cleanup in transaction,0,0
cmsg3xggw002xuzdcmr7bli1s,Yazılım,sifir-urun/elektronik/bilgisayar-ve-tablet/bilgisayar/yazilim,A_OBSOLETE,ARCHIVE_CONFIRMED,no semantic target; no commercial rows; only CategoryBrand/Attribute/Model links (seed) — archive with link cleanup in transaction,0,0
cms93j5p80031uz3g0ifpzc1a,Müzik,sifir-urun/sifir-urun-muzik,D_REPARENT,MOVE,Hobi ve Oyun altına taşınabilir veya ADD,0,0
cms93j5pg0033uz3gj3ie66g7,Ofis & Kırtasiye,sifir-urun/sifir-urun-ofis-kirtasiye,B_ALIAS_OR_REVIEW,RENAME,"semantic match EXACT score=1.00 → Kitap, Kırtasiye ve Ofis",1,0
cms93j5pn0035uz3guja0tfco,Antika & Koleksiyon,sifir-urun/sifir-urun-antika-koleksiyon,B_ALIAS_OR_REVIEW,KEEP,has active children — cannot ARCHIVE,0,0
cms93j5q50039uz3gnhdqjrvs,Yiyecek & İçecek,sifir-urun/sifir-urun-yiyecek-icecek,C_ADD_TO_TARGET,ADD_TO_TARGET_TREE,Yiyecek/İçecek — kapsam kararı: hedef MD'de yok; ticari olarak eklenebilir veya bilinçli dışarıda,0,0
cmsdkecae003huzyc6uys6m47,İş Makineleri,sifir-urun/sifir-urun-is-makinesi,B_ALIAS_OR_REVIEW,RENAME,semantic match EXACT score=1.00 → Endüstriyel ve Ticari Ürünler,0,0
cmsdkecak003juzycjc0pp98j,Tarım Makineleri,sifir-urun/sifir-urun-tarim-makinesi,B_ALIAS_OR_REVIEW,RENAME,semantic match EXACT score=1.00 → Endüstriyel ve Ticari Ürünler,0,0
cms93j5ma0029uz3gdtgnknvu,Ev Elektroniği,sifir-urun/sifir-urun-ev-elektronigi,D_REPARENT,MERGE,Elektronik altına fold — children MANUAL_REVIEW,1,0
cms93j5nj002luz3g1ovcvwie,"Saat, Takı & Mücevher",sifir-urun/sifir-urun-saat-taki,C_ADD_TO_TARGET,ADD_TO_TARGET_TREE,Saat/Takı — Moda veya Elektronik altında eksik olabilir; ADD önerisi,0,0
cms93j5nq002nuz3g1h9mrras,Kişisel Bakım & Kozmetik,sifir-urun/sifir-urun-kisisel-bakim,B_ALIAS_OR_REVIEW,RENAME,semantic match EXACT score=1.00 → Kozmetik ve Kişisel Bakım,0,0
cms93j5ny002puz3ghofscas0,Anne & Bebek,sifir-urun/sifir-urun-anne-bebek,D_REPARENT,MOVE,"semantic match HIGH score=1.00 → Anne, Bebek ve Çocuk",0,0
cms93j5oc002tuz3gqj1lq1rr,Bahçe & Yapı Market,sifir-urun/sifir-urun-bahce-yapi-market,B_ALIAS_OR_REVIEW,RENAME,semantic match EXACT score=1.00 → Bahçe ve Yapı,0,0
cms93j5or002xuz3gee4atdma,Hobi & Oyuncak,sifir-urun/sifir-urun-hobi-oyuncak,B_ALIAS_OR_REVIEW,RENAME,semantic match EXACT score=1.00 → Hobi ve Oyun,1,0
cms93j5oz002zuz3gnhm3q5gn,"Kitap, Dergi & Film",sifir-urun/sifir-urun-kitap-dergi-film,B_ALIAS_OR_REVIEW,RENAME,"semantic match EXACT score=1.00 → Kitap, Kırtasiye ve Ofis",1,0
cmsdkecar003luzyc7d1wqrb7,Sanayi Makineleri,sifir-urun/sifir-urun-sanayi-makinesi,B_ALIAS_OR_REVIEW,RENAME,semantic match EXACT score=1.00 → Endüstriyel ve Ticari Ürünler,0,0
cms93j5qc003buz3g50apc5vu,Diğer Her Şey,sifir-urun/sifir-urun-diger-alisveris,B_ALIAS_OR_REVIEW,MANUAL_REVIEW,Diğer Her Şey — catch-all; ARCHIVE veya POLICY_ONLY,0,0
cmsg3xgj80037uzdcbfpvakj4,Tablet Aksesuar,sifir-urun/elektronik/bilgisayar-ve-tablet/tablet/tablet-aksesuar,A_OBSOLETE,ARCHIVE_CONFIRMED,no semantic target; no commercial rows; only CategoryBrand/Attribute/Model links (seed) — archive with link cleanup in transaction,0,0
cmsg3xguk0057uzdckk84z04k,Fırın & Ocak,sifir-urun/ev-aletleri/beyaz-esya/beyaz-esya/firin-ocak,A_OBSOLETE,ARCHIVE_CONFIRMED,no semantic target; no commercial rows; only CategoryBrand/Attribute/Model links (seed) — archive with link cleanup in transaction,0,0
cmsg3xgv7005duzdc7yd6gsvx,Kombi & Termosifon,sifir-urun/ev-aletleri/beyaz-esya/beyaz-esya/kombi-termosifon,A_OBSOLETE,ARCHIVE_CONFIRMED,no semantic target; no commercial rows; only CategoryBrand/Attribute/Model links (seed) — archive with link cleanup in transaction,0,0
cmsg3xgve005fuzdcqx1ux0ep,Diğer,sifir-urun/ev-aletleri/beyaz-esya/beyaz-esya/diger-beyaz-esya,A_OBSOLETE,ARCHIVE_CONFIRMED,no semantic target; no commercial rows; only CategoryBrand/Attribute/Model links (seed) — archive with link cleanup in transaction,0,0
cmsg3xgvm005huzdcjd0j97tj,Tek Kapılı Buzdolabı,sifir-urun/ev-aletleri/beyaz-esya/beyaz-esya/tek-kapili,A_OBSOLETE,ARCHIVE_CONFIRMED,no semantic target; no commercial rows; only CategoryBrand/Attribute/Model links (seed) — archive with link cleanup in transaction,0,0
cmsg3xgvz005juzdc4tdlnfvm,Çift Kapılı Buzdolabı,sifir-urun/ev-aletleri/beyaz-esya/beyaz-esya/cift-kapili,A_OBSOLETE,ARCHIVE_CONFIRMED,no semantic target; no commercial rows; only CategoryBrand/Attribute/Model links (seed) — archive with link cleanup in transaction,0,0
cmsg3xgwd005luzdczbg5qdwz,No Frost,sifir-urun/ev-aletleri/beyaz-esya/beyaz-esya/no-frost,A_OBSOLETE,ARCHIVE_CONFIRMED,no semantic target; no commercial rows; only CategoryBrand/Attribute/Model links (seed) — archive with link cleanup in transaction,0,0
cmsg3xgwl005nuzdcgpl7tkao,Gardırop Tipi,sifir-urun/ev-aletleri/beyaz-esya/beyaz-esya/gardirop-tipi,A_OBSOLETE,ARCHIVE_CONFIRMED,no semantic target; no commercial rows; only CategoryBrand/Attribute/Model links (seed) — archive with link cleanup in transaction,0,0
cmsg3xh91008fuzdc774prz92,Fotoğraf Makinesi,sifir-urun/elektronik/fotograf-ve-kamera/fotograf-kamera/fotograf-makinesi,B_ALIAS_OR_REVIEW,MANUAL_REVIEW,"possible alias/move MEDIUM → Elektronik › Televizyon, Görüntü ve Ses › Fotoğraf ve Video › Dijital Fotoğraf Makinesi",0,0
cmsg3xh9m008luzdc2lhby8xv,Objektif,sifir-urun/elektronik/fotograf-ve-kamera/fotograf-kamera/objektif,A_OBSOLETE,ARCHIVE_CONFIRMED,no semantic target; no commercial rows; only CategoryBrand/Attribute/Model links (seed) — archive with link cleanup in transaction,0,0
cmsg3xh9u008nuzdcn9mpo67o,Tripod & Aksesuar,sifir-urun/elektronik/fotograf-ve-kamera/fotograf-kamera/tripod-aksesuar,B_ALIAS_OR_REVIEW,SPLIT,compound node — split candidate,0,0
cmsg3xh7e0081uzdc7qnjowfz,Oyun (CD / Dijital),sifir-urun/elektronik/oyun-ve-konsol/oyun-konsol/oyun,A_OBSOLETE,ARCHIVE_CONFIRMED,no semantic target; no commercial rows; only CategoryBrand/Attribute/Model links (seed) — archive with link cleanup in transaction,0,0
cmsg3xh54007juzdcu4xw1fg8,Isıtıcı & Fan,sifir-urun/sifir-urun-ev-elektronigi/isiticilar,A_OBSOLETE,ARCHIVE_CONFIRMED,no semantic target; no commercial rows; only CategoryBrand/Attribute/Model links (seed) — archive with link cleanup in transaction,0,0
cmsg3xh5d007luzdc8wcf168q,Nem Alma & Hava Temizleyici,sifir-urun/sifir-urun-ev-elektronigi/nem-alici,B_ALIAS_OR_REVIEW,MANUAL_REVIEW,possible alias/move MEDIUM → Ev Aletleri › Küçük Ev Aletleri › Hava Kalitesi › Hava Temizleyici,0,0
cmsg3xh5j007nuzdcxy5fxy14,Dikiş & Ütü Makinesi,sifir-urun/sifir-urun-ev-elektronigi/utu-makinesi,B_ALIAS_OR_REVIEW,MANUAL_REVIEW,possible alias/move MEDIUM → Ev Aletleri › Küçük Ev Aletleri › Ütü ve Dikiş,0,0
cmsg3xh5t007puzdcry188nlg,Su Arıtma,sifir-urun/sifir-urun-ev-elektronigi/su-aritma,B_ALIAS_OR_REVIEW,RENAME,semantic match EXACT score=1.00 → Mutfak ve Sofra › Su Arıtma,0,0
cmsg3xh63007ruzdcbu03rqaf,Diğer,sifir-urun/sifir-urun-ev-elektronigi/diger-ev-elektronik,A_OBSOLETE,ARCHIVE_CONFIRMED,no semantic target; no commercial rows; only CategoryBrand/Attribute/Model links (seed) — archive with link cleanup in transaction,0,0
cmsg3xhbr0091uzdckxwp3a3v,Elektronik Komponent,sifir-urun/sifir-urun-teknik-elektronik/elektronik-komponent,A_OBSOLETE,ARCHIVE_CONFIRMED,no semantic target; no commercial rows; only CategoryBrand/Attribute/Model links (seed) — archive with link cleanup in transaction,0,0
cmsg3xhc40093uzdceipe4zr2,Arduino / Raspberry / Maker,sifir-urun/sifir-urun-teknik-elektronik/arduino-raspberry,A_OBSOLETE,ARCHIVE_CONFIRMED,no semantic target; no commercial rows; only CategoryBrand/Attribute/Model links (seed) — archive with link cleanup in transaction,0,0
cmsg3xhcb0095uzdcxn7vhwj9,Ölçüm Cihazı,sifir-urun/sifir-urun-teknik-elektronik/olcum-cihazi,A_OBSOLETE,ARCHIVE_CONFIRMED,no semantic target; no commercial rows; only CategoryBrand/Attribute/Model links (seed) — archive with link cleanup in transaction,0,0
cmsg3xhch0097uzdcjbgb4iw3,Güvenlik Kamerası,sifir-urun/sifir-urun-teknik-elektronik/guvenlik-kamera,A_OBSOLETE,ARCHIVE_CONFIRMED,no semantic target; no commercial rows; only CategoryBrand/Attribute/Model links (seed) — archive with link cleanup in transaction,0,0
cmsg3xhcq0099uzdcuueznmxr,Telsiz & Haberleşme,sifir-urun/sifir-urun-teknik-elektronik/telsiz-haberlesme,A_OBSOLETE,ARCHIVE_CONFIRMED,no semantic target; no commercial rows; only CategoryBrand/Attribute/Model links (seed) — archive with link cleanup in transaction,0,0
cmsg3xhd1009buzdc8hh06x88,Diğer,sifir-urun/sifir-urun-teknik-elektronik/diger-teknik,A_OBSOLETE,ARCHIVE_CONFIRMED,no semantic target; no commercial rows; only CategoryBrand/Attribute/Model links (seed) — archive with link cleanup in transaction,0,0
cmsg3xhgr00a3uzdcm2l6v0bz,Kadın Giyim,sifir-urun/moda/giyim-aksesuar/giyim-aksesuar/kadin-giyim,A_OBSOLETE,ARCHIVE_CONFIRMED,no semantic target; no commercial rows; only CategoryBrand/Attribute/Model links (seed) — archive with link cleanup in transaction,0,0
cmsg3xhgx00a5uzdcibdkfgcj,Erkek Giyim,sifir-urun/moda/giyim-aksesuar/giyim-aksesuar/erkek-giyim,A_OBSOLETE,ARCHIVE_CONFIRMED,no semantic target; no commercial rows; only CategoryBrand/Attribute/Model links (seed) — archive with link cleanup in transaction,0,0
cmsg3xhhc00a9uzdc398gz2xm,"Mont, Ceket & Kaban",sifir-urun/moda/giyim-aksesuar/giyim-aksesuar/ust-giyim,A_OBSOLETE,ARCHIVE_CONFIRMED,no semantic target; no commercial rows; only CategoryBrand/Attribute/Model links (seed) — archive with link cleanup in transaction,0,0
cmsg3xhhu00abuzdcpst0lb76,Pantolon & Etek,sifir-urun/moda/giyim-aksesuar/giyim-aksesuar/alt-giyim,A_OBSOLETE,ARCHIVE_CONFIRMED,no semantic target; no commercial rows; only CategoryBrand/Attribute/Model links (seed) — archive with link cleanup in transaction,0,0
cmsg3xhia00afuzdc1ks2rfgz,Spor Giyim,sifir-urun/moda/giyim-aksesuar/giyim-aksesuar/spor-giyim,A_OBSOLETE,ARCHIVE_CONFIRMED,no semantic target; no commercial rows; only CategoryBrand/Attribute/Model links (seed) — archive with link cleanup in transaction,0,0
cmsg3xhil00ahuzdcjltxgunu,İç Giyim & Pijama,sifir-urun/moda/giyim-aksesuar/giyim-aksesuar/ic-giyim,A_OBSOLETE,ARCHIVE_CONFIRMED,no semantic target; no commercial rows; only CategoryBrand/Attribute/Model links (seed) — archive with link cleanup in transaction,0,0
cmsg3xhix00ajuzdcfuswu4rw,"Şapka, Atkı & Kemer",sifir-urun/moda/giyim-aksesuar/giyim-aksesuar/aksesuar-giyim,A_OBSOLETE,ARCHIVE_CONFIRMED,no semantic target; no commercial rows; only CategoryBrand/Attribute/Model links (seed) — archive with link cleanup in transaction,0,0
cmsg3xht900bzuzdccxs5ex1b,Kol Saati,sifir-urun/sifir-urun-saat-taki/kol-saati,A_OBSOLETE,ARCHIVE_CONFIRMED,no semantic target; no commercial rows; only CategoryBrand/Attribute/Model links (seed) — archive with link cleanup in transaction,0,0
cmsg3xhv900cbuzdcisdc2s26,Takı Seti,sifir-urun/sifir-urun-saat-taki/set-taki,C_ADD_TO_TARGET,ADD_TO_TARGET_TREE,Saat/Takı — Moda veya Elektronik altında eksik olabilir; ADD önerisi,0,0
cmsg3xhy400cruzdccxizc257,Cilt Bakım,sifir-urun/sifir-urun-kisisel-bakim/cilt-bakim,A_OBSOLETE,ARCHIVE_CONFIRMED,no semantic target; no commercial rows; only CategoryBrand/Attribute/Model links (seed) — archive with link cleanup in transaction,0,0
cmsg3xhyt00cvuzdcyh6vkq2u,Saç Bakım,sifir-urun/sifir-urun-kisisel-bakim/sac-bakim,A_OBSOLETE,ARCHIVE_CONFIRMED,no semantic target; no commercial rows; only CategoryBrand/Attribute/Model links (seed) — archive with link cleanup in transaction,0,0
cmsg3xhzf00czuzdcqmfrn5tv,Tıraş & Epilasyon,sifir-urun/sifir-urun-kisisel-bakim/tiras-epilasyon,A_OBSOLETE,ARCHIVE_CONFIRMED,no semantic target; no commercial rows; only CategoryBrand/Attribute/Model links (seed) — archive with link cleanup in transaction,0,0
cmsg3xhzx00d1uzdc1jtbzbr0,Ağız Bakım,sifir-urun/sifir-urun-kisisel-bakim/agiz-bakim,A_OBSOLETE,ARCHIVE_CONFIRMED,no semantic target; no commercial rows; only CategoryBrand/Attribute/Model links (seed) — archive with link cleanup in transaction,0,0
cmsg3xi0g00d3uzdc7by3vyg5,Erkek Bakım,sifir-urun/sifir-urun-kisisel-bakim/erkek-bakim,A_OBSOLETE,ARCHIVE_CONFIRMED,no semantic target; no commercial rows; only CategoryBrand/Attribute/Model links (seed) — archive with link cleanup in transaction,0,0
cmsg3xi4600dnuzdcgi3tt8qc,Oto Koltuğu,sifir-urun/sifir-urun-anne-bebek/oto-koltugu,A_OBSOLETE,ARCHIVE_CONFIRMED,no semantic target; no commercial rows; only CategoryBrand/Attribute/Model links (seed) — archive with link cleanup in transaction,0,0
cmsg3xi5000dtuzdckoicrtic,Bebek Bakım,sifir-urun/sifir-urun-anne-bebek/bebek-bakim,A_OBSOLETE,ARCHIVE_CONFIRMED,no semantic target; no commercial rows; only CategoryBrand/Attribute/Model links (seed) — archive with link cleanup in transaction,0,0
cmsg3xi5700dvuzdc3a9u7zee,Bebek Oyuncak,sifir-urun/sifir-urun-anne-bebek/oyuncak-bebek,A_OBSOLETE,ARCHIVE_CONFIRMED,no semantic target; no commercial rows; only CategoryBrand/Attribute/Model links (seed) — archive with link cleanup in transaction,0,0
cmsg3xi5g00dxuzdc8oboyx8d,Emzirme & Beslenme,sifir-urun/sifir-urun-anne-bebek/emzirme,A_OBSOLETE,ARCHIVE_CONFIRMED,no semantic target; no commercial rows; only CategoryBrand/Attribute/Model links (seed) — archive with link cleanup in transaction,0,0
cmsg3xi5u00dzuzdco0d1bm39,Hamile Giyim,sifir-urun/sifir-urun-anne-bebek/hamile,A_OBSOLETE,ARCHIVE_CONFIRMED,no semantic target; no commercial rows; only CategoryBrand/Attribute/Model links (seed) — archive with link cleanup in transaction,0,0
cmsg3xidu00fhuzdc6focam1e,Bahçe Aletleri,sifir-urun/sifir-urun-bahce-yapi-market/bahce-aletleri,A_OBSOLETE,ARCHIVE_CONFIRMED,no semantic target; no commercial rows; only CategoryBrand/Attribute/Model links (seed) — archive with link cleanup in transaction,0,0
cmsg3xie000fjuzdcl9asgi0c,Çim Biçme & Budama,sifir-urun/sifir-urun-bahce-yapi-market/cayir-bicme,A_OBSOLETE,ARCHIVE_CONFIRMED,no semantic target; no commercial rows; only CategoryBrand/Attribute/Model links (seed) — archive with link cleanup in transaction,0,0
cmsg3xie900fluzdccz8unian,Sulama Sistemi,sifir-urun/sifir-urun-bahce-yapi-market/sulama,A_OBSOLETE,ARCHIVE_CONFIRMED,no semantic target; no commercial rows; only CategoryBrand/Attribute/Model links (seed) — archive with link cleanup in transaction,0,0
cmsg3xief00fnuzdc3s4lvqk4,Yapı Malzemesi,sifir-urun/sifir-urun-bahce-yapi-market/yapi-malzeme,A_OBSOLETE,ARCHIVE_CONFIRMED,no semantic target; no commercial rows; only CategoryBrand/Attribute/Model links (seed) — archive with link cleanup in transaction,0,0
cmsg3xiem00fpuzdckq3kn6k7,El Aleti & Takım,sifir-urun/sifir-urun-bahce-yapi-market/el-aleti,C_ADD_TO_TARGET,ADD_TO_TARGET_TREE,Saat/Takı — Moda veya Elektronik altında eksik olabilir; ADD önerisi,0,0
cmsg3xieu00fruzdc4gz0bgd9,Elektrikli El Aleti,sifir-urun/sifir-urun-bahce-yapi-market/elektrikli-el-aleti,A_OBSOLETE,ARCHIVE_CONFIRMED,no semantic target; no commercial rows; only CategoryBrand/Attribute/Model links (seed) — archive with link cleanup in transaction,0,0
cmsg3xif100ftuzdcqa93t5bv,Boya & Yalıtım,sifir-urun/sifir-urun-bahce-yapi-market/boya-yalitim,A_OBSOLETE,ARCHIVE_CONFIRMED,no semantic target; no commercial rows; only CategoryBrand/Attribute/Model links (seed) — archive with link cleanup in transaction,0,0
cmsg3xif800fvuzdcsqbt481c,Tesisat Malzemesi,sifir-urun/sifir-urun-bahce-yapi-market/tesisat,A_OBSOLETE,ARCHIVE_CONFIRMED,no semantic target; no commercial rows; only CategoryBrand/Attribute/Model links (seed) — archive with link cleanup in transaction,0,0
cmsg3xi9k00enuzdc5ikopwip,Dekoratif Ürünler,sifir-urun/ev-ve-yasam/ev-dekorasyon-mobilya/ev-dekorasyon/dekoratif,A_OBSOLETE,ARCHIVE_CONFIRMED,no semantic target; no commercial rows; only CategoryBrand/Attribute/Model links (seed) — archive with link cleanup in transaction,0,0
cmsg3xi9v00epuzdc8gn4b9jg,Mutfak Gereçleri,sifir-urun/ev-ve-yasam/ev-dekorasyon-mobilya/ev-dekorasyon/mutfak-gerecleri,A_OBSOLETE,ARCHIVE_CONFIRMED,no semantic target; no commercial rows; only CategoryBrand/Attribute/Model links (seed) — archive with link cleanup in transaction,0,0
cmsg3xia700eruzdcy6di2hub,Banyo Ürünleri,sifir-urun/ev-ve-yasam/ev-dekorasyon-mobilya/ev-dekorasyon/banyo,A_OBSOLETE,ARCHIVE_CONFIRMED,no semantic target; no commercial rows; only CategoryBrand/Attribute/Model links (seed) — archive with link cleanup in transaction,0,0
cmsg3xiat00evuzdcfoa0iohd,Perde & Stor,sifir-urun/ev-ve-yasam/ev-dekorasyon-mobilya/ev-dekorasyon/perde,B_ALIAS_OR_REVIEW,MANUAL_REVIEW,possible alias/move MEDIUM → Ev ve Yaşam › Ev Tekstili › Salon Tekstili › Stor Perde,0,0
cmsg3xiii00gjuzdc154c9rvm,Fitness & Kondisyon,sifir-urun/spor-outdoor/spor-urunleri/spor-outdoor/fitness,A_OBSOLETE,ARCHIVE_CONFIRMED,no semantic target; no commercial rows; only CategoryBrand/Attribute/Model links (seed) — archive with link cleanup in transaction,0,0
cmsg3xij600gnuzdc31ls39f2,Kamp & Outdoor,sifir-urun/spor-outdoor/spor-urunleri/spor-outdoor/kamp-outdoor,D_REPARENT,MOVE,semantic match HIGH score=1.00 → Spor ve Outdoor › Outdoor ve Kamp,0,0
cmsg3xijd00gpuzdc97wucurg,Yürüyüş & Koşu,sifir-urun/spor-outdoor/spor-urunleri/spor-outdoor/yuruyus-kosu,A_OBSOLETE,ARCHIVE_CONFIRMED,no semantic target; no commercial rows; only CategoryBrand/Attribute/Model links (seed) — archive with link cleanup in transaction,0,0
cmsg3xik000gvuzdc7lrq1uge,Tenis / Badminton / Masa Tenisi,sifir-urun/spor-outdoor/spor-urunleri/spor-outdoor/raket-sporlari,A_OBSOLETE,ARCHIVE_CONFIRMED,no semantic target; no commercial rows; only CategoryBrand/Attribute/Model links (seed) — archive with link cleanup in transaction,0,0
cmsg3xikg00gzuzdcp7yjr242,Kış Sporları,sifir-urun/spor-outdoor/spor-urunleri/spor-outdoor/kis-sporlari,A_OBSOLETE,ARCHIVE_CONFIRMED,no semantic target; no commercial rows; only CategoryBrand/Attribute/Model links (seed) — archive with link cleanup in transaction,0,0
cmsg3xind00hluzdcp0zt0e1x,LEGO & Yapboz,sifir-urun/sifir-urun-hobi-oyuncak/lego-yapboz,A_OBSOLETE,ARCHIVE_CONFIRMED,no semantic target; no commercial rows; only CategoryBrand/Attribute/Model links (seed) — archive with link cleanup in transaction,0,0
cmsg3xinl00hnuzdcw45go9ys,Modelcilik & RC,sifir-urun/sifir-urun-hobi-oyuncak/modelcilik,A_OBSOLETE,ARCHIVE_CONFIRMED,no semantic target; no commercial rows; only CategoryBrand/Attribute/Model links (seed) — archive with link cleanup in transaction,0,0
cmsg3xint00hpuzdc2gnpn0a9,Figür & Koleksiyon,sifir-urun/sifir-urun-hobi-oyuncak/koleksiyon-figur,A_OBSOLETE,ARCHIVE_CONFIRMED,no semantic target; no commercial rows; only CategoryBrand/Attribute/Model links (seed) — archive with link cleanup in transaction,0,0
cmsg3xioe00htuzdcdxytvp0z,Pelüş,sifir-urun/sifir-urun-hobi-oyuncak/pelus,A_OBSOLETE,ARCHIVE_CONFIRMED,no semantic target; no commercial rows; only CategoryBrand/Attribute/Model links (seed) — archive with link cleanup in transaction,0,0
cmsg3xiol00hvuzdc1qili42a,Kutu Oyunu,sifir-urun/sifir-urun-hobi-oyuncak/board-game,A_OBSOLETE,ARCHIVE_CONFIRMED,no semantic target; no commercial rows; only CategoryBrand/Attribute/Model links (seed) — archive with link cleanup in transaction,0,0
cmsg3xiou00hxuzdcultde43w,Hobi Malzemesi,sifir-urun/sifir-urun-hobi-oyuncak/hobi-malzeme,A_OBSOLETE,ARCHIVE_CONFIRMED,no semantic target; no commercial rows; only CategoryBrand/Attribute/Model links (seed) — archive with link cleanup in transaction,0,0
cmsg3xip200hzuzdcwrshzgvc,Diğer,sifir-urun/sifir-urun-hobi-oyuncak/diger-hobi,A_OBSOLETE,ARCHIVE_CONFIRMED,no semantic target; no commercial rows; only CategoryBrand/Attribute/Model links (seed) — archive with link cleanup in transaction,0,0
cmsg3xiqu00iduzdceexrp97a,Ders Kitabı & Sınav,sifir-urun/sifir-urun-kitap-dergi-film/ders-kitabi,A_OBSOLETE,ARCHIVE_CONFIRMED,no semantic target; no commercial rows; only CategoryBrand/Attribute/Model links (seed) — archive with link cleanup in transaction,0,0
cmsg3xir300ifuzdc6b1gd7z8,Dergi,sifir-urun/sifir-urun-kitap-dergi-film/dergi,A_OBSOLETE,ARCHIVE_CONFIRMED,no semantic target; no commercial rows; only CategoryBrand/Attribute/Model links (seed) — archive with link cleanup in transaction,0,0
cmsg3xire00ihuzdc9o46387r,DVD / Blu-ray,sifir-urun/sifir-urun-kitap-dergi-film/dvd-bluray,A_OBSOLETE,ARCHIVE_CONFIRMED,no semantic target; no commercial rows; only CategoryBrand/Attribute/Model links (seed) — archive with link cleanup in transaction,0,0
cmsg3xirn00ijuzdcqyfkqkbe,Plak & CD,sifir-urun/sifir-urun-kitap-dergi-film/vinyl-cd,A_OBSOLETE,ARCHIVE_CONFIRMED,no semantic target; no commercial rows; only CategoryBrand/Attribute/Model links (seed) — archive with link cleanup in transaction,0,0
cmsg3xiua00j3uzdclupvubrz,Piyano & Klavye,sifir-urun/sifir-urun-muzik/piyano-klavye,A_OBSOLETE,ARCHIVE_CONFIRMED,no semantic target; no commercial rows; only CategoryBrand/Attribute/Model links (seed) — archive with link cleanup in transaction,0,0
cmsg3xiun00j5uzdc2ytyjoj1,Bateri & Perküsyon,sifir-urun/sifir-urun-muzik/bateri-perkusyon,A_OBSOLETE,ARCHIVE_CONFIRMED,no semantic target; no commercial rows; only CategoryBrand/Attribute/Model links (seed) — archive with link cleanup in transaction,0,0
cmsg3xiuz00j7uzdclt9279xq,Yaylı Çalgılar,sifir-urun/sifir-urun-muzik/yayli,A_OBSOLETE,ARCHIVE_CONFIRMED,no semantic target; no commercial rows; only CategoryBrand/Attribute/Model links (seed) — archive with link cleanup in transaction,0,0
cmsg3xiv600j9uzdc60a5kz9u,Üflemeli,sifir-urun/sifir-urun-muzik/uflemeli,A_OBSOLETE,ARCHIVE_CONFIRMED,no semantic target; no commercial rows; only CategoryBrand/Attribute/Model links (seed) — archive with link cleanup in transaction,0,0
cmsg3xivf00jbuzdcephgzpim,DJ & Stüdyo,sifir-urun/sifir-urun-muzik/dj-studio,A_OBSOLETE,ARCHIVE_CONFIRMED,no semantic target; no commercial rows; only CategoryBrand/Attribute/Model links (seed) — archive with link cleanup in transaction,0,0
cmsg3xivr00jduzdcpr0k8nwz,Amfi & Efekt,sifir-urun/sifir-urun-muzik/ampli-efekt,A_OBSOLETE,ARCHIVE_CONFIRMED,no semantic target; no commercial rows; only CategoryBrand/Attribute/Model links (seed) — archive with link cleanup in transaction,0,0
cmsg3xiw100jfuzdclktt1rvs,Aksesuar & Nota,sifir-urun/sifir-urun-muzik/muzik-aksesuar,B_ALIAS_OR_REVIEW,SPLIT,compound node — split candidate,0,0
cmsg3xixx00jtuzdcpyc3m3p4,Toner & Kartuş,sifir-urun/sifir-urun-ofis-kirtasiye/yazici-malzeme,A_OBSOLETE,ARCHIVE_CONFIRMED,no semantic target; no commercial rows; only CategoryBrand/Attribute/Model links (seed) — archive with link cleanup in transaction,0,0
cmsg3xiy400jvuzdcxktlvgtr,Dosyalama & Organizasyon,sifir-urun/sifir-urun-ofis-kirtasiye/organizasyon,A_OBSOLETE,ARCHIVE_CONFIRMED,no semantic target; no commercial rows; only CategoryBrand/Attribute/Model links (seed) — archive with link cleanup in transaction,0,0
cmsg3xj0700k9uzdcdg5zadg3,Antika Mobilya,sifir-urun/sifir-urun-antika-koleksiyon/antika-mobilya,A_OBSOLETE,ARCHIVE_CONFIRMED,no semantic target; no commercial rows; only CategoryBrand/Attribute/Model links (seed) — archive with link cleanup in transaction,0,0
cmsg3xj0h00kbuzdcev2jntjx,Eski Para & Pul,sifir-urun/sifir-urun-antika-koleksiyon/eski-para,A_OBSOLETE,ARCHIVE_CONFIRMED,no semantic target; no commercial rows; only CategoryBrand/Attribute/Model links (seed) — archive with link cleanup in transaction,0,0
cmsg3xj0s00kduzdc28f1e2pj,Plak Koleksiyon,sifir-urun/sifir-urun-antika-koleksiyon/plak-koleksiyon,A_OBSOLETE,ARCHIVE_CONFIRMED,no semantic target; no commercial rows; only CategoryBrand/Attribute/Model links (seed) — archive with link cleanup in transaction,0,0
cmsg3xj1100kfuzdc5ttssakt,Oyuncak Koleksiyon,sifir-urun/sifir-urun-antika-koleksiyon/oyuncak-koleksiyon,A_OBSOLETE,ARCHIVE_CONFIRMED,no semantic target; no commercial rows; only CategoryBrand/Attribute/Model links (seed) — archive with link cleanup in transaction,0,0
cmsg3xj1800khuzdcn4i0n43y,Tablo & Sanat,sifir-urun/sifir-urun-antika-koleksiyon/sanat-eseri,A_OBSOLETE,ARCHIVE_CONFIRMED,no semantic target; no commercial rows; only CategoryBrand/Attribute/Model links (seed) — archive with link cleanup in transaction,0,0
cmsg3xj1g00kjuzdcs8bpz9w9,Diğer Koleksiyon,sifir-urun/sifir-urun-antika-koleksiyon/diger-koleksiyon,A_OBSOLETE,ARCHIVE_CONFIRMED,no semantic target; no commercial rows; only CategoryBrand/Attribute/Model links (seed) — archive with link cleanup in transaction,0,0
cmsg3xj3d00kxuzdcrmf1hgay,Köpek Ürünleri,sifir-urun/sifir-urun-pet-shop/kopek,A_OBSOLETE,ARCHIVE_CONFIRMED,no semantic target; no commercial rows; only CategoryBrand/Attribute/Model links (seed) — archive with link cleanup in transaction,0,0
cmsg3xj3j00kzuzdcbkeavz0e,Kedi Ürünleri,sifir-urun/sifir-urun-pet-shop/kedi,A_OBSOLETE,ARCHIVE_CONFIRMED,no semantic target; no commercial rows; only CategoryBrand/Attribute/Model links (seed) — archive with link cleanup in transaction,0,0
cmsg3xj3r00l1uzdcn09eu5gl,Kuş Ürünleri,sifir-urun/sifir-urun-pet-shop/kus,A_OBSOLETE,ARCHIVE_CONFIRMED,no semantic target; no commercial rows; only CategoryBrand/Attribute/Model links (seed) — archive with link cleanup in transaction,0,0
cmsg3xj4a00l5uzdc2q0etaor,Kemirgen & Diğer,sifir-urun/sifir-urun-pet-shop/kemirgen,A_OBSOLETE,ARCHIVE_CONFIRMED,no semantic target; no commercial rows; only CategoryBrand/Attribute/Model links (seed) — archive with link cleanup in transaction,0,0
cmsg3xj4l00l7uzdcjl6065sf,Mama & Kum,sifir-urun/sifir-urun-pet-shop/mama-kumu,A_OBSOLETE,ARCHIVE_CONFIRMED,no semantic target; no commercial rows; only CategoryBrand/Attribute/Model links (seed) — archive with link cleanup in transaction,0,0
cmsg3xj5y00lhuzdc0zensn61,Gıda,sifir-urun/sifir-urun-yiyecek-icecek/gida,C_ADD_TO_TARGET,ADD_TO_TARGET_TREE,Yiyecek/İçecek — kapsam kararı: hedef MD'de yok; ticari olarak eklenebilir veya bilinçli dışarıda,0,0
cmsg3xj6800ljuzdcca30zr9t,İçecek,sifir-urun/sifir-urun-yiyecek-icecek/icecek,C_ADD_TO_TARGET,ADD_TO_TARGET_TREE,Yiyecek/İçecek — kapsam kararı: hedef MD'de yok; ticari olarak eklenebilir veya bilinçli dışarıda,0,0
cmsg3xj6i00lluzdc4hqglgit,Organik / Doğal,sifir-urun/sifir-urun-yiyecek-icecek/organik,A_OBSOLETE,ARCHIVE_CONFIRMED,no semantic target; no commercial rows; only CategoryBrand/Attribute/Model links (seed) — archive with link cleanup in transaction,0,0
cmsg3xj6s00lnuzdc67cwmjla,Vitamin & Takviye,sifir-urun/sifir-urun-yiyecek-icecek/vitamin-takviye,A_OBSOLETE,ARCHIVE_CONFIRMED,no semantic target; no commercial rows; only CategoryBrand/Attribute/Model links (seed) — archive with link cleanup in transaction,0,0
cmsg3xjmg00mfuzdc0hfalv6r,Ekskavatör,sifir-urun/sifir-urun-is-makinesi/ekskavator,A_OBSOLETE,ARCHIVE_CONFIRMED,no semantic target; no commercial rows; only CategoryBrand/Attribute/Model links (seed) — archive with link cleanup in transaction,0,0
cmsg3xjn100mhuzdc4za72yps,Beko Loder (Kazıcı-Yükleyici),sifir-urun/sifir-urun-is-makinesi/beko-loder,A_OBSOLETE,ARCHIVE_CONFIRMED,no semantic target; no commercial rows; only CategoryBrand/Attribute/Model links (seed) — archive with link cleanup in transaction,0,0
cmsg3xjnm00mjuzdc2xsp3eup,Loder (Yükleyici),sifir-urun/sifir-urun-is-makinesi/loder,A_OBSOLETE,ARCHIVE_CONFIRMED,no semantic target; no commercial rows; only CategoryBrand/Attribute/Model links (seed) — archive with link cleanup in transaction,0,0
cmsg3xjoh00mluzdc1k5hldck,Dozer,sifir-urun/sifir-urun-is-makinesi/dozer,A_OBSOLETE,ARCHIVE_CONFIRMED,no semantic target; no commercial rows; only CategoryBrand/Attribute/Model links (seed) — archive with link cleanup in transaction,0,0
cmsg3xjpd00mnuzdcbzwlgf81,Greyder,sifir-urun/sifir-urun-is-makinesi/greyder,A_OBSOLETE,ARCHIVE_CONFIRMED,no semantic target; no commercial rows; only CategoryBrand/Attribute/Model links (seed) — archive with link cleanup in transaction,0,0
cmsg3xjpp00mpuzdcd2a29dbl,Silindir,sifir-urun/sifir-urun-is-makinesi/silindir,A_OBSOLETE,ARCHIVE_CONFIRMED,no semantic target; no commercial rows; only CategoryBrand/Attribute/Model links (seed) — archive with link cleanup in transaction,0,0
cmsg3xjq600mruzdch02zhkek,Forklift,sifir-urun/sifir-urun-is-makinesi/forklift,A_OBSOLETE,ARCHIVE_CONFIRMED,no semantic target; no commercial rows; only CategoryBrand/Attribute/Model links (seed) — archive with link cleanup in transaction,0,0
cmsg3xjqk00mtuzdc5mwxoo7b,Teleskopik Yükleyici,sifir-urun/sifir-urun-is-makinesi/teleskopik,A_OBSOLETE,ARCHIVE_CONFIRMED,no semantic target; no commercial rows; only CategoryBrand/Attribute/Model links (seed) — archive with link cleanup in transaction,0,0
cmsg3xjqw00mvuzdco6yslmta,Mobil Vinç,sifir-urun/sifir-urun-is-makinesi/mobil-vinc,A_OBSOLETE,ARCHIVE_CONFIRMED,no semantic target; no commercial rows; only CategoryBrand/Attribute/Model links (seed) — archive with link cleanup in transaction,0,0
cmsg3xjrl00mxuzdci8xvz2ul,Beton Pompası,sifir-urun/sifir-urun-is-makinesi/beton-pompasi,A_OBSOLETE,ARCHIVE_CONFIRMED,no semantic target; no commercial rows; only CategoryBrand/Attribute/Model links (seed) — archive with link cleanup in transaction,0,0
cmsg3xjsz00mzuzdcgeyx6shp,Asfalt Makinesi,sifir-urun/sifir-urun-is-makinesi/asfalt,A_OBSOLETE,ARCHIVE_CONFIRMED,no semantic target; no commercial rows; only CategoryBrand/Attribute/Model links (seed) — archive with link cleanup in transaction,0,0
cmsg3xjtf00n1uzdc7a8h16ch,Sondaj Makinesi,sifir-urun/sifir-urun-is-makinesi/sondaj,A_OBSOLETE,ARCHIVE_CONFIRMED,no semantic target; no commercial rows; only CategoryBrand/Attribute/Model links (seed) — archive with link cleanup in transaction,0,0
cmsg3xjue00n3uzdcc1tc9gbr,Diğer İş Makinesi,sifir-urun/sifir-urun-is-makinesi/diger-is-makinesi,A_OBSOLETE,ARCHIVE_CONFIRMED,no semantic target; no commercial rows; only CategoryBrand/Attribute/Model links (seed) — archive with link cleanup in transaction,0,0
cmsg3xk2900nhuzdczw1pp2t7,Traktör,sifir-urun/sifir-urun-tarim-makinesi/traktor,A_OBSOLETE,ARCHIVE_CONFIRMED,no semantic target; no commercial rows; only CategoryBrand/Attribute/Model links (seed) — archive with link cleanup in transaction,0,0
cmsg3xk2z00njuzdcwdkudhem,Biçerdöver,sifir-urun/sifir-urun-tarim-makinesi/bicerdover,A_OBSOLETE,ARCHIVE_CONFIRMED,no semantic target; no commercial rows; only CategoryBrand/Attribute/Model links (seed) — archive with link cleanup in transaction,0,0
cmsg3xk3r00nluzdci5u30s5o,Pulluk & Ekim,sifir-urun/sifir-urun-tarim-makinesi/pulluk-ekim,A_OBSOLETE,ARCHIVE_CONFIRMED,no semantic target; no commercial rows; only CategoryBrand/Attribute/Model links (seed) — archive with link cleanup in transaction,0,0
cmsg3xk5d00npuzdcfj7kk5wj,Balya & Silaj,sifir-urun/sifir-urun-tarim-makinesi/balya,A_OBSOLETE,ARCHIVE_CONFIRMED,no semantic target; no commercial rows; only CategoryBrand/Attribute/Model links (seed) — archive with link cleanup in transaction,0,0
cmsg3xk6300nruzdcgr2yfhh4,Diğer Tarım Makinesi,sifir-urun/sifir-urun-tarim-makinesi/diger-tarim,D_REPARENT,MOVE,Endüstriyel ve Ticari Ürünler altına map edilmeli,0,0
cmsg3xkfc00o5uzdc6k9i53vv,Torna / Freze,sifir-urun/sifir-urun-sanayi-makinesi/torna-freze,A_OBSOLETE,ARCHIVE_CONFIRMED,no semantic target; no commercial rows; only CategoryBrand/Attribute/Model links (seed) — archive with link cleanup in transaction,0,0
cmsg3xkgr00o7uzdc3jarsh2c,Pres & Kaynak,sifir-urun/sifir-urun-sanayi-makinesi/pres-kaynak,A_OBSOLETE,ARCHIVE_CONFIRMED,no semantic target; no commercial rows; only CategoryBrand/Attribute/Model links (seed) — archive with link cleanup in transaction,0,0
cmsg3xkk200ofuzdcdcb07841,Diğer Sanayi,sifir-urun/sifir-urun-sanayi-makinesi/diger-sanayi,D_REPARENT,MOVE,Endüstriyel ve Ticari Ürünler altına map edilmeli,0,0
cmsg3xknv00ojuzdczpo8d4kw,Diğer,sifir-urun/sifir-urun-diger-alisveris/diger,A_OBSOLETE,ARCHIVE_CONFIRMED,no semantic target; no commercial rows; only CategoryBrand/Attribute/Model links (seed) — archive with link cleanup in transaction,0,0
cmsg3xh7l0083uzdcqmff5pvf,"Kol, Kulaklık & Aksesuar",sifir-urun/elektronik/oyun-ve-konsol/oyun-konsol/konsol-aksesuar,B_ALIAS_OR_REVIEW,SPLIT,compound node — split candidate,0,0
cmsg3xgx4005ruzdc6zbsbfmu,Ankastre Buzdolabı,sifir-urun/ev-aletleri/beyaz-esya/beyaz-esya/ankastre-buzdolabi,A_OBSOLETE,ARCHIVE_CONFIRMED,no semantic target; no commercial rows; only CategoryBrand/Attribute/Model links (seed) — archive with link cleanup in transaction,0,0
cmsg3xgxe005tuzdc8mjjsx2b,Çamaşır ve Kurutma Makinesi,sifir-urun/ev-aletleri/beyaz-esya/beyaz-esya/camasir-kurutma,A_OBSOLETE,ARCHIVE_CONFIRMED,no semantic target; no commercial rows; only CategoryBrand/Attribute/Model links (seed) — archive with link cleanup in transaction,0,0
cmsg4wp2n0023uzxw8u4sgot9,Fotoğraf ve Kamera,sifir-urun/elektronik/fotograf-ve-kamera,B_ALIAS_OR_REVIEW,KEEP,has active children — cannot ARCHIVE,0,0
cms93j5m20027uz3g910o9sc3,Elektrikli Ev Aletleri,sifir-urun/ev-aletleri/kucuk-ev-aletleri/elektrikli-ev-aletleri,B_ALIAS_OR_REVIEW,MANUAL_REVIEW,possible alias/move MEDIUM → Ev Aletleri,3,0
cmsg3xh17006nuzdcq1pi5vtx,Süpürge,sifir-urun/ev-aletleri/kucuk-ev-aletleri/elektrikli-ev-aletleri/supurge,A_OBSOLETE,ARCHIVE_CONFIRMED,no semantic target; no commercial rows; only CategoryBrand/Attribute/Model links (seed) — archive with link cleanup in transaction,0,0
cmsg3xh1e006puzdchzvfhd9y,Ütü,sifir-urun/ev-aletleri/kucuk-ev-aletleri/elektrikli-ev-aletleri/utuler,A_OBSOLETE,ARCHIVE_CONFIRMED,no semantic target; no commercial rows; only CategoryBrand/Attribute/Model links (seed) — archive with link cleanup in transaction,0,0
cmsg3xh1m006ruzdc70t2uqd0,Kahve & Çay Makinesi,sifir-urun/ev-aletleri/kucuk-ev-aletleri/elektrikli-ev-aletleri/kahve-cay,A_OBSOLETE,ARCHIVE_CONFIRMED,no semantic target; no commercial rows; only CategoryBrand/Attribute/Model links (seed) — archive with link cleanup in transaction,0,0
cmsg3xh1w006tuzdc746ad8e3,Blender & Mikser,sifir-urun/ev-aletleri/kucuk-ev-aletleri/elektrikli-ev-aletleri/blender-mikser,A_OBSOLETE,ARCHIVE_CONFIRMED,no semantic target; no commercial rows; only CategoryBrand/Attribute/Model links (seed) — archive with link cleanup in transaction,0,0
cmsg3xh24006vuzdcics8ubsa,Tost & Mikrodalga,sifir-urun/ev-aletleri/kucuk-ev-aletleri/elektrikli-ev-aletleri/tost-mikrodalga,A_OBSOLETE,ARCHIVE_CONFIRMED,no semantic target; no commercial rows; only CategoryBrand/Attribute/Model links (seed) — archive with link cleanup in transaction,0,0
cmsg3xh2t0071uzdc2lzvdqiz,Diğer Küçük Ev Aleti,sifir-urun/ev-aletleri/kucuk-ev-aletleri/elektrikli-ev-aletleri/diger-kucuk-ev,A_OBSOLETE,ARCHIVE_CONFIRMED,no semantic target; no commercial rows; only CategoryBrand/Attribute/Model links (seed) — archive with link cleanup in transaction,0,0
cmsg3xh350073uzdcy4uxrfah,Airfryer,sifir-urun/ev-aletleri/kucuk-ev-aletleri/elektrikli-ev-aletleri/airfryer,B_ALIAS_OR_REVIEW,RENAME,semantic match EXACT score=1.00 → Mutfak ve Sofra › Pişirme › Elektrikli Pişirme › Airfryer,0,0
cmsg4wp8w002fuzxwt18nv883,Ev Dekorasyon & Mobilya,sifir-urun/ev-ve-yasam/ev-dekorasyon-mobilya,B_ALIAS_OR_REVIEW,KEEP,has active children — cannot ARCHIVE,1,0
cmsg4wpb0002ruzxwe7r6a6gk,Giyim & Aksesuar,sifir-urun/moda/giyim-aksesuar,B_ALIAS_OR_REVIEW,KEEP,has active children — cannot ARCHIVE,0,0
cmsg4wpdh002vuzxwh2lo3l0x,Bisiklet,sifir-urun/spor-outdoor/bisiklet,B_ALIAS_OR_REVIEW,RENAME,semantic match EXACT score=1.00 → Spor ve Outdoor › Bisiklet,0,0
cmsg4wpdw002zuzxwynzc4p9m,Spor Ürünleri,sifir-urun/spor-outdoor/spor-urunleri,B_ALIAS_OR_REVIEW,KEEP,has active children — cannot ARCHIVE,0,0
cms93j5oj002vuz3g5py6nixh,Spor & Outdoor,sifir-urun/spor-outdoor/spor-urunleri/spor-outdoor,B_ALIAS_OR_REVIEW,RENAME,semantic match EXACT score=1.00 → Spor ve Outdoor,1,0
cmsg3xiko00h1uzdcaj25qg2k,Dalış & Balıkçılık,sifir-urun/spor-outdoor/spor-urunleri/spor-outdoor/dalis-balik,A_OBSOLETE,ARCHIVE_CONFIRMED,no semantic target; no commercial rows; only CategoryBrand/Attribute/Model links (seed) — archive with link cleanup in transaction,0,0
cmsg3xikw00h3uzdc6f9wt0qh,Diğer Spor,sifir-urun/spor-outdoor/spor-urunleri/spor-outdoor/diger-spor,A_OBSOLETE,ARCHIVE_CONFIRMED,no semantic target; no commercial rows; only CategoryBrand/Attribute/Model links (seed) — archive with link cleanup in transaction,0,0
cmsg4wpg00039uzxw6rhjcfm9,Mutfak Gereçleri,sifir-urun/mutfak-ve-sofra/mutfak-gerecleri,A_OBSOLETE,ARCHIVE_CONFIRMED,no target match; no children; no commercial or link relations,0,0
cmsg4wpg7003buzxwxevr2ep1,Termos ve Matara,sifir-urun/mutfak-ve-sofra/termos-ve-matara,A_OBSOLETE,ARCHIVE_CONFIRMED,no target match; no children; no commercial or link relations,0,0
cmsg3xiah00etuzdcqy5qptwd,Halı & Kilim,sifir-urun/ev-ve-yasam/ev-dekorasyon-mobilya/ev-dekorasyon/hali-kilim,A_OBSOLETE,ARCHIVE_CONFIRMED,no semantic target; no commercial rows; only CategoryBrand/Attribute/Model links (seed) — archive with link cleanup in transaction,0,0
cmsg4wpau002puzxwuyaikv2b,Tişört,sifir-urun/moda/kadin/tisort,B_ALIAS_OR_REVIEW,RENAME,semantic match EXACT score=1.00 → Moda › Kadın › Üst Giyim › Tişört,0,2
cmsg3xhj500aluzdcziy977zl,Tişört,sifir-urun/moda/giyim-aksesuar/giyim-aksesuar/tisort,B_ALIAS_OR_REVIEW,RENAME,semantic match EXACT score=1.00 → Moda › Kadın › Üst Giyim › Tişört,0,0
