electricVehicleType,brand,series,modelVariant,canonicalCategory,canonicalSubcategory,canonicalBrandId,canonicalSeriesId,canonicalVariantId,canonicalExists,fuelType,action,source,confidence
elektrikli-otomobil,Aion,ES,ES,arac/otomobil,,cmsi37wxs0001uzbgk00peexm,cmsi37z82005wuzbgovgxyfkj,,true,ELECTRIC,LINK_EXISTING_CANONICAL+CREATE_ELECTRIC_OVERLAY+ADD_ELECTRIC_FUEL_TYPE,oem-public-nav,medium
elektrikli-otomobil,Aion,Hyper GT,Hyper GT,arac/otomobil,,cmsi37wxs0001uzbgk00peexm,cmsi37z8d005yuzbgz0e4vl9y,,true,ELECTRIC,LINK_EXISTING_CANONICAL+CREATE_ELECTRIC_OVERLAY+ADD_ELECTRIC_FUEL_TYPE,oem-public-nav,medium
elektrikli-otomobil,Aion,S,S,arac/otomobil,,cmsi37wxs0001uzbgk00peexm,cmsi37z8m0060uzbg9qasyvat,,true,ELECTRIC,LINK_EXISTING_CANONICAL+CREATE_ELECTRIC_OVERLAY+ADD_ELECTRIC_FUEL_TYPE,oem-public-nav,medium
elektrikli-suv-pickup,Aion,Y Plus,Y Plus,arac/arazi-suv-pickup,,cmsi37wxs0001uzbgk00peexm,cmsi37z9c0066uzbg5lh072z7,,true,ELECTRIC,LINK_EXISTING_CANONICAL+CREATE_ELECTRIC_OVERLAY+ADD_ELECTRIC_FUEL_TYPE,oem-public-nav,medium
elektrikli-otomobil,Audi,A6 e-tron,Sportback | Avant,arac/otomobil,,cmshtjhpw0000uz6sz57s788k,,,false,ELECTRIC,CREATE_CANONICAL_SERIES+CREATE_ELECTRIC_OVERLAY+ADD_ELECTRIC_FUEL_TYPE,oem-public-nav,high
elektrikli-otomobil,Audi,e-tron GT,e-tron GT,arac/otomobil,,cmshtjhpw0000uz6sz57s788k,cmsi37zl8008wuzbguo2k40xe,,true,ELECTRIC,LINK_EXISTING_CANONICAL+CREATE_ELECTRIC_OVERLAY+ADD_ELECTRIC_FUEL_TYPE,oem-public-nav,high
elektrikli-suv-pickup,Audi,Q4 e-tron,Q4 e-tron,arac/arazi-suv-pickup,,cmshtjhpw0000uz6sz57s788k,cmsi383zf0182uzbgumyk3z2s,,true,ELECTRIC,LINK_EXISTING_CANONICAL+CREATE_ELECTRIC_OVERLAY+ADD_ELECTRIC_FUEL_TYPE,oem-public-nav,high
elektrikli-suv-pickup,Audi,Q6 e-tron,Q6 e-tron,arac/arazi-suv-pickup,,cmshtjhpw0000uz6sz57s788k,cmsi383zm0184uzbguyfspgsm,,true,ELECTRIC,LINK_EXISTING_CANONICAL+CREATE_ELECTRIC_OVERLAY+ADD_ELECTRIC_FUEL_TYPE,oem-public-nav,high
elektrikli-suv-pickup,Audi,Q8 e-tron,Q8 e-tron,arac/arazi-suv-pickup,,cmshtjhpw0000uz6sz57s788k,cmsi38407018auzbgtqszhdvo,,true,ELECTRIC,LINK_EXISTING_CANONICAL+CREATE_ELECTRIC_OVERLAY+ADD_ELECTRIC_FUEL_TYPE,oem-public-nav,high
elektrikli-otomobil,BMW,i3,i3,arac/otomobil,,cmshtjhqn0001uz6s33iayix4,,,false,ELECTRIC,CREATE_CANONICAL_SERIES+CREATE_ELECTRIC_OVERLAY+ADD_ELECTRIC_FUEL_TYPE,oem-public-nav,high
elektrikli-otomobil,BMW,i4,eDrive35 | eDrive40 | M50,arac/otomobil,,cmshtjhqn0001uz6s33iayix4,,,false,ELECTRIC,CREATE_CANONICAL_SERIES+CREATE_ELECTRIC_OVERLAY+ADD_ELECTRIC_FUEL_TYPE,oem-public-nav,high
elektrikli-otomobil,BMW,i5,i5,arac/otomobil,,cmshtjhqn0001uz6s33iayix4,,,false,ELECTRIC,CREATE_CANONICAL_SERIES+CREATE_ELECTRIC_OVERLAY+ADD_ELECTRIC_FUEL_TYPE,oem-public-nav,high
elektrikli-otomobil,BMW,i7,i7,arac/otomobil,,cmshtjhqn0001uz6s33iayix4,,,false,ELECTRIC,CREATE_CANONICAL_SERIES+CREATE_ELECTRIC_OVERLAY+ADD_ELECTRIC_FUEL_TYPE,oem-public-nav,high
elektrikli-suv-pickup,BMW,iX,iX,arac/arazi-suv-pickup,,cmshtjhqn0001uz6s33iayix4,cmsi3841w018muzbglnc89ave,,true,ELECTRIC,LINK_EXISTING_CANONICAL+CREATE_ELECTRIC_OVERLAY+ADD_ELECTRIC_FUEL_TYPE,oem-public-nav,high
elektrikli-suv-pickup,BMW,iX1,iX1,arac/arazi-suv-pickup,,cmshtjhqn0001uz6s33iayix4,cmsi38423018ouzbgx30jbmyf,,true,ELECTRIC,LINK_EXISTING_CANONICAL+CREATE_ELECTRIC_OVERLAY+ADD_ELECTRIC_FUEL_TYPE,oem-public-nav,high
elektrikli-suv-pickup,BMW,iX2,iX2,arac/arazi-suv-pickup,,cmshtjhqn0001uz6s33iayix4,cmsi3842a018quzbg6ht67e9b,,true,ELECTRIC,LINK_EXISTING_CANONICAL+CREATE_ELECTRIC_OVERLAY+ADD_ELECTRIC_FUEL_TYPE,oem-public-nav,high
elektrikli-suv-pickup,BMW,iX3,iX3,arac/arazi-suv-pickup,,cmshtjhqn0001uz6s33iayix4,cmsi3842i018suzbglk9bkomk,,true,ELECTRIC,LINK_EXISTING_CANONICAL+CREATE_ELECTRIC_OVERLAY+ADD_ELECTRIC_FUEL_TYPE,oem-public-nav,high
elektrikli-suv-pickup,BYD,Atto 3,Atto 3,arac/arazi-suv-pickup,,cmshvhmsy0002uza8qaxheiih,cmsi37zw900beuzbg95ma30n2,,true,ELECTRIC,LINK_EXISTING_CANONICAL+CREATE_ELECTRIC_OVERLAY+ADD_ELECTRIC_FUEL_TYPE,oem-public-nav,high
elektrikli-otomobil,BYD,Dolphin,Dolphin,arac/otomobil,,cmshvhmsy0002uza8qaxheiih,cmshvhng0001iuza8oqruu7r1,,true,ELECTRIC,LINK_EXISTING_CANONICAL+CREATE_ELECTRIC_OVERLAY+ADD_ELECTRIC_FUEL_TYPE,oem-public-nav,high
elektrikli-otomobil,BYD,Han,Han,arac/otomobil,,cmshvhmsy0002uza8qaxheiih,cmsi37zwh00bguzbg51rqsub6,,true,ELECTRIC,LINK_EXISTING_CANONICAL+CREATE_ELECTRIC_OVERLAY+ADD_ELECTRIC_FUEL_TYPE,oem-public-nav,high
elektrikli-otomobil,BYD,Seal,Seal,arac/otomobil,,cmshvhmsy0002uza8qaxheiih,cmshvhnf7001guza8hk2s3g3s,,true,ELECTRIC,LINK_EXISTING_CANONICAL+CREATE_ELECTRIC_OVERLAY+ADD_ELECTRIC_FUEL_TYPE,oem-public-nav,high
elektrikli-suv-pickup,BYD,Seal U,Seal U,arac/arazi-suv-pickup,,cmshvhmsy0002uza8qaxheiih,cmsi37zwx00bkuzbg8nwju97l,,true,ELECTRIC,LINK_EXISTING_CANONICAL+CREATE_ELECTRIC_OVERLAY+ADD_ELECTRIC_FUEL_TYPE,oem-public-nav,high
elektrikli-suv-pickup,BYD,Tang,Tang,arac/arazi-suv-pickup,,cmshvhmsy0002uza8qaxheiih,cmsi37zx600bmuzbgclpu183i,,true,ELECTRIC,LINK_EXISTING_CANONICAL+CREATE_ELECTRIC_OVERLAY+ADD_ELECTRIC_FUEL_TYPE,oem-public-nav,high
elektrikli-otomobil,Citroen,Ami,Ami,arac/otomobil,,cmshtjhuh000cuz6sl9mjsqrp,,,false,ELECTRIC,CREATE_CANONICAL_SERIES+CREATE_ELECTRIC_OVERLAY+ADD_ELECTRIC_FUEL_TYPE,oem-public-nav,high
elektrikli-minivan-panelvan,Citroen,e-Berlingo,e-Berlingo,arac/minivan-panelvan,,cmshtjhuh000cuz6sl9mjsqrp,,,false,ELECTRIC,CREATE_CANONICAL_SERIES+CREATE_ELECTRIC_OVERLAY+ADD_ELECTRIC_FUEL_TYPE,oem-public-nav,high
elektrikli-otomobil,Citroen,e-C3,e-C3,arac/otomobil,,cmshtjhuh000cuz6sl9mjsqrp,,,false,ELECTRIC,CREATE_CANONICAL_SERIES+CREATE_ELECTRIC_OVERLAY+ADD_ELECTRIC_FUEL_TYPE,oem-public-nav,high
elektrikli-otomobil,Citroen,e-C4,e-C4,arac/otomobil,,cmshtjhuh000cuz6sl9mjsqrp,,,false,ELECTRIC,CREATE_CANONICAL_SERIES+CREATE_ELECTRIC_OVERLAY+ADD_ELECTRIC_FUEL_TYPE,oem-public-nav,high
elektrikli-suv-pickup,Citroen,e-C4 X,e-C4 X,arac/arazi-suv-pickup,,cmshtjhuh000cuz6sl9mjsqrp,,,false,ELECTRIC,CREATE_CANONICAL_SERIES+CREATE_ELECTRIC_OVERLAY+ADD_ELECTRIC_FUEL_TYPE,oem-public-nav,high
elektrikli-otomobil,Cupra,Born,Born,arac/otomobil,,cmshvhmtq0004uza88oj91gwb,cmsi380bg00ewuzbglcdxevrs,,true,ELECTRIC,LINK_EXISTING_CANONICAL+CREATE_ELECTRIC_OVERLAY+ADD_ELECTRIC_FUEL_TYPE,oem-public-nav,high
elektrikli-suv-pickup,Cupra,Tavascan,Tavascan,arac/arazi-suv-pickup,,cmshvhmtq0004uza88oj91gwb,cmsi3849201a2uzbg571uh14j,,true,ELECTRIC,LINK_EXISTING_CANONICAL+CREATE_ELECTRIC_OVERLAY+ADD_ELECTRIC_FUEL_TYPE,oem-public-nav,high
elektrikli-suv-pickup,DS Automobiles,DS 3 E-Tense,DS 3 E-Tense,arac/arazi-suv-pickup,,cmsi37wz6000duzbgdam6bfy0,,,false,ELECTRIC,CREATE_CANONICAL_SERIES+CREATE_ELECTRIC_OVERLAY+ADD_ELECTRIC_FUEL_TYPE,oem-public-nav,high
elektrikli-otomobil,DS Automobiles,DS 4 E-Tense,DS 4 E-Tense,arac/otomobil,,cmsi37wz6000duzbgdam6bfy0,,,false,ELECTRIC,CREATE_CANONICAL_SERIES+CREATE_ELECTRIC_OVERLAY+ADD_ELECTRIC_FUEL_TYPE,oem-public-nav,high
elektrikli-otomobil,Fiat,500e,RED | La Prima | Icon,arac/otomobil,,cmshtjhry0006uz6sx1royaoe,,,false,ELECTRIC,CREATE_CANONICAL_SERIES+CREATE_ELECTRIC_OVERLAY+ADD_ELECTRIC_FUEL_TYPE,oem-public-nav,high
elektrikli-suv-pickup,Fiat,600e,600e,arac/arazi-suv-pickup,,cmshtjhry0006uz6sx1royaoe,,,false,ELECTRIC,CREATE_CANONICAL_SERIES+CREATE_ELECTRIC_OVERLAY+ADD_ELECTRIC_FUEL_TYPE,oem-public-nav,high
elektrikli-minivan-panelvan,Fiat,E-Doblo,E-Doblo,arac/minivan-panelvan,,cmshtjhry0006uz6sx1royaoe,,,false,ELECTRIC,CREATE_CANONICAL_SERIES+CREATE_ELECTRIC_OVERLAY+ADD_ELECTRIC_FUEL_TYPE,oem-public-nav,high
elektrikli-ticari,Fiat,E-Ducato,E-Ducato,arac/ticari-araclar,,cmshtjhry0006uz6sx1royaoe,,,false,ELECTRIC,CREATE_CANONICAL_SERIES+CREATE_ELECTRIC_OVERLAY+ADD_ELECTRIC_FUEL_TYPE,oem-public-nav,high
elektrikli-otomobil,Fiat,Topolino,Topolino,arac/otomobil,,cmshtjhry0006uz6sx1royaoe,,,false,ELECTRIC,CREATE_CANONICAL_SERIES+CREATE_ELECTRIC_OVERLAY+ADD_ELECTRIC_FUEL_TYPE,oem-public-nav,high
elektrikli-suv-pickup,Ford,Capri EV,Capri EV,arac/arazi-suv-pickup,,cmshtjhs50007uz6sydflj8za,,,false,ELECTRIC,CREATE_CANONICAL_SERIES+CREATE_ELECTRIC_OVERLAY+ADD_ELECTRIC_FUEL_TYPE,oem-public-nav,high
elektrikli-ticari,Ford,E-Transit,E-Transit,arac/ticari-araclar,,cmshtjhs50007uz6sydflj8za,,,false,ELECTRIC,CREATE_CANONICAL_SERIES+CREATE_ELECTRIC_OVERLAY+ADD_ELECTRIC_FUEL_TYPE,oem-public-nav,high
elektrikli-minivan-panelvan,Ford,E-Transit Courier,E-Transit Courier,arac/minivan-panelvan,,cmshtjhs50007uz6sydflj8za,,,false,ELECTRIC,CREATE_CANONICAL_SERIES+CREATE_ELECTRIC_OVERLAY+ADD_ELECTRIC_FUEL_TYPE,oem-public-nav,high
elektrikli-suv-pickup,Ford,Explorer EV,Explorer EV,arac/arazi-suv-pickup,,cmshtjhs50007uz6sydflj8za,,,false,ELECTRIC,CREATE_CANONICAL_SERIES+CREATE_ELECTRIC_OVERLAY+ADD_ELECTRIC_FUEL_TYPE,oem-public-nav,high
elektrikli-suv-pickup,Ford,Mustang Mach-E,Select | Premium | GT,arac/arazi-suv-pickup,,cmshtjhs50007uz6sydflj8za,,,false,ELECTRIC,CREATE_CANONICAL_SERIES+CREATE_ELECTRIC_OVERLAY+ADD_ELECTRIC_FUEL_TYPE,oem-public-nav,high
elektrikli-suv-pickup,Honda,e:Ny1,e:Ny1,arac/arazi-suv-pickup,,cmsg3mpf2004buzswb0k5lm8s,,,false,ELECTRIC,CREATE_CANONICAL_SERIES+CREATE_ELECTRIC_OVERLAY+ADD_ELECTRIC_FUEL_TYPE,oem-public-nav,high
elektrikli-otomobil,Honda,Honda e,Honda e,arac/otomobil,,cmsg3mpf2004buzswb0k5lm8s,,,false,ELECTRIC,CREATE_CANONICAL_SERIES+CREATE_ELECTRIC_OVERLAY+ADD_ELECTRIC_FUEL_TYPE,oem-public-nav,high
elektrikli-otomobil,Hyundai,Inster,Inster,arac/otomobil,,cmshtjhsi0009uz6s7xmuhi8w,,,false,ELECTRIC,CREATE_CANONICAL_SERIES+CREATE_ELECTRIC_OVERLAY+ADD_ELECTRIC_FUEL_TYPE,oem-public-nav,high
elektrikli-suv-pickup,Hyundai,Ioniq 5,SE | SEL | Limited,arac/arazi-suv-pickup,,cmshtjhsi0009uz6s7xmuhi8w,cmsi384lc01csuzbg3xfrz1g2,,true,ELECTRIC,LINK_EXISTING_CANONICAL+CREATE_ELECTRIC_OVERLAY+ADD_ELECTRIC_FUEL_TYPE,oem-public-nav,high
elektrikli-otomobil,Hyundai,Ioniq 6,Ioniq 6,arac/otomobil,,cmshtjhsi0009uz6s7xmuhi8w,,,false,ELECTRIC,CREATE_CANONICAL_SERIES+CREATE_ELECTRIC_OVERLAY+ADD_ELECTRIC_FUEL_TYPE,oem-public-nav,high
elektrikli-suv-pickup,Hyundai,Kona Electric,Kona Electric,arac/arazi-suv-pickup,,cmshtjhsi0009uz6s7xmuhi8w,,,false,ELECTRIC,CREATE_CANONICAL_SERIES+CREATE_ELECTRIC_OVERLAY+ADD_ELECTRIC_FUEL_TYPE,oem-public-nav,high
elektrikli-suv-pickup,Jaguar,I-Pace,I-Pace,arac/arazi-suv-pickup,,cmshvhmv80007uza854dw37jb,cmsi384qt01dsuzbgjeo7c2ml,,true,ELECTRIC,LINK_EXISTING_CANONICAL+CREATE_ELECTRIC_OVERLAY+ADD_ELECTRIC_FUEL_TYPE,oem-public-nav,high
elektrikli-suv-pickup,Jeep,Avenger Electric,Avenger Electric,arac/arazi-suv-pickup,,cmshtjhvv000huz6s7vr8uq2r,,,false,ELECTRIC,CREATE_CANONICAL_SERIES+CREATE_ELECTRIC_OVERLAY+ADD_ELECTRIC_FUEL_TYPE,oem-public-nav,high
elektrikli-suv-pickup,Kia,EV3,EV3,arac/arazi-suv-pickup,,cmshtjhvn000guz6s0ro7biaf,cmsi384ub01eeuzbgs986botl,,true,ELECTRIC,LINK_EXISTING_CANONICAL+CREATE_ELECTRIC_OVERLAY+ADD_ELECTRIC_FUEL_TYPE,oem-public-nav,high
elektrikli-suv-pickup,Kia,EV5,EV5,arac/arazi-suv-pickup,,cmshtjhvn000guz6s0ro7biaf,,,false,ELECTRIC,CREATE_CANONICAL_SERIES+CREATE_ELECTRIC_OVERLAY+ADD_ELECTRIC_FUEL_TYPE,oem-public-nav,high
elektrikli-suv-pickup,Kia,EV6,Light | Air | GT-Line | GT,arac/arazi-suv-pickup,,cmshtjhvn000guz6s0ro7biaf,cmsi384ui01eguzbg2l6afbtl,,true,ELECTRIC,LINK_EXISTING_CANONICAL+CREATE_ELECTRIC_OVERLAY+ADD_ELECTRIC_FUEL_TYPE,oem-public-nav,high
elektrikli-suv-pickup,Kia,EV9,EV9,arac/arazi-suv-pickup,,cmshtjhvn000guz6s0ro7biaf,cmsi384ur01eiuzbg1yyuc994,,true,ELECTRIC,LINK_EXISTING_CANONICAL+CREATE_ELECTRIC_OVERLAY+ADD_ELECTRIC_FUEL_TYPE,oem-public-nav,high
elektrikli-suv-pickup,Kia,Niro EV,Niro EV,arac/arazi-suv-pickup,,cmshtjhvn000guz6s0ro7biaf,,,false,ELECTRIC,CREATE_CANONICAL_SERIES+CREATE_ELECTRIC_OVERLAY+ADD_ELECTRIC_FUEL_TYPE,oem-public-nav,high
elektrikli-suv-pickup,Leapmotor,C10,C10,arac/arazi-suv-pickup,,cmsi37x0h000ouzbgjrxrfuee,cmsi381ja00p4uzbgie39rbzx,,true,ELECTRIC,LINK_EXISTING_CANONICAL+CREATE_ELECTRIC_OVERLAY+ADD_ELECTRIC_FUEL_TYPE,oem-public-nav,medium
elektrikli-suv-pickup,Leapmotor,C11,C11,arac/arazi-suv-pickup,,cmsi37x0h000ouzbgjrxrfuee,cmsi381ji00p6uzbgzllqbwrf,,true,ELECTRIC,LINK_EXISTING_CANONICAL+CREATE_ELECTRIC_OVERLAY+ADD_ELECTRIC_FUEL_TYPE,oem-public-nav,medium
elektrikli-otomobil,Leapmotor,T03,T03,arac/otomobil,,cmsi37x0h000ouzbgjrxrfuee,cmsi381jq00p8uzbg1ejlgnxk,,true,ELECTRIC,LINK_EXISTING_CANONICAL+CREATE_ELECTRIC_OVERLAY+ADD_ELECTRIC_FUEL_TYPE,oem-public-nav,medium
elektrikli-suv-pickup,Lexus,RZ,RZ,arac/arazi-suv-pickup,,cmshvhmvl0008uza80vavzxo0,,,false,ELECTRIC,CREATE_CANONICAL_SERIES+CREATE_ELECTRIC_OVERLAY+ADD_ELECTRIC_FUEL_TYPE,oem-public-nav,high
elektrikli-otomobil,Lexus,UX 300e,UX 300e,arac/otomobil,,cmshvhmvl0008uza80vavzxo0,,,false,ELECTRIC,CREATE_CANONICAL_SERIES+CREATE_ELECTRIC_OVERLAY+ADD_ELECTRIC_FUEL_TYPE,oem-public-nav,high
elektrikli-suv-pickup,Mercedes-Benz,EQA,EQA,arac/arazi-suv-pickup,,cmshtjhqw0002uz6s4fy2hgo8,cmsi3854k01geuzbgp66cru5q,,true,ELECTRIC,LINK_EXISTING_CANONICAL+CREATE_ELECTRIC_OVERLAY+ADD_ELECTRIC_FUEL_TYPE,oem-public-nav,high
elektrikli-suv-pickup,Mercedes-Benz,EQB,EQB,arac/arazi-suv-pickup,,cmshtjhqw0002uz6s4fy2hgo8,cmsi3854r01gguzbgpnunw4tp,,true,ELECTRIC,LINK_EXISTING_CANONICAL+CREATE_ELECTRIC_OVERLAY+ADD_ELECTRIC_FUEL_TYPE,oem-public-nav,high
elektrikli-suv-pickup,Mercedes-Benz,EQC,EQC,arac/arazi-suv-pickup,,cmshtjhqw0002uz6s4fy2hgo8,cmsi3855201giuzbgyic3yb7w,,true,ELECTRIC,LINK_EXISTING_CANONICAL+CREATE_ELECTRIC_OVERLAY+ADD_ELECTRIC_FUEL_TYPE,oem-public-nav,high
elektrikli-otomobil,Mercedes-Benz,EQE,EQE,arac/otomobil,,cmshtjhqw0002uz6s4fy2hgo8,cmsi3821h00tguzbg0trq3c7l,,true,ELECTRIC,LINK_EXISTING_CANONICAL+CREATE_ELECTRIC_OVERLAY+ADD_ELECTRIC_FUEL_TYPE,oem-public-nav,high
elektrikli-suv-pickup,Mercedes-Benz,EQE SUV,EQE SUV,arac/arazi-suv-pickup,,cmshtjhqw0002uz6s4fy2hgo8,cmsi3855d01gkuzbgwih96shh,,true,ELECTRIC,LINK_EXISTING_CANONICAL+CREATE_ELECTRIC_OVERLAY+ADD_ELECTRIC_FUEL_TYPE,oem-public-nav,high
elektrikli-otomobil,Mercedes-Benz,EQS,450+ | 580 | 53 AMG,arac/otomobil,,cmshtjhqw0002uz6s4fy2hgo8,cmsi3821o00tiuzbg1lalsq2k,,true,ELECTRIC,LINK_EXISTING_CANONICAL+CREATE_ELECTRIC_OVERLAY+ADD_ELECTRIC_FUEL_TYPE,oem-public-nav,high
elektrikli-suv-pickup,Mercedes-Benz,EQS SUV,EQS SUV,arac/arazi-suv-pickup,,cmshtjhqw0002uz6s4fy2hgo8,cmsi3855m01gmuzbg4imuszqc,,true,ELECTRIC,LINK_EXISTING_CANONICAL+CREATE_ELECTRIC_OVERLAY+ADD_ELECTRIC_FUEL_TYPE,oem-public-nav,high
elektrikli-suv-pickup,Mercedes-Benz,G 580 EQ,G 580 EQ,arac/arazi-suv-pickup,,cmshtjhqw0002uz6s4fy2hgo8,,,false,ELECTRIC,CREATE_CANONICAL_SERIES+CREATE_ELECTRIC_OVERLAY+ADD_ELECTRIC_FUEL_TYPE,oem-public-nav,high
elektrikli-suv-pickup,MG,Marvel R,Marvel R,arac/arazi-suv-pickup,,cmshvhmw5000auza81964swtd,cmsi3857501h0uzbgr3mhqg98,,true,ELECTRIC,LINK_EXISTING_CANONICAL+CREATE_ELECTRIC_OVERLAY+ADD_ELECTRIC_FUEL_TYPE,oem-public-nav,high
elektrikli-otomobil,MG,MG4,MG4,arac/otomobil,,cmshvhmw5000auza81964swtd,cmsi3823b00twuzbgvg7dd1eh,,true,ELECTRIC,LINK_EXISTING_CANONICAL+CREATE_ELECTRIC_OVERLAY+ADD_ELECTRIC_FUEL_TYPE,oem-public-nav,high
elektrikli-otomobil,MG,MG5 Electric,MG5 Electric,arac/otomobil,,cmshvhmw5000auza81964swtd,,,false,ELECTRIC,CREATE_CANONICAL_SERIES+CREATE_ELECTRIC_OVERLAY+ADD_ELECTRIC_FUEL_TYPE,oem-public-nav,high
elektrikli-suv-pickup,MG,ZS EV,ZS EV,arac/arazi-suv-pickup,,cmshvhmw5000auza81964swtd,,,false,ELECTRIC,CREATE_CANONICAL_SERIES+CREATE_ELECTRIC_OVERLAY+ADD_ELECTRIC_FUEL_TYPE,oem-public-nav,high
elektrikli-suv-pickup,Mini,Aceman,Aceman,arac/arazi-suv-pickup,,cmshvhmwc000buza8b00k781p,cmsi3857e01h2uzbglxud7n0w,,true,ELECTRIC,LINK_EXISTING_CANONICAL+CREATE_ELECTRIC_OVERLAY+ADD_ELECTRIC_FUEL_TYPE,oem-public-nav,high
elektrikli-otomobil,Mini,Cooper Electric,Cooper Electric,arac/otomobil,,cmshvhmwc000buza8b00k781p,,,false,ELECTRIC,CREATE_CANONICAL_SERIES+CREATE_ELECTRIC_OVERLAY+ADD_ELECTRIC_FUEL_TYPE,oem-public-nav,high
elektrikli-suv-pickup,Mini,Countryman Electric,Countryman Electric,arac/arazi-suv-pickup,,cmshvhmwc000buza8b00k781p,,,false,ELECTRIC,CREATE_CANONICAL_SERIES+CREATE_ELECTRIC_OVERLAY+ADD_ELECTRIC_FUEL_TYPE,oem-public-nav,high
elektrikli-suv-pickup,Nissan,Ariya,Ariya,arac/arazi-suv-pickup,,cmshtjhvf000fuz6s2kqdodra,cmsi3858101h8uzbgpiyqzz8c,,true,ELECTRIC,LINK_EXISTING_CANONICAL+CREATE_ELECTRIC_OVERLAY+ADD_ELECTRIC_FUEL_TYPE,oem-public-nav,high
elektrikli-otomobil,Nissan,Leaf,Acenta | N-Connecta | Tekna,arac/otomobil,,cmshtjhvf000fuz6s2kqdodra,cmsi382cw00vwuzbgh7pr6mhv,,true,ELECTRIC,LINK_EXISTING_CANONICAL+CREATE_ELECTRIC_OVERLAY+ADD_ELECTRIC_FUEL_TYPE,oem-public-nav,high
elektrikli-minivan-panelvan,Nissan,Townstar EV,Townstar EV,arac/minivan-panelvan,,cmshtjhvf000fuz6s2kqdodra,,,false,ELECTRIC,CREATE_CANONICAL_SERIES+CREATE_ELECTRIC_OVERLAY+ADD_ELECTRIC_FUEL_TYPE,oem-public-nav,high
elektrikli-otomobil,Opel,Astra Electric,Astra Electric,arac/otomobil,,cmshtjhsc0008uz6sv0jjfcbv,,,false,ELECTRIC,CREATE_CANONICAL_SERIES+CREATE_ELECTRIC_OVERLAY+ADD_ELECTRIC_FUEL_TYPE,oem-public-nav,high
elektrikli-minivan-panelvan,Opel,Combo Electric,Combo Electric,arac/minivan-panelvan,,cmshtjhsc0008uz6sv0jjfcbv,,,false,ELECTRIC,CREATE_CANONICAL_SERIES+CREATE_ELECTRIC_OVERLAY+ADD_ELECTRIC_FUEL_TYPE,oem-public-nav,high
elektrikli-otomobil,Opel,Corsa Electric,Corsa Electric,arac/otomobil,,cmshtjhsc0008uz6sv0jjfcbv,,,false,ELECTRIC,CREATE_CANONICAL_SERIES+CREATE_ELECTRIC_OVERLAY+ADD_ELECTRIC_FUEL_TYPE,oem-public-nav,high
elektrikli-suv-pickup,Opel,Frontera Electric,Frontera Electric,arac/arazi-suv-pickup,,cmshtjhsc0008uz6sv0jjfcbv,,,false,ELECTRIC,CREATE_CANONICAL_SERIES+CREATE_ELECTRIC_OVERLAY+ADD_ELECTRIC_FUEL_TYPE,oem-public-nav,high
elektrikli-suv-pickup,Opel,Mokka Electric,Mokka Electric,arac/arazi-suv-pickup,,cmshtjhsc0008uz6sv0jjfcbv,,,false,ELECTRIC,CREATE_CANONICAL_SERIES+CREATE_ELECTRIC_OVERLAY+ADD_ELECTRIC_FUEL_TYPE,oem-public-nav,high
elektrikli-minivan-panelvan,Opel,Vivaro Electric,Vivaro Electric,arac/minivan-panelvan,,cmshtjhsc0008uz6sv0jjfcbv,,,false,ELECTRIC,CREATE_CANONICAL_SERIES+CREATE_ELECTRIC_OVERLAY+ADD_ELECTRIC_FUEL_TYPE,oem-public-nav,high
elektrikli-suv-pickup,Peugeot,e-2008,e-2008,arac/arazi-suv-pickup,,cmshtjhua000buz6skcc6hufw,,,false,ELECTRIC,CREATE_CANONICAL_SERIES+CREATE_ELECTRIC_OVERLAY+ADD_ELECTRIC_FUEL_TYPE,oem-public-nav,high
elektrikli-otomobil,Peugeot,e-208,e-208,arac/otomobil,,cmshtjhua000buz6skcc6hufw,,,false,ELECTRIC,CREATE_CANONICAL_SERIES+CREATE_ELECTRIC_OVERLAY+ADD_ELECTRIC_FUEL_TYPE,oem-public-nav,high
elektrikli-suv-pickup,Peugeot,e-3008,e-3008,arac/arazi-suv-pickup,,cmshtjhua000buz6skcc6hufw,,,false,ELECTRIC,CREATE_CANONICAL_SERIES+CREATE_ELECTRIC_OVERLAY+ADD_ELECTRIC_FUEL_TYPE,oem-public-nav,high
elektrikli-suv-pickup,Peugeot,e-5008,e-5008,arac/arazi-suv-pickup,,cmshtjhua000buz6skcc6hufw,,,false,ELECTRIC,CREATE_CANONICAL_SERIES+CREATE_ELECTRIC_OVERLAY+ADD_ELECTRIC_FUEL_TYPE,oem-public-nav,high
elektrikli-minivan-panelvan,Peugeot,e-Expert,e-Expert,arac/minivan-panelvan,,cmshtjhua000buz6skcc6hufw,,,false,ELECTRIC,CREATE_CANONICAL_SERIES+CREATE_ELECTRIC_OVERLAY+ADD_ELECTRIC_FUEL_TYPE,oem-public-nav,high
elektrikli-minivan-panelvan,Peugeot,e-Partner,e-Partner,arac/minivan-panelvan,,cmshtjhua000buz6skcc6hufw,,,false,ELECTRIC,CREATE_CANONICAL_SERIES+CREATE_ELECTRIC_OVERLAY+ADD_ELECTRIC_FUEL_TYPE,oem-public-nav,high
elektrikli-minivan-panelvan,Peugeot,e-Rifter,e-Rifter,arac/minivan-panelvan,,cmshtjhua000buz6skcc6hufw,,,false,ELECTRIC,CREATE_CANONICAL_SERIES+CREATE_ELECTRIC_OVERLAY+ADD_ELECTRIC_FUEL_TYPE,oem-public-nav,high
elektrikli-otomobil,Polestar,2,2,arac/otomobil,,cmsi37x1y0011uzbgoy9pq5ii,cmsi382r300ysuzbgiiacc48d,,true,ELECTRIC,LINK_EXISTING_CANONICAL+CREATE_ELECTRIC_OVERLAY+ADD_ELECTRIC_FUEL_TYPE,oem-public-nav,high
elektrikli-suv-pickup,Polestar,3,3,arac/arazi-suv-pickup,,cmsi37x1y0011uzbgoy9pq5ii,cmsi382ra00yuuzbgmrzxtf8a,,true,ELECTRIC,LINK_EXISTING_CANONICAL+CREATE_ELECTRIC_OVERLAY+ADD_ELECTRIC_FUEL_TYPE,oem-public-nav,high
elektrikli-suv-pickup,Polestar,4,4,arac/arazi-suv-pickup,,cmsi37x1y0011uzbgoy9pq5ii,cmsi382rn00ywuzbg661bs9t4,,true,ELECTRIC,LINK_EXISTING_CANONICAL+CREATE_ELECTRIC_OVERLAY+ADD_ELECTRIC_FUEL_TYPE,oem-public-nav,high
elektrikli-suv-pickup,Porsche,Macan Electric,Macan Electric,arac/arazi-suv-pickup,,cmshvhmx3000cuza8xakrtmht,,,false,ELECTRIC,CREATE_CANONICAL_SERIES+CREATE_ELECTRIC_OVERLAY+ADD_ELECTRIC_FUEL_TYPE,oem-public-nav,high
elektrikli-otomobil,Porsche,Taycan,4S | Turbo | Turbo S,arac/otomobil,,cmshvhmx3000cuza8xakrtmht,cmsi382ve00zouzbgfjztrs60,,true,ELECTRIC,LINK_EXISTING_CANONICAL+CREATE_ELECTRIC_OVERLAY+ADD_ELECTRIC_FUEL_TYPE,oem-public-nav,high
elektrikli-minivan-panelvan,Renault,Kangoo E-Tech,Kangoo E-Tech,arac/minivan-panelvan,,cmshtjhrn0005uz6sgpkq9zil,,,false,ELECTRIC,CREATE_CANONICAL_SERIES+CREATE_ELECTRIC_OVERLAY+ADD_ELECTRIC_FUEL_TYPE,oem-public-nav,high
elektrikli-ticari,Renault,Master E-Tech,Master E-Tech,arac/ticari-araclar,,cmshtjhrn0005uz6sgpkq9zil,,,false,ELECTRIC,CREATE_CANONICAL_SERIES+CREATE_ELECTRIC_OVERLAY+ADD_ELECTRIC_FUEL_TYPE,oem-public-nav,high
elektrikli-otomobil,Renault,Megane E-Tech,Megane E-Tech,arac/otomobil,,cmshtjhrn0005uz6sgpkq9zil,,,false,ELECTRIC,CREATE_CANONICAL_SERIES+CREATE_ELECTRIC_OVERLAY+ADD_ELECTRIC_FUEL_TYPE,oem-public-nav,high
elektrikli-suv-pickup,Renault,Scenic E-Tech,Scenic E-Tech,arac/arazi-suv-pickup,,cmshtjhrn0005uz6sgpkq9zil,cmsi385bz01i6uzbgqs9llpuy,,true,ELECTRIC,LINK_EXISTING_CANONICAL+CREATE_ELECTRIC_OVERLAY+ADD_ELECTRIC_FUEL_TYPE,oem-public-nav,high
elektrikli-otomobil,Renault,Zoe,Equilibre | Evolution | Iconic,arac/otomobil,,cmshtjhrn0005uz6sgpkq9zil,cmsi3832l011auzbgf5c7rpfh,,true,ELECTRIC,LINK_EXISTING_CANONICAL+CREATE_ELECTRIC_OVERLAY+ADD_ELECTRIC_FUEL_TYPE,oem-public-nav,high
elektrikli-suv-pickup,Seres,Seres 3,Seres 3,arac/arazi-suv-pickup,,cmsi37x5w001uuzbglutnf5ye,cmsi385d401ieuzbgy0boe9ft,,true,ELECTRIC,LINK_EXISTING_CANONICAL+CREATE_ELECTRIC_OVERLAY+ADD_ELECTRIC_FUEL_TYPE,oem-public-nav,medium
elektrikli-suv-pickup,Seres,Seres 5,Seres 5,arac/arazi-suv-pickup,,cmsi37x5w001uuzbglutnf5ye,cmsi385dh01iguzbgjnhygg3p,,true,ELECTRIC,LINK_EXISTING_CANONICAL+CREATE_ELECTRIC_OVERLAY+ADD_ELECTRIC_FUEL_TYPE,oem-public-nav,medium
elektrikli-otomobil,Skoda,Citigo-e,Citigo-e,arac/otomobil,,cmshtjhu3000auz6syy1bvrx4,,,false,ELECTRIC,CREATE_CANONICAL_SERIES+CREATE_ELECTRIC_OVERLAY+ADD_ELECTRIC_FUEL_TYPE,oem-public-nav,high
elektrikli-suv-pickup,Skoda,Elroq,Elroq,arac/arazi-suv-pickup,,cmshtjhu3000auz6syy1bvrx4,cmsi385do01iiuzbgcssxnwqy,,true,ELECTRIC,LINK_EXISTING_CANONICAL+CREATE_ELECTRIC_OVERLAY+ADD_ELECTRIC_FUEL_TYPE,oem-public-nav,high
elektrikli-suv-pickup,Skoda,Enyaq,Enyaq,arac/arazi-suv-pickup,,cmshtjhu3000auz6syy1bvrx4,cmsi385dv01ikuzbg5pss9xef,,true,ELECTRIC,LINK_EXISTING_CANONICAL+CREATE_ELECTRIC_OVERLAY+ADD_ELECTRIC_FUEL_TYPE,oem-public-nav,high
elektrikli-suv-pickup,Skywell,ET5,ET5,arac/arazi-suv-pickup,,cmsi37x63001vuzbgzserb8cp,cmsi385ec01iouzbgg0zxfr6o,,true,ELECTRIC,LINK_EXISTING_CANONICAL+CREATE_ELECTRIC_OVERLAY+ADD_ELECTRIC_FUEL_TYPE,oem-public-nav,medium
elektrikli-suv-pickup,Skywell,HT-i,HT-i,arac/arazi-suv-pickup,,cmsi37x63001vuzbgzserb8cp,,,false,ELECTRIC,CREATE_CANONICAL_SERIES+CREATE_ELECTRIC_OVERLAY+ADD_ELECTRIC_FUEL_TYPE,oem-public-nav,medium
elektrikli-suv-pickup,Smart,#1,#1,arac/arazi-suv-pickup,,cmshvhmy0000duza8ix1ceexk,cmsi383dt013kuzbgafc7utsa,,true,ELECTRIC,LINK_EXISTING_CANONICAL+CREATE_ELECTRIC_OVERLAY+ADD_ELECTRIC_FUEL_TYPE,oem-public-nav,high
elektrikli-suv-pickup,Smart,#3,#3,arac/arazi-suv-pickup,,cmshvhmy0000duza8ix1ceexk,cmsi383e1013muzbgosqaedcj,,true,ELECTRIC,LINK_EXISTING_CANONICAL+CREATE_ELECTRIC_OVERLAY+ADD_ELECTRIC_FUEL_TYPE,oem-public-nav,high
elektrikli-suv-pickup,Subaru,Solterra,Solterra,arac/arazi-suv-pickup,,cmshvhn0s000huza81f8r1gm2,cmsi385ez01isuzbgm1tokwvo,,true,ELECTRIC,LINK_EXISTING_CANONICAL+CREATE_ELECTRIC_OVERLAY+ADD_ELECTRIC_FUEL_TYPE,oem-public-nav,high
elektrikli-suv-pickup,Tesla,Cybertruck,Cybertruck,arac/arazi-suv-pickup,,cmshtjhv2000euz6sl27mo6p5,cmsi385ku01k6uzbg7p2k9mc9,,true,ELECTRIC,LINK_EXISTING_CANONICAL+CREATE_ELECTRIC_OVERLAY+ADD_ELECTRIC_FUEL_TYPE,oem-public-nav,high
elektrikli-otomobil,Tesla,Model 3,RWD | Long Range | Performance,arac/otomobil,,cmshtjhv2000euz6sl27mo6p5,cmshtjiuw003quz6s02ge3jmq,,true,ELECTRIC,LINK_EXISTING_CANONICAL+CREATE_ELECTRIC_OVERLAY+ADD_ELECTRIC_FUEL_TYPE,oem-public-nav,high
elektrikli-otomobil,Tesla,Model S,Model S,arac/otomobil,,cmshtjhv2000euz6sl27mo6p5,cmshtjiw2003uuz6sy6mxoahw,,true,ELECTRIC,LINK_EXISTING_CANONICAL+CREATE_ELECTRIC_OVERLAY+ADD_ELECTRIC_FUEL_TYPE,oem-public-nav,high
elektrikli-suv-pickup,Tesla,Model X,Model X,arac/arazi-suv-pickup,,cmshtjhv2000euz6sl27mo6p5,cmsi383jn014uuzbgpdfibeko,,true,ELECTRIC,LINK_EXISTING_CANONICAL+CREATE_ELECTRIC_OVERLAY+ADD_ELECTRIC_FUEL_TYPE,oem-public-nav,high
elektrikli-suv-pickup,Tesla,Model Y,RWD | Long Range | Performance,arac/arazi-suv-pickup,,cmshtjhv2000euz6sl27mo6p5,cmshtjivl003suz6spmdeg9g0,,true,ELECTRIC,LINK_EXISTING_CANONICAL+CREATE_ELECTRIC_OVERLAY+ADD_ELECTRIC_FUEL_TYPE,oem-public-nav,high
elektrikli-otomobil,TOGG,T10F,T10F,arac/otomobil,,cmshvhn0y000iuza8d5orh5y4,cmsi383mj015guzbgtof3gq4z,,true,ELECTRIC,LINK_EXISTING_CANONICAL+CREATE_ELECTRIC_OVERLAY+ADD_ELECTRIC_FUEL_TYPE,oem-public-nav,medium
elektrikli-suv-pickup,TOGG,T10X,T10X,arac/arazi-suv-pickup,,cmshvhn0y000iuza8d5orh5y4,cmshvhpfe0058uza8jemo09ri,,true,ELECTRIC,LINK_EXISTING_CANONICAL+CREATE_ELECTRIC_OVERLAY+ADD_ELECTRIC_FUEL_TYPE,oem-public-nav,medium
elektrikli-suv-pickup,Toyota,bZ4X,bZ4X,arac/arazi-suv-pickup,,cmshtjhre0004uz6suzheuckg,,,false,ELECTRIC,CREATE_CANONICAL_SERIES+CREATE_ELECTRIC_OVERLAY+ADD_ELECTRIC_FUEL_TYPE,oem-public-nav,high
elektrikli-minivan-panelvan,Toyota,Proace City Electric,Proace City Electric,arac/minivan-panelvan,,cmshtjhre0004uz6suzheuckg,,,false,ELECTRIC,CREATE_CANONICAL_SERIES+CREATE_ELECTRIC_OVERLAY+ADD_ELECTRIC_FUEL_TYPE,oem-public-nav,high
elektrikli-minivan-panelvan,Toyota,Proace Electric,Proace Electric,arac/minivan-panelvan,,cmshtjhre0004uz6suzheuckg,,,false,ELECTRIC,CREATE_CANONICAL_SERIES+CREATE_ELECTRIC_OVERLAY+ADD_ELECTRIC_FUEL_TYPE,oem-public-nav,high
elektrikli-minivan-panelvan,Volkswagen,ID. Buzz,ID. Buzz,arac/minivan-panelvan,,cmshtjhr70003uz6sy5xvm90o,,,false,ELECTRIC,CREATE_CANONICAL_SERIES+CREATE_ELECTRIC_OVERLAY+ADD_ELECTRIC_FUEL_TYPE,oem-public-nav,high
elektrikli-otomobil,Volkswagen,ID.3,ID.3,arac/otomobil,,cmshtjhr70003uz6sy5xvm90o,cmsi383rm016guzbgxxhbxhl7,,true,ELECTRIC,LINK_EXISTING_CANONICAL+CREATE_ELECTRIC_OVERLAY+ADD_ELECTRIC_FUEL_TYPE,oem-public-nav,high
elektrikli-suv-pickup,Volkswagen,ID.4,Pro | GTX,arac/arazi-suv-pickup,,cmshtjhr70003uz6sy5xvm90o,cmsi385i201jiuzbg9dw5lfqu,,true,ELECTRIC,LINK_EXISTING_CANONICAL+CREATE_ELECTRIC_OVERLAY+ADD_ELECTRIC_FUEL_TYPE,oem-public-nav,high
elektrikli-suv-pickup,Volkswagen,ID.5,ID.5,arac/arazi-suv-pickup,,cmshtjhr70003uz6sy5xvm90o,cmsi385ib01jkuzbge68sdr29,,true,ELECTRIC,LINK_EXISTING_CANONICAL+CREATE_ELECTRIC_OVERLAY+ADD_ELECTRIC_FUEL_TYPE,oem-public-nav,high
elektrikli-otomobil,Volkswagen,ID.7,ID.7,arac/otomobil,,cmshtjhr70003uz6sy5xvm90o,,,false,ELECTRIC,CREATE_CANONICAL_SERIES+CREATE_ELECTRIC_OVERLAY+ADD_ELECTRIC_FUEL_TYPE,oem-public-nav,high
elektrikli-suv-pickup,Volvo,C40 Recharge,C40 Recharge,arac/arazi-suv-pickup,,cmsg3msmx0093uzswos2gkcdz,cmsi385iy01jquzbgax2ukc8o,,true,ELECTRIC,LINK_EXISTING_CANONICAL+CREATE_ELECTRIC_OVERLAY+ADD_ELECTRIC_FUEL_TYPE,oem-public-nav,high
elektrikli-suv-pickup,Volvo,EX30,EX30,arac/arazi-suv-pickup,,cmsg3msmx0093uzswos2gkcdz,cmsi385j401jsuzbg2v5wdca4,,true,ELECTRIC,LINK_EXISTING_CANONICAL+CREATE_ELECTRIC_OVERLAY+ADD_ELECTRIC_FUEL_TYPE,oem-public-nav,high
elektrikli-suv-pickup,Volvo,EX40,EX40,arac/arazi-suv-pickup,,cmsg3msmx0093uzswos2gkcdz,cmsi385jd01juuzbgdlx5efti,,true,ELECTRIC,LINK_EXISTING_CANONICAL+CREATE_ELECTRIC_OVERLAY+ADD_ELECTRIC_FUEL_TYPE,oem-public-nav,high
elektrikli-suv-pickup,Volvo,EX90,EX90,arac/arazi-suv-pickup,,cmsg3msmx0093uzswos2gkcdz,cmsi385jn01jwuzbg4ny4c5g5,,true,ELECTRIC,LINK_EXISTING_CANONICAL+CREATE_ELECTRIC_OVERLAY+ADD_ELECTRIC_FUEL_TYPE,oem-public-nav,high
elektrikli-minivan-panelvan,Voyah,Dream,Dream,arac/minivan-panelvan,,cmsi37x6e001xuzbgyq8dc2b7,cmsi385k101k0uzbgr8tq1a9u,,true,ELECTRIC,LINK_EXISTING_CANONICAL+CREATE_ELECTRIC_OVERLAY+ADD_ELECTRIC_FUEL_TYPE,oem-public-nav,medium
elektrikli-suv-pickup,Voyah,Free,Free,arac/arazi-suv-pickup,,cmsi37x6e001xuzbgyq8dc2b7,cmsi385kc01k2uzbgstgerowt,,true,ELECTRIC,LINK_EXISTING_CANONICAL+CREATE_ELECTRIC_OVERLAY+ADD_ELECTRIC_FUEL_TYPE,oem-public-nav,medium
elektrikli-otomobil,Voyah,Passion,Passion,arac/otomobil,,cmsi37x6e001xuzbgyq8dc2b7,cmsi385km01k4uzbgm98u80ky,,true,ELECTRIC,LINK_EXISTING_CANONICAL+CREATE_ELECTRIC_OVERLAY+ADD_ELECTRIC_FUEL_TYPE,oem-public-nav,medium
elektrikli-otomobil,XEV,Yoyo,Yoyo,arac/otomobil,,cmsi37x3y001guzbglwzdps74,cmsi383vy017euzbg2nlp7ww3,,true,ELECTRIC,LINK_EXISTING_CANONICAL+CREATE_ELECTRIC_OVERLAY+ADD_ELECTRIC_FUEL_TYPE,oem-public-nav,medium