brandSlug,modelSlug,categoryPath,fuelTypes,level,action
aion,es,arac/otomobil,ELECTRIC,series,SET_FUEL_TYPES
aion,hyper-gt,arac/otomobil,ELECTRIC,series,SET_FUEL_TYPES
aion,s,arac/otomobil,ELECTRIC,series,SET_FUEL_TYPES
aion,y-plus,arac/arazi-suv-pickup,ELECTRIC,series,SET_FUEL_TYPES
audi,a6-e-tron,arac/otomobil,ELECTRIC,series,SET_FUEL_TYPES
audi,e-tron-gt,arac/otomobil,ELECTRIC,series,SET_FUEL_TYPES
audi,q4-e-tron,arac/arazi-suv-pickup,ELECTRIC,series,SET_FUEL_TYPES
audi,q6-e-tron,arac/arazi-suv-pickup,ELECTRIC,series,SET_FUEL_TYPES
audi,q8-e-tron,arac/arazi-suv-pickup,ELECTRIC,series,SET_FUEL_TYPES
bmw,i3,arac/otomobil,ELECTRIC,series,SET_FUEL_TYPES
bmw,i4,arac/otomobil,ELECTRIC,series,SET_FUEL_TYPES
bmw,i5,arac/otomobil,ELECTRIC,series,SET_FUEL_TYPES
bmw,i7,arac/otomobil,ELECTRIC,series,SET_FUEL_TYPES
bmw,ix,arac/arazi-suv-pickup,ELECTRIC,series,SET_FUEL_TYPES
bmw,ix1,arac/arazi-suv-pickup,ELECTRIC,series,SET_FUEL_TYPES
bmw,ix2,arac/arazi-suv-pickup,ELECTRIC,series,SET_FUEL_TYPES
bmw,ix3,arac/arazi-suv-pickup,ELECTRIC,series,SET_FUEL_TYPES
byd,atto-3,arac/arazi-suv-pickup,ELECTRIC,series,SET_FUEL_TYPES
byd,dolphin,arac/otomobil,ELECTRIC,series,SET_FUEL_TYPES
byd,han,arac/otomobil,ELECTRIC,series,SET_FUEL_TYPES
byd,seal,arac/otomobil,ELECTRIC,series,SET_FUEL_TYPES
byd,seal-u,arac/arazi-suv-pickup,ELECTRIC,series,SET_FUEL_TYPES
byd,tang,arac/arazi-suv-pickup,ELECTRIC,series,SET_FUEL_TYPES
citroen,ami,arac/otomobil,ELECTRIC,series,SET_FUEL_TYPES
citroen,e-berlingo,arac/minivan-panelvan,ELECTRIC,series,SET_FUEL_TYPES
citroen,e-c3,arac/otomobil,ELECTRIC,series,SET_FUEL_TYPES
citroen,e-c4,arac/otomobil,ELECTRIC,series,SET_FUEL_TYPES
citroen,e-c4-x,arac/arazi-suv-pickup,ELECTRIC,series,SET_FUEL_TYPES
cupra,born,arac/otomobil,ELECTRIC,series,SET_FUEL_TYPES
cupra,tavascan,arac/arazi-suv-pickup,ELECTRIC,series,SET_FUEL_TYPES
ds-automobiles,ds-3-e-tense,arac/arazi-suv-pickup,ELECTRIC,series,SET_FUEL_TYPES
ds-automobiles,ds-4-e-tense,arac/otomobil,ELECTRIC,series,SET_FUEL_TYPES
fiat,500e,arac/otomobil,ELECTRIC,series,SET_FUEL_TYPES
fiat,600e,arac/arazi-suv-pickup,ELECTRIC,series,SET_FUEL_TYPES
fiat,e-doblo,arac/minivan-panelvan,ELECTRIC,series,SET_FUEL_TYPES
fiat,e-ducato,arac/ticari-araclar,ELECTRIC,series,SET_FUEL_TYPES
fiat,topolino,arac/otomobil,ELECTRIC,series,SET_FUEL_TYPES
ford,capri-ev,arac/arazi-suv-pickup,ELECTRIC,series,SET_FUEL_TYPES
ford,e-transit,arac/ticari-araclar,ELECTRIC,series,SET_FUEL_TYPES
ford,e-transit-courier,arac/minivan-panelvan,ELECTRIC,series,SET_FUEL_TYPES
ford,explorer-ev,arac/arazi-suv-pickup,ELECTRIC,series,SET_FUEL_TYPES
ford,mustang-mach-e,arac/arazi-suv-pickup,ELECTRIC,series,SET_FUEL_TYPES
honda,e-ny1,arac/arazi-suv-pickup,ELECTRIC,series,SET_FUEL_TYPES
honda,honda-e,arac/otomobil,ELECTRIC,series,SET_FUEL_TYPES
hyundai,inster,arac/otomobil,ELECTRIC,series,SET_FUEL_TYPES
hyundai,ioniq-5,arac/arazi-suv-pickup,ELECTRIC,series,SET_FUEL_TYPES
hyundai,ioniq-6,arac/otomobil,ELECTRIC,series,SET_FUEL_TYPES
hyundai,kona-electric,arac/arazi-suv-pickup,ELECTRIC,series,SET_FUEL_TYPES
jaguar,i-pace,arac/arazi-suv-pickup,ELECTRIC,series,SET_FUEL_TYPES
jeep,avenger-electric,arac/arazi-suv-pickup,ELECTRIC,series,SET_FUEL_TYPES
kia,ev3,arac/arazi-suv-pickup,ELECTRIC,series,SET_FUEL_TYPES
kia,ev5,arac/arazi-suv-pickup,ELECTRIC,series,SET_FUEL_TYPES
kia,ev6,arac/arazi-suv-pickup,ELECTRIC,series,SET_FUEL_TYPES
kia,ev9,arac/arazi-suv-pickup,ELECTRIC,series,SET_FUEL_TYPES
kia,niro-ev,arac/arazi-suv-pickup,ELECTRIC,series,SET_FUEL_TYPES
leapmotor,c10,arac/arazi-suv-pickup,ELECTRIC,series,SET_FUEL_TYPES
leapmotor,c11,arac/arazi-suv-pickup,ELECTRIC,series,SET_FUEL_TYPES
leapmotor,t03,arac/otomobil,ELECTRIC,series,SET_FUEL_TYPES
lexus,rz,arac/arazi-suv-pickup,ELECTRIC,series,SET_FUEL_TYPES
lexus,ux-300e,arac/otomobil,ELECTRIC,series,SET_FUEL_TYPES
mercedes-benz,eqa,arac/arazi-suv-pickup,ELECTRIC,series,SET_FUEL_TYPES
mercedes-benz,eqb,arac/arazi-suv-pickup,ELECTRIC,series,SET_FUEL_TYPES
mercedes-benz,eqc,arac/arazi-suv-pickup,ELECTRIC,series,SET_FUEL_TYPES
mercedes-benz,eqe,arac/otomobil,ELECTRIC,series,SET_FUEL_TYPES
mercedes-benz,eqe-suv,arac/arazi-suv-pickup,ELECTRIC,series,SET_FUEL_TYPES
mercedes-benz,eqs,arac/otomobil,ELECTRIC,series,SET_FUEL_TYPES
mercedes-benz,eqs-suv,arac/arazi-suv-pickup,ELECTRIC,series,SET_FUEL_TYPES
mercedes-benz,g-580-eq,arac/arazi-suv-pickup,ELECTRIC,series,SET_FUEL_TYPES
mg,marvel-r,arac/arazi-suv-pickup,ELECTRIC,series,SET_FUEL_TYPES
mg,mg4,arac/otomobil,ELECTRIC,series,SET_FUEL_TYPES
mg,mg5-electric,arac/otomobil,ELECTRIC,series,SET_FUEL_TYPES
mg,zs-ev,arac/arazi-suv-pickup,ELECTRIC,series,SET_FUEL_TYPES
mini,aceman,arac/arazi-suv-pickup,ELECTRIC,series,SET_FUEL_TYPES
mini,cooper-electric,arac/otomobil,ELECTRIC,series,SET_FUEL_TYPES
mini,countryman-electric,arac/arazi-suv-pickup,ELECTRIC,series,SET_FUEL_TYPES
nissan,ariya,arac/arazi-suv-pickup,ELECTRIC,series,SET_FUEL_TYPES
nissan,leaf,arac/otomobil,ELECTRIC,series,SET_FUEL_TYPES
nissan,townstar-ev,arac/minivan-panelvan,ELECTRIC,series,SET_FUEL_TYPES
opel,astra-electric,arac/otomobil,ELECTRIC,series,SET_FUEL_TYPES
opel,combo-electric,arac/minivan-panelvan,ELECTRIC,series,SET_FUEL_TYPES
opel,corsa-electric,arac/otomobil,ELECTRIC,series,SET_FUEL_TYPES
opel,frontera-electric,arac/arazi-suv-pickup,ELECTRIC,series,SET_FUEL_TYPES
opel,mokka-electric,arac/arazi-suv-pickup,ELECTRIC,series,SET_FUEL_TYPES
opel,vivaro-electric,arac/minivan-panelvan,ELECTRIC,series,SET_FUEL_TYPES
peugeot,e-2008,arac/arazi-suv-pickup,ELECTRIC,series,SET_FUEL_TYPES
peugeot,e-208,arac/otomobil,ELECTRIC,series,SET_FUEL_TYPES
peugeot,e-3008,arac/arazi-suv-pickup,ELECTRIC,series,SET_FUEL_TYPES
peugeot,e-5008,arac/arazi-suv-pickup,ELECTRIC,series,SET_FUEL_TYPES
peugeot,e-expert,arac/minivan-panelvan,ELECTRIC,series,SET_FUEL_TYPES
peugeot,e-partner,arac/minivan-panelvan,ELECTRIC,series,SET_FUEL_TYPES
peugeot,e-rifter,arac/minivan-panelvan,ELECTRIC,series,SET_FUEL_TYPES
polestar,2,arac/otomobil,ELECTRIC,series,SET_FUEL_TYPES
polestar,3,arac/arazi-suv-pickup,ELECTRIC,series,SET_FUEL_TYPES
polestar,4,arac/arazi-suv-pickup,ELECTRIC,series,SET_FUEL_TYPES
porsche,macan-electric,arac/arazi-suv-pickup,ELECTRIC,series,SET_FUEL_TYPES
porsche,taycan,arac/otomobil,ELECTRIC,series,SET_FUEL_TYPES
renault,kangoo-e-tech,arac/minivan-panelvan,ELECTRIC,series,SET_FUEL_TYPES
renault,master-e-tech,arac/ticari-araclar,ELECTRIC,series,SET_FUEL_TYPES
renault,megane-e-tech,arac/otomobil,ELECTRIC,series,SET_FUEL_TYPES
renault,scenic-e-tech,arac/arazi-suv-pickup,ELECTRIC,series,SET_FUEL_TYPES
renault,zoe,arac/otomobil,ELECTRIC,series,SET_FUEL_TYPES
seres,seres-3,arac/arazi-suv-pickup,ELECTRIC,series,SET_FUEL_TYPES
seres,seres-5,arac/arazi-suv-pickup,ELECTRIC,series,SET_FUEL_TYPES
skoda,citigo-e,arac/otomobil,ELECTRIC,series,SET_FUEL_TYPES
skoda,elroq,arac/arazi-suv-pickup,ELECTRIC,series,SET_FUEL_TYPES
skoda,enyaq,arac/arazi-suv-pickup,ELECTRIC,series,SET_FUEL_TYPES
skywell,et5,arac/arazi-suv-pickup,ELECTRIC,series,SET_FUEL_TYPES
skywell,ht-i,arac/arazi-suv-pickup,ELECTRIC,series,SET_FUEL_TYPES
smart,1,arac/arazi-suv-pickup,ELECTRIC,series,SET_FUEL_TYPES
smart,3,arac/arazi-suv-pickup,ELECTRIC,series,SET_FUEL_TYPES
subaru,solterra,arac/arazi-suv-pickup,ELECTRIC,series,SET_FUEL_TYPES
tesla,cybertruck,arac/arazi-suv-pickup,ELECTRIC,series,SET_FUEL_TYPES
tesla,model-3,arac/otomobil,ELECTRIC,series,SET_FUEL_TYPES
tesla,model-s,arac/otomobil,ELECTRIC,series,SET_FUEL_TYPES
tesla,model-x,arac/arazi-suv-pickup,ELECTRIC,series,SET_FUEL_TYPES
tesla,model-y,arac/arazi-suv-pickup,ELECTRIC,series,SET_FUEL_TYPES
togg,t10f,arac/otomobil,ELECTRIC,series,SET_FUEL_TYPES
togg,t10x,arac/arazi-suv-pickup,ELECTRIC,series,SET_FUEL_TYPES
toyota,bz4x,arac/arazi-suv-pickup,ELECTRIC,series,SET_FUEL_TYPES
toyota,proace-city-electric,arac/minivan-panelvan,ELECTRIC,series,SET_FUEL_TYPES
toyota,proace-electric,arac/minivan-panelvan,ELECTRIC,series,SET_FUEL_TYPES
volkswagen,id-buzz,arac/minivan-panelvan,ELECTRIC,series,SET_FUEL_TYPES
volkswagen,id-3,arac/otomobil,ELECTRIC,series,SET_FUEL_TYPES
volkswagen,id-4,arac/arazi-suv-pickup,ELECTRIC,series,SET_FUEL_TYPES
volkswagen,id-5,arac/arazi-suv-pickup,ELECTRIC,series,SET_FUEL_TYPES
volkswagen,id-7,arac/otomobil,ELECTRIC,series,SET_FUEL_TYPES
volvo,c40-recharge,arac/arazi-suv-pickup,ELECTRIC,series,SET_FUEL_TYPES
volvo,ex30,arac/arazi-suv-pickup,ELECTRIC,series,SET_FUEL_TYPES
volvo,ex40,arac/arazi-suv-pickup,ELECTRIC,series,SET_FUEL_TYPES
volvo,ex90,arac/arazi-suv-pickup,ELECTRIC,series,SET_FUEL_TYPES
voyah,dream,arac/minivan-panelvan,ELECTRIC,series,SET_FUEL_TYPES
voyah,free,arac/arazi-suv-pickup,ELECTRIC,series,SET_FUEL_TYPES
voyah,passion,arac/otomobil,ELECTRIC,series,SET_FUEL_TYPES
xev,yoyo,arac/otomobil,ELECTRIC,series,SET_FUEL_TYPES