brand,brandSlug,series,seriesSlug,pathType,runtimeVersionCount,runtimeHasTrim,reason
"Abarth","abarth","595","595","BRAND_SERIES_VERSION_NO_TRIM",6,false,"NOT_RESEARCHED"
"Abarth","abarth","500","500","BRAND_SERIES_VERSION_NO_TRIM",1,false,"NOT_RESEARCHED"
"Abarth","abarth","500C","500c","BRAND_SERIES_VERSION_NO_TRIM",1,false,"NOT_RESEARCHED"
"Abarth","abarth","695","695","BRAND_SERIES_VERSION_NO_TRIM",2,false,"NOT_RESEARCHED"
"Abarth","abarth","Grande Punto","grande-punto","BRAND_SERIES_VERSION_NO_TRIM",1,false,"NOT_RESEARCHED"
"Acura","acura","CL","cl","BRAND_SERIES_VERSION_NO_TRIM",1,false,"NOT_RESEARCHED"
"Acura","acura","CSX","csx","BRAND_SERIES_VERSION_NO_TRIM",1,false,"NOT_RESEARCHED"
"Acura","acura","ILX","ilx","BRAND_SERIES_VERSION_NO_TRIM",1,false,"NOT_RESEARCHED"
"Acura","acura","Integra","integra","BRAND_SERIES_VERSION_NO_TRIM",1,false,"NOT_RESEARCHED"
"Acura","acura","Legend","legend","BRAND_SERIES_VERSION_NO_TRIM",1,false,"NOT_RESEARCHED"
"Acura","acura","MDX","mdx","BRAND_SERIES_VERSION_NO_TRIM",1,false,"NOT_RESEARCHED"
"Acura","acura","NSX","nsx","BRAND_SERIES_VERSION_NO_TRIM",1,false,"NOT_RESEARCHED"
"Acura","acura","RDX","rdx","BRAND_SERIES_VERSION_NO_TRIM",1,false,"NOT_RESEARCHED"
"Acura","acura","RL","rl","BRAND_SERIES_VERSION_NO_TRIM",1,false,"NOT_RESEARCHED"
"Acura","acura","RSX","rsx","BRAND_SERIES_VERSION_NO_TRIM",1,false,"NOT_RESEARCHED"
"Acura","acura","TL","tl","BRAND_SERIES_VERSION_NO_TRIM",1,false,"NOT_RESEARCHED"
"Acura","acura","TLX","tlx","BRAND_SERIES_VERSION_NO_TRIM",1,false,"NOT_RESEARCHED"
"Acura","acura","TSX","tsx","BRAND_SERIES_VERSION_NO_TRIM",1,false,"NOT_RESEARCHED"
"Acura","acura","ZDX","zdx","BRAND_SERIES_VERSION_NO_TRIM",1,false,"NOT_RESEARCHED"
"Aion","aion","ES","es","BRAND_SERIES_VERSION_NO_TRIM",1,false,"NOT_RESEARCHED"
"Aion","aion","Hyper GT","hyper-gt","BRAND_SERIES_VERSION_NO_TRIM",1,false,"NOT_RESEARCHED"
"Aion","aion","S","s","BRAND_SERIES_VERSION_NO_TRIM",1,false,"NOT_RESEARCHED"
"Aion","aion","S Plus","s-plus","BRAND_SERIES_VERSION_NO_TRIM",1,false,"NOT_RESEARCHED"
"Aion","aion","Y","y","BRAND_SERIES_VERSION_NO_TRIM",1,false,"NOT_RESEARCHED"
"Aion","aion","Y Plus","y-plus","BRAND_SERIES_VERSION_NO_TRIM",1,false,"NOT_RESEARCHED"
"Alfa Romeo","alfa-romeo","145","145","BRAND_SERIES_VERSION_NO_TRIM",1,false,"NOT_RESEARCHED"
"Alfa Romeo","alfa-romeo","146","146","BRAND_SERIES_VERSION_NO_TRIM",1,false,"NOT_RESEARCHED"
"Alfa Romeo","alfa-romeo","147","147","BRAND_SERIES_VERSION_NO_TRIM",3,false,"NOT_RESEARCHED"
"Alfa Romeo","alfa-romeo","155","155","BRAND_SERIES_VERSION_NO_TRIM",1,false,"NOT_RESEARCHED"
"Alfa Romeo","alfa-romeo","156","156","BRAND_SERIES_VERSION_NO_TRIM",5,false,"NOT_RESEARCHED"
"Alfa Romeo","alfa-romeo","159","159","BRAND_SERIES_VERSION_NO_TRIM",3,false,"NOT_RESEARCHED"
"Alfa Romeo","alfa-romeo","164","164","BRAND_SERIES_VERSION_NO_TRIM",1,false,"NOT_RESEARCHED"
"Alfa Romeo","alfa-romeo","166","166","BRAND_SERIES_VERSION_NO_TRIM",1,false,"NOT_RESEARCHED"
"Alfa Romeo","alfa-romeo","33","33","BRAND_SERIES_VERSION_NO_TRIM",1,false,"NOT_RESEARCHED"
"Alfa Romeo","alfa-romeo","75","75","BRAND_SERIES_VERSION_NO_TRIM",1,false,"NOT_RESEARCHED"
"Alfa Romeo","alfa-romeo","Brera","brera","BRAND_SERIES_VERSION_NO_TRIM",1,false,"NOT_RESEARCHED"
"Alfa Romeo","alfa-romeo","Giulietta","giulietta","BRAND_SERIES_VERSION_NO_TRIM",4,false,"NOT_RESEARCHED"
"Alfa Romeo","alfa-romeo","GT","gt","BRAND_SERIES_VERSION_NO_TRIM",2,false,"NOT_RESEARCHED"
"Alfa Romeo","alfa-romeo","GTV","gtv","BRAND_SERIES_VERSION_NO_TRIM",1,false,"NOT_RESEARCHED"
"Alfa Romeo","alfa-romeo","MiTo","mito","BRAND_SERIES_VERSION_NO_TRIM",2,false,"NOT_RESEARCHED"
"Alfa Romeo","alfa-romeo","Spider","spider","BRAND_SERIES_VERSION_NO_TRIM",1,false,"NOT_RESEARCHED"
"Alpine","alpine","A110","a110","BRAND_SERIES_VERSION_NO_TRIM",5,false,"NOT_RESEARCHED"
"Alpine","alpine","A290","a290","BRAND_SERIES_VERSION_NO_TRIM",2,false,"NOT_RESEARCHED"
"Anadol","anadol","A1","a1","BRAND_SERIES_VERSION_NO_TRIM",1,false,"NOT_RESEARCHED"
"Anadol","anadol","A2","a2","BRAND_SERIES_VERSION_NO_TRIM",1,false,"NOT_RESEARCHED"
"Anadol","anadol","Böcek","bocek","BRAND_SERIES_VERSION_NO_TRIM",1,false,"NOT_RESEARCHED"
"Anadol","anadol","P2","p2","BRAND_SERIES_VERSION_NO_TRIM",1,false,"NOT_RESEARCHED"
"Anadol","anadol","STC-16","stc-16","BRAND_SERIES_VERSION_NO_TRIM",1,false,"NOT_RESEARCHED"
"Anadol","anadol","SV-1600","sv-1600","BRAND_SERIES_VERSION_NO_TRIM",1,false,"NOT_RESEARCHED"
"ARO","aro","10","10","BRAND_SERIES_VERSION_NO_TRIM",1,false,"NOT_RESEARCHED"
"ARO","aro","24","24","BRAND_SERIES_VERSION_NO_TRIM",1,false,"NOT_RESEARCHED"
"ARO","aro","Spartana","spartana","BRAND_SERIES_VERSION_NO_TRIM",1,false,"NOT_RESEARCHED"
"Arora","arora","S1","s1","BRAND_SERIES_VERSION_NO_TRIM",1,false,"NOT_RESEARCHED"
"Arora","arora","S1 Max","s1-max","BRAND_SERIES_VERSION_NO_TRIM",1,false,"NOT_RESEARCHED"
"Arora","arora","ZR1","zr1","BRAND_SERIES_VERSION_NO_TRIM",1,false,"NOT_RESEARCHED"
"Askam","askam","Fargo","fargo","BRAND_SERIES_VERSION_NO_TRIM",1,false,"NOT_RESEARCHED"
"Aston Martin","aston-martin","Cygnet","cygnet","BRAND_SERIES_VERSION_NO_TRIM",1,false,"NOT_RESEARCHED"
"Aston Martin","aston-martin","DB11","db11","BRAND_SERIES_VERSION_NO_TRIM",1,false,"NOT_RESEARCHED"
"Aston Martin","aston-martin","DB12","db12","BRAND_SERIES_VERSION_NO_TRIM",1,false,"NOT_RESEARCHED"
"Aston Martin","aston-martin","DB7","db7","BRAND_SERIES_VERSION_NO_TRIM",1,false,"NOT_RESEARCHED"
"Aston Martin","aston-martin","DB9","db9","BRAND_SERIES_VERSION_NO_TRIM",1,false,"NOT_RESEARCHED"
"Aston Martin","aston-martin","DBS","dbs","BRAND_SERIES_VERSION_NO_TRIM",1,false,"NOT_RESEARCHED"
"Aston Martin","aston-martin","Lagonda","lagonda","BRAND_SERIES_VERSION_NO_TRIM",1,false,"NOT_RESEARCHED"
"Aston Martin","aston-martin","Rapide","rapide","BRAND_SERIES_VERSION_NO_TRIM",1,false,"NOT_RESEARCHED"
"Aston Martin","aston-martin","Vanquish","vanquish","BRAND_SERIES_VERSION_NO_TRIM",1,false,"NOT_RESEARCHED"
"Aston Martin","aston-martin","Vantage","vantage","BRAND_SERIES_VERSION_NO_TRIM",1,false,"NOT_RESEARCHED"
"Aston Martin","aston-martin","Virage","virage","BRAND_SERIES_VERSION_NO_TRIM",1,false,"NOT_RESEARCHED"
"Aston Martin","aston-martin","DBX","dbx","BRAND_SERIES_VERSION_NO_TRIM",2,false,"NOT_RESEARCHED"
"Audi","audi","Q2","q2","BRAND_SERIES_VERSION_NO_TRIM",4,false,"NO_TRIM_AFTER_RESEARCH"
"Audi","audi","100","100","BRAND_SERIES_VERSION_NO_TRIM",1,false,"NOT_RESEARCHED"
"Audi","audi","200","200","BRAND_SERIES_VERSION_NO_TRIM",1,false,"NOT_RESEARCHED"
"Audi","audi","80","80","BRAND_SERIES_VERSION_NO_TRIM",1,false,"NOT_RESEARCHED"
"Audi","audi","90","90","BRAND_SERIES_VERSION_NO_TRIM",1,false,"NOT_RESEARCHED"
"Audi","audi","A1","a1","BRAND_SERIES_VERSION_NO_TRIM",3,false,"NOT_RESEARCHED"
"Audi","audi","A2","a2","BRAND_SERIES_VERSION_NO_TRIM",1,false,"NOT_RESEARCHED"
"Audi","audi","A5","a5","BRAND_SERIES_VERSION_NO_TRIM",5,false,"NO_TRIM_AFTER_RESEARCH"
"Audi","audi","A7","a7","BRAND_SERIES_VERSION_NO_TRIM",4,false,"NO_TRIM_AFTER_RESEARCH"
"Audi","audi","A8","a8","BRAND_SERIES_VERSION_NO_TRIM",4,false,"NO_TRIM_AFTER_RESEARCH"
"Audi","audi","Cabrio","cabrio","BRAND_SERIES_VERSION_NO_TRIM",1,false,"NOT_RESEARCHED"
"Audi","audi","e-tron GT","e-tron-gt","BRAND_SERIES_VERSION_NO_TRIM",3,false,"NOT_RESEARCHED"
"Audi","audi","R8","r8","BRAND_SERIES_VERSION_NO_TRIM",1,false,"NOT_RESEARCHED"
"Audi","audi","RS3","rs3","BRAND_SERIES_VERSION_NO_TRIM",1,false,"NOT_RESEARCHED"
"Audi","audi","RS4","rs4","BRAND_SERIES_VERSION_NO_TRIM",1,false,"NOT_RESEARCHED"
"Audi","audi","RS5","rs5","BRAND_SERIES_VERSION_NO_TRIM",1,false,"NOT_RESEARCHED"
"Audi","audi","RS6","rs6","BRAND_SERIES_VERSION_NO_TRIM",1,false,"NOT_RESEARCHED"
"Audi","audi","RS7","rs7","BRAND_SERIES_VERSION_NO_TRIM",1,false,"NOT_RESEARCHED"
"Audi","audi","S1","s1","BRAND_SERIES_VERSION_NO_TRIM",1,false,"NOT_RESEARCHED"
"Audi","audi","S3","s3","BRAND_SERIES_VERSION_NO_TRIM",1,false,"NOT_RESEARCHED"
"Audi","audi","S4","s4","BRAND_SERIES_VERSION_NO_TRIM",1,false,"NOT_RESEARCHED"
"Audi","audi","S5","s5","BRAND_SERIES_VERSION_NO_TRIM",1,false,"NOT_RESEARCHED"
"Audi","audi","S6","s6","BRAND_SERIES_VERSION_NO_TRIM",1,false,"NOT_RESEARCHED"
"Audi","audi","S7","s7","BRAND_SERIES_VERSION_NO_TRIM",1,false,"NOT_RESEARCHED"
"Audi","audi","S8","s8","BRAND_SERIES_VERSION_NO_TRIM",1,false,"NOT_RESEARCHED"
"Audi","audi","TT","tt","BRAND_SERIES_VERSION_NO_TRIM",4,false,"NO_TRIM_AFTER_RESEARCH"
"Audi","audi","Q6 e-tron","q6-e-tron","BRAND_SERIES_VERSION_NO_TRIM",1,false,"NOT_RESEARCHED"
"Audi","audi","Q7","q7","BRAND_SERIES_VERSION_NO_TRIM",3,false,"NO_TRIM_AFTER_RESEARCH"
"Audi","audi","Q8","q8","BRAND_SERIES_VERSION_NO_TRIM",3,false,"NO_TRIM_AFTER_RESEARCH"
"Audi","audi","Q8 e-tron","q8-e-tron","BRAND_SERIES_VERSION_NO_TRIM",3,false,"NOT_RESEARCHED"
"Audi","audi","RS Q3","rs-q3","BRAND_SERIES_VERSION_NO_TRIM",1,false,"NOT_RESEARCHED"
"Audi","audi","RS Q8","rs-q8","BRAND_SERIES_VERSION_NO_TRIM",1,false,"NOT_RESEARCHED"
"Audi","audi","SQ5","sq5","BRAND_SERIES_VERSION_NO_TRIM",1,false,"NOT_RESEARCHED"
"Audi","audi","SQ7","sq7","BRAND_SERIES_VERSION_NO_TRIM",1,false,"NOT_RESEARCHED"
"Audi","audi","SQ8","sq8","BRAND_SERIES_VERSION_NO_TRIM",1,false,"NOT_RESEARCHED"
"Bajaj","bajaj","Qute","qute","BRAND_SERIES_VERSION_NO_TRIM",1,false,"NOT_RESEARCHED"
"Bentley","bentley","Arnage","arnage","BRAND_SERIES_VERSION_NO_TRIM",1,false,"NOT_RESEARCHED"
"Bentley","bentley","Azure","azure","BRAND_SERIES_VERSION_NO_TRIM",1,false,"NOT_RESEARCHED"
"Bentley","bentley","Bentayga","bentayga","BRAND_SERIES_VERSION_NO_TRIM",5,false,"NOT_RESEARCHED"
"Bentley","bentley","Brooklands","brooklands","BRAND_SERIES_VERSION_NO_TRIM",1,false,"NOT_RESEARCHED"
"Bentley","bentley","Continental Flying Spur","continental-flying-spur","BRAND_SERIES_VERSION_NO_TRIM",1,false,"NOT_RESEARCHED"
"Bentley","bentley","Continental GT","continental-gt","BRAND_SERIES_VERSION_NO_TRIM",1,false,"NOT_RESEARCHED"
"Bentley","bentley","Flying Spur","flying-spur","BRAND_SERIES_VERSION_NO_TRIM",1,false,"NOT_RESEARCHED"
"Bentley","bentley","Mulsanne","mulsanne","BRAND_SERIES_VERSION_NO_TRIM",1,false,"NOT_RESEARCHED"
"Bentley","bentley","Turbo R","turbo-r","BRAND_SERIES_VERSION_NO_TRIM",1,false,"NOT_RESEARCHED"
"BMC","bmc","Levend","levend","BRAND_SERIES_VERSION_NO_TRIM",1,false,"NOT_RESEARCHED"
"BMC","bmc","Megastar","megastar","BRAND_SERIES_VERSION_NO_TRIM",1,false,"NOT_RESEARCHED"
"BMW","bmw","i Serisi","i-serisi","BRAND_SERIES_VERSION_NO_TRIM",8,false,"NO_TRIM_AFTER_RESEARCH"
"BMW","bmw","M Serisi","m-serisi","BRAND_SERIES_VERSION_NO_TRIM",7,false,"NO_TRIM_AFTER_RESEARCH"
"BMW","bmw","Z Serisi","z-serisi","BRAND_SERIES_VERSION_NO_TRIM",4,false,"NO_TRIM_AFTER_RESEARCH"
"BMW","bmw","X4","x4","BRAND_SERIES_VERSION_NO_TRIM",4,false,"NO_TRIM_AFTER_RESEARCH"
"BMW","bmw","i3","i3","BRAND_SERIES_VERSION_NO_TRIM",1,false,"NO_TRIM_AFTER_RESEARCH"
"Buick","buick","Century","century","BRAND_SERIES_VERSION_NO_TRIM",1,false,"NOT_RESEARCHED"
"Buick","buick","Electra","electra","BRAND_SERIES_VERSION_NO_TRIM",1,false,"NOT_RESEARCHED"
"Buick","buick","Enclave","enclave","BRAND_SERIES_VERSION_NO_TRIM",1,false,"NOT_RESEARCHED"
"Buick","buick","Encore","encore","BRAND_SERIES_VERSION_NO_TRIM",1,false,"NOT_RESEARCHED"
"Buick","buick","Envision","envision","BRAND_SERIES_VERSION_NO_TRIM",1,false,"NOT_RESEARCHED"
"Buick","buick","LaCrosse","lacrosse","BRAND_SERIES_VERSION_NO_TRIM",1,false,"NOT_RESEARCHED"
"Buick","buick","LeSabre","lesabre","BRAND_SERIES_VERSION_NO_TRIM",1,false,"NOT_RESEARCHED"
"Buick","buick","Park Avenue","park-avenue","BRAND_SERIES_VERSION_NO_TRIM",1,false,"NOT_RESEARCHED"
"Buick","buick","Regal","regal","BRAND_SERIES_VERSION_NO_TRIM",1,false,"NOT_RESEARCHED"
"Buick","buick","Riviera","riviera","BRAND_SERIES_VERSION_NO_TRIM",1,false,"NOT_RESEARCHED"
"Buick","buick","Roadmaster","roadmaster","BRAND_SERIES_VERSION_NO_TRIM",1,false,"NOT_RESEARCHED"
"Buick","buick","Skylark","skylark","BRAND_SERIES_VERSION_NO_TRIM",1,false,"NOT_RESEARCHED"
"BYD","byd","Qin","qin","BRAND_SERIES_VERSION_NO_TRIM",1,false,"NOT_RESEARCHED"
"BYD","byd","Seal U","seal-u","BRAND_SERIES_VERSION_NO_TRIM",6,false,"NOT_RESEARCHED"
"Cadillac","cadillac","ATS","ats","BRAND_SERIES_VERSION_NO_TRIM",1,false,"NOT_RESEARCHED"
"Cadillac","cadillac","BLS","bls","BRAND_SERIES_VERSION_NO_TRIM",1,false,"NOT_RESEARCHED"
"Cadillac","cadillac","CT4","ct4","BRAND_SERIES_VERSION_NO_TRIM",1,false,"NOT_RESEARCHED"
"Cadillac","cadillac","CT5","ct5","BRAND_SERIES_VERSION_NO_TRIM",1,false,"NOT_RESEARCHED"
"Cadillac","cadillac","CT6","ct6","BRAND_SERIES_VERSION_NO_TRIM",1,false,"NOT_RESEARCHED"
"Cadillac","cadillac","CTS","cts","BRAND_SERIES_VERSION_NO_TRIM",1,false,"NOT_RESEARCHED"
"Cadillac","cadillac","DeVille","deville","BRAND_SERIES_VERSION_NO_TRIM",1,false,"NOT_RESEARCHED"
"Cadillac","cadillac","Eldorado","eldorado","BRAND_SERIES_VERSION_NO_TRIM",1,false,"NOT_RESEARCHED"
"Cadillac","cadillac","Fleetwood","fleetwood","BRAND_SERIES_VERSION_NO_TRIM",1,false,"NOT_RESEARCHED"
"Cadillac","cadillac","Seville","seville","BRAND_SERIES_VERSION_NO_TRIM",1,false,"NOT_RESEARCHED"
"Cadillac","cadillac","STS","sts","BRAND_SERIES_VERSION_NO_TRIM",1,false,"NOT_RESEARCHED"
"Cadillac","cadillac","XLR","xlr","BRAND_SERIES_VERSION_NO_TRIM",1,false,"NOT_RESEARCHED"
"Cadillac","cadillac","Escalade","escalade","BRAND_SERIES_VERSION_NO_TRIM",1,false,"NOT_RESEARCHED"
"Cadillac","cadillac","SRX","srx","BRAND_SERIES_VERSION_NO_TRIM",1,false,"NOT_RESEARCHED"
"Cadillac","cadillac","XT4","xt4","BRAND_SERIES_VERSION_NO_TRIM",1,false,"NOT_RESEARCHED"
"Cadillac","cadillac","XT5","xt5","BRAND_SERIES_VERSION_NO_TRIM",1,false,"NOT_RESEARCHED"
"Cadillac","cadillac","XT6","xt6","BRAND_SERIES_VERSION_NO_TRIM",1,false,"NOT_RESEARCHED"
"Chery","chery","Tiggo 7 Pro","tiggo-7-pro","BRAND_SERIES_VERSION_NO_TRIM",4,false,"NOT_RESEARCHED"
"Chery","chery","Tiggo 8 Pro","tiggo-8-pro","BRAND_SERIES_VERSION_NO_TRIM",3,false,"NOT_RESEARCHED"
"Chery","chery","Alia","alia","BRAND_SERIES_VERSION_NO_TRIM",1,false,"NOT_RESEARCHED"
"Chery","chery","Chance","chance","BRAND_SERIES_VERSION_NO_TRIM",1,false,"NOT_RESEARCHED"
"Chery","chery","Kimo","kimo","BRAND_SERIES_VERSION_NO_TRIM",1,false,"NOT_RESEARCHED"
"Chery","chery","Niche","niche","BRAND_SERIES_VERSION_NO_TRIM",1,false,"NOT_RESEARCHED"
"Chery","chery","Omoda 5","omoda-5","BRAND_SERIES_VERSION_NO_TRIM",1,false,"NOT_RESEARCHED"
"Chery","chery","Tiggo 3","tiggo-3","BRAND_SERIES_VERSION_NO_TRIM",1,false,"NOT_RESEARCHED"
"Chery","chery","Tiggo 7","tiggo-7","BRAND_SERIES_VERSION_NO_TRIM",1,false,"NOT_RESEARCHED"
"Chery","chery","Tiggo 8","tiggo-8","BRAND_SERIES_VERSION_NO_TRIM",1,false,"NOT_RESEARCHED"
"Chery","chery","Tiggo 4 Pro","tiggo-4-pro","BRAND_SERIES_VERSION_NO_TRIM",1,false,"NOT_RESEARCHED"
"Chery","chery","Tiggo 8 Pro Max","tiggo-8-pro-max","BRAND_SERIES_VERSION_NO_TRIM",1,false,"NOT_RESEARCHED"
"Chery","chery","Taxim","taxim","BRAND_SERIES_VERSION_NO_TRIM",1,false,"NOT_RESEARCHED"
"Chevrolet","chevrolet","Aveo","aveo","BRAND_SERIES_VERSION_NO_TRIM",5,false,"NOT_RESEARCHED"
"Chevrolet","chevrolet","Captiva","captiva","BRAND_SERIES_VERSION_NO_TRIM",3,false,"NOT_RESEARCHED"
"Chevrolet","chevrolet","Camaro","camaro","BRAND_SERIES_VERSION_NO_TRIM",1,false,"NOT_RESEARCHED"
"Chevrolet","chevrolet","Caprice","caprice","BRAND_SERIES_VERSION_NO_TRIM",1,false,"NOT_RESEARCHED"
"Chevrolet","chevrolet","Corvette","corvette","BRAND_SERIES_VERSION_NO_TRIM",1,false,"NOT_RESEARCHED"
"Chevrolet","chevrolet","Cruze","cruze","BRAND_SERIES_VERSION_NO_TRIM",4,false,"NOT_RESEARCHED"
"Chevrolet","chevrolet","Epica","epica","BRAND_SERIES_VERSION_NO_TRIM",1,false,"NOT_RESEARCHED"
"Chevrolet","chevrolet","Evanda","evanda","BRAND_SERIES_VERSION_NO_TRIM",1,false,"NOT_RESEARCHED"
"Chevrolet","chevrolet","Kalos","kalos","BRAND_SERIES_VERSION_NO_TRIM",1,false,"NOT_RESEARCHED"
"Chevrolet","chevrolet","Lacetti","lacetti","BRAND_SERIES_VERSION_NO_TRIM",2,false,"NOT_RESEARCHED"
"Chevrolet","chevrolet","Malibu","malibu","BRAND_SERIES_VERSION_NO_TRIM",1,false,"NOT_RESEARCHED"
"Chevrolet","chevrolet","Optra","optra","BRAND_SERIES_VERSION_NO_TRIM",1,false,"NOT_RESEARCHED"
"Chevrolet","chevrolet","Rezzo","rezzo","BRAND_SERIES_VERSION_NO_TRIM",1,false,"NOT_RESEARCHED"
"Chevrolet","chevrolet","Spark","spark","BRAND_SERIES_VERSION_NO_TRIM",2,false,"NOT_RESEARCHED"
"Chevrolet","chevrolet","Blazer","blazer","BRAND_SERIES_VERSION_NO_TRIM",1,false,"NOT_RESEARCHED"
"Chevrolet","chevrolet","Equinox","equinox","BRAND_SERIES_VERSION_NO_TRIM",1,false,"NOT_RESEARCHED"
"Chevrolet","chevrolet","Suburban","suburban","BRAND_SERIES_VERSION_NO_TRIM",1,false,"NOT_RESEARCHED"
"Chevrolet","chevrolet","Tahoe","tahoe","BRAND_SERIES_VERSION_NO_TRIM",1,false,"NOT_RESEARCHED"
"Chevrolet","chevrolet","Tracker","tracker","BRAND_SERIES_VERSION_NO_TRIM",1,false,"NOT_RESEARCHED"
"Chevrolet","chevrolet","Trailblazer","trailblazer","BRAND_SERIES_VERSION_NO_TRIM",1,false,"NOT_RESEARCHED"
"Chevrolet","chevrolet","Astro","astro","BRAND_SERIES_VERSION_NO_TRIM",1,false,"NOT_RESEARCHED"
"Chevrolet","chevrolet","Express","express","BRAND_SERIES_VERSION_NO_TRIM",1,false,"NOT_RESEARCHED"
"Chrysler","chrysler","300 C","300-c","BRAND_SERIES_VERSION_NO_TRIM",1,false,"NOT_RESEARCHED"
"Chrysler","chrysler","300 M","300-m","BRAND_SERIES_VERSION_NO_TRIM",1,false,"NOT_RESEARCHED"
"Chrysler","chrysler","Concorde","concorde","BRAND_SERIES_VERSION_NO_TRIM",1,false,"NOT_RESEARCHED"
"Chrysler","chrysler","Crossfire","crossfire","BRAND_SERIES_VERSION_NO_TRIM",1,false,"NOT_RESEARCHED"
"Chrysler","chrysler","LeBaron","lebaron","BRAND_SERIES_VERSION_NO_TRIM",1,false,"NOT_RESEARCHED"
"Chrysler","chrysler","Neon","neon","BRAND_SERIES_VERSION_NO_TRIM",1,false,"NOT_RESEARCHED"
"Chrysler","chrysler","PT Cruiser","pt-cruiser","BRAND_SERIES_VERSION_NO_TRIM",1,false,"NOT_RESEARCHED"
"Chrysler","chrysler","Sebring","sebring","BRAND_SERIES_VERSION_NO_TRIM",1,false,"NOT_RESEARCHED"
"Chrysler","chrysler","Stratus","stratus","BRAND_SERIES_VERSION_NO_TRIM",1,false,"NOT_RESEARCHED"
"Chrysler","chrysler","Vision","vision","BRAND_SERIES_VERSION_NO_TRIM",1,false,"NOT_RESEARCHED"
"Chrysler","chrysler","Aspen","aspen","BRAND_SERIES_VERSION_NO_TRIM",1,false,"NOT_RESEARCHED"
"Chrysler","chrysler","Pacifica","pacifica","BRAND_SERIES_VERSION_NO_TRIM",1,false,"NOT_RESEARCHED"
"Chrysler","chrysler","Grand Voyager","grand-voyager","BRAND_SERIES_VERSION_NO_TRIM",1,false,"NOT_RESEARCHED"
"Chrysler","chrysler","Voyager","voyager","BRAND_SERIES_VERSION_NO_TRIM",1,false,"NOT_RESEARCHED"
"Citroen","citroen","C4","c4","BRAND_SERIES_VERSION_NO_TRIM",5,false,"NOT_RESEARCHED"
"Citroen","citroen","C-Elysée","c-elysee","BRAND_SERIES_VERSION_NO_TRIM",1,false,"NOT_RESEARCHED"
"Citroen","citroen","AX","ax","BRAND_SERIES_VERSION_NO_TRIM",1,false,"NOT_RESEARCHED"
"Citroen","citroen","BX","bx","BRAND_SERIES_VERSION_NO_TRIM",1,false,"NOT_RESEARCHED"
"Citroen","citroen","C1","c1","BRAND_SERIES_VERSION_NO_TRIM",2,false,"NOT_RESEARCHED"
"Citroen","citroen","C2","c2","BRAND_SERIES_VERSION_NO_TRIM",1,false,"NOT_RESEARCHED"
"Citroen","citroen","C4 X","c4-x","BRAND_SERIES_VERSION_NO_TRIM",3,false,"NOT_RESEARCHED"
"Citroen","citroen","C5","c5","BRAND_SERIES_VERSION_NO_TRIM",3,false,"NOT_RESEARCHED"
"Citroen","citroen","C6","c6","BRAND_SERIES_VERSION_NO_TRIM",1,false,"NOT_RESEARCHED"
"Citroen","citroen","C8","c8","BRAND_SERIES_VERSION_NO_TRIM",1,false,"NOT_RESEARCHED"
"Citroen","citroen","DS3","ds3","BRAND_SERIES_VERSION_NO_TRIM",1,false,"NOT_RESEARCHED"
"Citroen","citroen","DS4","ds4","BRAND_SERIES_VERSION_NO_TRIM",1,false,"NOT_RESEARCHED"
"Citroen","citroen","DS5","ds5","BRAND_SERIES_VERSION_NO_TRIM",1,false,"NOT_RESEARCHED"
"Citroen","citroen","Saxo","saxo","BRAND_SERIES_VERSION_NO_TRIM",1,false,"NOT_RESEARCHED"
"Citroen","citroen","Xantia","xantia","BRAND_SERIES_VERSION_NO_TRIM",1,false,"NOT_RESEARCHED"
"Citroen","citroen","Xsara","xsara","BRAND_SERIES_VERSION_NO_TRIM",3,false,"NOT_RESEARCHED"
"Citroen","citroen","Xsara Picasso","xsara-picasso","BRAND_SERIES_VERSION_NO_TRIM",2,false,"NOT_RESEARCHED"
"Citroen","citroen","ZX","zx","BRAND_SERIES_VERSION_NO_TRIM",1,false,"NOT_RESEARCHED"
"Citroen","citroen","C4 Cactus","c4-cactus","BRAND_SERIES_VERSION_NO_TRIM",2,false,"NOT_RESEARCHED"
"Citroen","citroen","Berlingo","berlingo","BRAND_SERIES_VERSION_NO_TRIM",3,false,"NOT_RESEARCHED"
"Citroen","citroen","Jumper","jumper","BRAND_SERIES_VERSION_NO_TRIM",2,false,"NOT_RESEARCHED"
"Citroen","citroen","Jumpy","jumpy","BRAND_SERIES_VERSION_NO_TRIM",2,false,"NOT_RESEARCHED"
"Citroen","citroen","Nemo","nemo","BRAND_SERIES_VERSION_NO_TRIM",1,false,"NOT_RESEARCHED"
"Citroen","citroen","Ami","ami","BRAND_SERIES_VERSION_NO_TRIM",1,false,"NOT_RESEARCHED"
"Citroen","citroen","e-Berlingo","e-berlingo","BRAND_SERIES_VERSION_NO_TRIM",1,false,"NOT_RESEARCHED"
"Citroen","citroen","e-C3","e-c3","BRAND_SERIES_VERSION_NO_TRIM",1,false,"NOT_RESEARCHED"
"Citroen","citroen","e-C4","e-c4","BRAND_SERIES_VERSION_NO_TRIM",1,false,"NOT_RESEARCHED"
"Citroen","citroen","e-C4 X","e-c4-x","BRAND_SERIES_VERSION_NO_TRIM",1,false,"NOT_RESEARCHED"
"Cupra","cupra","Born","born","BRAND_SERIES_VERSION_NO_TRIM",2,false,"NO_TRIM_AFTER_RESEARCH"
"Cupra","cupra","Ateca","ateca","BRAND_SERIES_VERSION_NO_TRIM",1,false,"NOT_RESEARCHED"
"Cupra","cupra","Tavascan","tavascan","BRAND_SERIES_VERSION_NO_TRIM",3,false,"NOT_RESEARCHED"
"Dacia","dacia","Spring","spring","BRAND_SERIES_VERSION_NO_TRIM",2,false,"NOT_RESEARCHED"
"Dacia","dacia","Dokker","dokker","BRAND_SERIES_VERSION_NO_TRIM",3,false,"NOT_RESEARCHED"
"Dacia","dacia","Lodgy","lodgy","BRAND_SERIES_VERSION_NO_TRIM",3,false,"NOT_RESEARCHED"
"Dacia","dacia","Solenza","solenza","BRAND_SERIES_VERSION_NO_TRIM",1,false,"NOT_RESEARCHED"
"Dacia","dacia","Bigster","bigster","BRAND_SERIES_VERSION_NO_TRIM",1,false,"NOT_RESEARCHED"
"Daewoo","daewoo","Espero","espero","BRAND_SERIES_VERSION_NO_TRIM",1,false,"NOT_RESEARCHED"
"Daewoo","daewoo","Lanos","lanos","BRAND_SERIES_VERSION_NO_TRIM",1,false,"NOT_RESEARCHED"
"Daewoo","daewoo","Leganza","leganza","BRAND_SERIES_VERSION_NO_TRIM",1,false,"NOT_RESEARCHED"
"Daewoo","daewoo","Matiz","matiz","BRAND_SERIES_VERSION_NO_TRIM",1,false,"NOT_RESEARCHED"
"Daewoo","daewoo","Nexia","nexia","BRAND_SERIES_VERSION_NO_TRIM",1,false,"NOT_RESEARCHED"
"Daewoo","daewoo","Nubira","nubira","BRAND_SERIES_VERSION_NO_TRIM",1,false,"NOT_RESEARCHED"
"Daewoo","daewoo","Racer","racer","BRAND_SERIES_VERSION_NO_TRIM",1,false,"NOT_RESEARCHED"
"Daewoo","daewoo","Tacuma","tacuma","BRAND_SERIES_VERSION_NO_TRIM",1,false,"NOT_RESEARCHED"
"Daewoo","daewoo","Tico","tico","BRAND_SERIES_VERSION_NO_TRIM",1,false,"NOT_RESEARCHED"
"Daewoo","daewoo","Musso","musso","BRAND_SERIES_VERSION_NO_TRIM",1,false,"NOT_RESEARCHED"
"Daewoo","daewoo","Korando","korando","BRAND_SERIES_VERSION_NO_TRIM",1,false,"NOT_RESEARCHED"
"Daihatsu","daihatsu","Applause","applause","BRAND_SERIES_VERSION_NO_TRIM",1,false,"NOT_RESEARCHED"
"Daihatsu","daihatsu","Charade","charade","BRAND_SERIES_VERSION_NO_TRIM",1,false,"NOT_RESEARCHED"
"Daihatsu","daihatsu","Copen","copen","BRAND_SERIES_VERSION_NO_TRIM",1,false,"NOT_RESEARCHED"
"Daihatsu","daihatsu","Cuore","cuore","BRAND_SERIES_VERSION_NO_TRIM",1,false,"NOT_RESEARCHED"
"Daihatsu","daihatsu","Materia","materia","BRAND_SERIES_VERSION_NO_TRIM",1,false,"NOT_RESEARCHED"
"Daihatsu","daihatsu","Mira","mira","BRAND_SERIES_VERSION_NO_TRIM",1,false,"NOT_RESEARCHED"
"Daihatsu","daihatsu","Sirion","sirion","BRAND_SERIES_VERSION_NO_TRIM",1,false,"NOT_RESEARCHED"
"Daihatsu","daihatsu","YRV","yrv","BRAND_SERIES_VERSION_NO_TRIM",1,false,"NOT_RESEARCHED"
"Daihatsu","daihatsu","Feroza","feroza","BRAND_SERIES_VERSION_NO_TRIM",1,false,"NOT_RESEARCHED"
"Daihatsu","daihatsu","Rocky","rocky","BRAND_SERIES_VERSION_NO_TRIM",1,false,"NOT_RESEARCHED"
"Daihatsu","daihatsu","Terios","terios","BRAND_SERIES_VERSION_NO_TRIM",1,false,"NOT_RESEARCHED"
"DFM","dfm","Rich","rich","BRAND_SERIES_VERSION_NO_TRIM",1,false,"NOT_RESEARCHED"
"DFM","dfm","Succe","succe","BRAND_SERIES_VERSION_NO_TRIM",1,false,"NOT_RESEARCHED"
"DFSK","dfsk","Fengon 5","fengon-5","BRAND_SERIES_VERSION_NO_TRIM",1,false,"NOT_RESEARCHED"
"DFSK","dfsk","Fengon 500","fengon-500","BRAND_SERIES_VERSION_NO_TRIM",1,false,"NOT_RESEARCHED"
"DFSK","dfsk","Fengon 580","fengon-580","BRAND_SERIES_VERSION_NO_TRIM",1,false,"NOT_RESEARCHED"
"DFSK","dfsk","Glory 330","glory-330","BRAND_SERIES_VERSION_NO_TRIM",1,false,"NOT_RESEARCHED"
"DFSK","dfsk","Glory 500","glory-500","BRAND_SERIES_VERSION_NO_TRIM",1,false,"NOT_RESEARCHED"
"DFSK","dfsk","Seres 3","seres-3","BRAND_SERIES_VERSION_NO_TRIM",1,false,"NOT_RESEARCHED"
"DFSK","dfsk","C31","c31","BRAND_SERIES_VERSION_NO_TRIM",1,false,"NOT_RESEARCHED"
"DFSK","dfsk","C32","c32","BRAND_SERIES_VERSION_NO_TRIM",1,false,"NOT_RESEARCHED"
"DFSK","dfsk","C35","c35","BRAND_SERIES_VERSION_NO_TRIM",1,false,"NOT_RESEARCHED"
"Dodge","dodge","Avenger","avenger","BRAND_SERIES_VERSION_NO_TRIM",1,false,"NOT_RESEARCHED"
"Dodge","dodge","Caliber","caliber","BRAND_SERIES_VERSION_NO_TRIM",1,false,"NOT_RESEARCHED"
"Dodge","dodge","Challenger","challenger","BRAND_SERIES_VERSION_NO_TRIM",1,false,"NOT_RESEARCHED"
"Dodge","dodge","Charger","charger","BRAND_SERIES_VERSION_NO_TRIM",1,false,"NOT_RESEARCHED"
"Dodge","dodge","Dart","dart","BRAND_SERIES_VERSION_NO_TRIM",1,false,"NOT_RESEARCHED"
"Dodge","dodge","Magnum","magnum","BRAND_SERIES_VERSION_NO_TRIM",1,false,"NOT_RESEARCHED"
"Dodge","dodge","Neon","neon","BRAND_SERIES_VERSION_NO_TRIM",1,false,"NOT_RESEARCHED"
"Dodge","dodge","Stealth","stealth","BRAND_SERIES_VERSION_NO_TRIM",1,false,"NOT_RESEARCHED"
"Dodge","dodge","Viper","viper","BRAND_SERIES_VERSION_NO_TRIM",1,false,"NOT_RESEARCHED"
"Dodge","dodge","Durango","durango","BRAND_SERIES_VERSION_NO_TRIM",1,false,"NOT_RESEARCHED"
"Dodge","dodge","Journey","journey","BRAND_SERIES_VERSION_NO_TRIM",1,false,"NOT_RESEARCHED"
"Dodge","dodge","Nitro","nitro","BRAND_SERIES_VERSION_NO_TRIM",1,false,"NOT_RESEARCHED"
"Dodge","dodge","Ram","ram","BRAND_SERIES_VERSION_NO_TRIM",1,false,"NOT_RESEARCHED"
"Dodge","dodge","Ram Van","ram-van","BRAND_SERIES_VERSION_NO_TRIM",1,false,"NOT_RESEARCHED"
"DS Automobiles","ds","DS 4","ds4","BRAND_SERIES_VERSION_NO_TRIM",1,false,"NOT_RESEARCHED"
"DS Automobiles","ds","DS 3","ds3","BRAND_SERIES_VERSION_NO_TRIM",1,false,"NOT_RESEARCHED"
"DS Automobiles","ds","DS 7","ds7","BRAND_SERIES_VERSION_NO_TRIM",1,false,"NOT_RESEARCHED"
"DS Automobiles","ds-automobiles","DS 3","ds-3","BRAND_SERIES_VERSION_NO_TRIM",2,false,"NOT_RESEARCHED"
"DS Automobiles","ds-automobiles","DS 4","ds-4","BRAND_SERIES_VERSION_NO_TRIM",3,false,"NOT_RESEARCHED"
"DS Automobiles","ds-automobiles","DS 5","ds-5","BRAND_SERIES_VERSION_NO_TRIM",1,false,"NOT_RESEARCHED"
"DS Automobiles","ds-automobiles","DS 9","ds-9","BRAND_SERIES_VERSION_NO_TRIM",2,false,"NOT_RESEARCHED"
"DS Automobiles","ds-automobiles","DS 3 Crossback","ds-3-crossback","BRAND_SERIES_VERSION_NO_TRIM",2,false,"NOT_RESEARCHED"
"DS Automobiles","ds-automobiles","DS 7","ds-7","BRAND_SERIES_VERSION_NO_TRIM",3,false,"NOT_RESEARCHED"
"DS Automobiles","ds-automobiles","DS 7 Crossback","ds-7-crossback","BRAND_SERIES_VERSION_NO_TRIM",1,false,"NOT_RESEARCHED"
"DS Automobiles","ds-automobiles","DS 3 E-Tense","ds-3-e-tense","BRAND_SERIES_VERSION_NO_TRIM",1,false,"NOT_RESEARCHED"
"DS Automobiles","ds-automobiles","DS 4 E-Tense","ds-4-e-tense","BRAND_SERIES_VERSION_NO_TRIM",1,false,"NOT_RESEARCHED"
"Ferrari","ferrari","296 GTB","296-gtb","BRAND_SERIES_VERSION_NO_TRIM",1,false,"NOT_RESEARCHED"
"Ferrari","ferrari","348","348","BRAND_SERIES_VERSION_NO_TRIM",1,false,"NOT_RESEARCHED"
"Ferrari","ferrari","360","360","BRAND_SERIES_VERSION_NO_TRIM",1,false,"NOT_RESEARCHED"
"Ferrari","ferrari","458 Italia","458-italia","BRAND_SERIES_VERSION_NO_TRIM",1,false,"NOT_RESEARCHED"
"Ferrari","ferrari","488 GTB","488-gtb","BRAND_SERIES_VERSION_NO_TRIM",1,false,"NOT_RESEARCHED"
"Ferrari","ferrari","550 Maranello","550-maranello","BRAND_SERIES_VERSION_NO_TRIM",1,false,"NOT_RESEARCHED"
"Ferrari","ferrari","575M","575m","BRAND_SERIES_VERSION_NO_TRIM",1,false,"NOT_RESEARCHED"
"Ferrari","ferrari","599 GTB","599-gtb","BRAND_SERIES_VERSION_NO_TRIM",1,false,"NOT_RESEARCHED"
"Ferrari","ferrari","612 Scaglietti","612-scaglietti","BRAND_SERIES_VERSION_NO_TRIM",1,false,"NOT_RESEARCHED"
"Ferrari","ferrari","812 Superfast","812-superfast","BRAND_SERIES_VERSION_NO_TRIM",1,false,"NOT_RESEARCHED"
"Ferrari","ferrari","California","california","BRAND_SERIES_VERSION_NO_TRIM",1,false,"NOT_RESEARCHED"
"Ferrari","ferrari","F12 Berlinetta","f12-berlinetta","BRAND_SERIES_VERSION_NO_TRIM",1,false,"NOT_RESEARCHED"
"Ferrari","ferrari","F355","f355","BRAND_SERIES_VERSION_NO_TRIM",1,false,"NOT_RESEARCHED"
"Ferrari","ferrari","F430","f430","BRAND_SERIES_VERSION_NO_TRIM",1,false,"NOT_RESEARCHED"
"Ferrari","ferrari","FF","ff","BRAND_SERIES_VERSION_NO_TRIM",1,false,"NOT_RESEARCHED"
"Ferrari","ferrari","GTC4Lusso","gtc4lusso","BRAND_SERIES_VERSION_NO_TRIM",1,false,"NOT_RESEARCHED"
"Ferrari","ferrari","Portofino","portofino","BRAND_SERIES_VERSION_NO_TRIM",1,false,"NOT_RESEARCHED"
"Ferrari","ferrari","Roma","roma","BRAND_SERIES_VERSION_NO_TRIM",1,false,"NOT_RESEARCHED"
"Ferrari","ferrari","SF90 Stradale","sf90-stradale","BRAND_SERIES_VERSION_NO_TRIM",1,false,"NOT_RESEARCHED"
"Ferrari","ferrari","Purosangue","purosangue","BRAND_SERIES_VERSION_NO_TRIM",1,false,"NOT_RESEARCHED"
"Fiat","fiat","Tipo","tipo","BRAND_SERIES_VERSION_NO_TRIM",1,false,"NOT_RESEARCHED"
"Fiat","fiat","500","500","BRAND_SERIES_VERSION_NO_TRIM",4,false,"NOT_RESEARCHED"
"Fiat","fiat","Ducato","ducato","BRAND_SERIES_VERSION_NO_TRIM",3,false,"NOT_RESEARCHED"
"Fiat","fiat","Fiorino","fiorino","BRAND_SERIES_VERSION_NO_TRIM",1,false,"NOT_RESEARCHED"
"Fiat","fiat","124 Spider","124-spider","BRAND_SERIES_VERSION_NO_TRIM",1,false,"NOT_RESEARCHED"
"Fiat","fiat","126 Bis","126-bis","BRAND_SERIES_VERSION_NO_TRIM",1,false,"NOT_RESEARCHED"
"Fiat","fiat","500C","500c","BRAND_SERIES_VERSION_NO_TRIM",1,false,"NOT_RESEARCHED"
"Fiat","fiat","500L","500l","BRAND_SERIES_VERSION_NO_TRIM",2,false,"NOT_RESEARCHED"
"Fiat","fiat","500X","500x","BRAND_SERIES_VERSION_NO_TRIM",4,false,"NOT_RESEARCHED"
"Fiat","fiat","Albea","albea","BRAND_SERIES_VERSION_NO_TRIM",3,false,"NOT_RESEARCHED"
"Fiat","fiat","Brava","brava","BRAND_SERIES_VERSION_NO_TRIM",1,false,"NOT_RESEARCHED"
"Fiat","fiat","Bravo","bravo","BRAND_SERIES_VERSION_NO_TRIM",2,false,"NOT_RESEARCHED"
"Fiat","fiat","Egea Hatchback","egea-hatchback","BRAND_SERIES_VERSION_NO_TRIM",3,false,"NOT_RESEARCHED"
"Fiat","fiat","Egea Sedan","egea-sedan","BRAND_SERIES_VERSION_NO_TRIM",5,false,"NOT_RESEARCHED"
"Fiat","fiat","Linea","linea","BRAND_SERIES_VERSION_NO_TRIM",3,false,"NOT_RESEARCHED"
"Fiat","fiat","Marea","marea","BRAND_SERIES_VERSION_NO_TRIM",1,false,"NOT_RESEARCHED"
"Fiat","fiat","Palio","palio","BRAND_SERIES_VERSION_NO_TRIM",3,false,"NOT_RESEARCHED"
"Fiat","fiat","Panda","panda","BRAND_SERIES_VERSION_NO_TRIM",3,false,"NOT_RESEARCHED"
"Fiat","fiat","Punto","punto","BRAND_SERIES_VERSION_NO_TRIM",3,false,"NOT_RESEARCHED"
"Fiat","fiat","Punto Evo","punto-evo","BRAND_SERIES_VERSION_NO_TRIM",1,false,"NOT_RESEARCHED"
"Fiat","fiat","Siena","siena","BRAND_SERIES_VERSION_NO_TRIM",1,false,"NOT_RESEARCHED"
"Fiat","fiat","Stilo","stilo","BRAND_SERIES_VERSION_NO_TRIM",1,false,"NOT_RESEARCHED"
"Fiat","fiat","Tempra","tempra","BRAND_SERIES_VERSION_NO_TRIM",1,false,"NOT_RESEARCHED"
"Fiat","fiat","Uno","uno","BRAND_SERIES_VERSION_NO_TRIM",1,false,"NOT_RESEARCHED"
"Fiat","fiat","Freemont","freemont","BRAND_SERIES_VERSION_NO_TRIM",1,false,"NOT_RESEARCHED"
"Fiat","fiat","Fullback","fullback","BRAND_SERIES_VERSION_NO_TRIM",1,false,"NOT_RESEARCHED"
"Fiat","fiat","Panda 4x4","panda-4x4","BRAND_SERIES_VERSION_NO_TRIM",1,false,"NOT_RESEARCHED"
"Fiat","fiat","Sedici","sedici","BRAND_SERIES_VERSION_NO_TRIM",1,false,"NOT_RESEARCHED"
"Fiat","fiat","Toro","toro","BRAND_SERIES_VERSION_NO_TRIM",1,false,"NOT_RESEARCHED"
"Fiat","fiat","Doblo Cargo","doblo-cargo","BRAND_SERIES_VERSION_NO_TRIM",3,false,"NOT_RESEARCHED"
"Fiat","fiat","Fiorino Cargo","fiorino-cargo","BRAND_SERIES_VERSION_NO_TRIM",1,false,"NOT_RESEARCHED"
"Fiat","fiat","Fiorino Panorama","fiorino-panorama","BRAND_SERIES_VERSION_NO_TRIM",2,false,"NOT_RESEARCHED"
"Fiat","fiat","Scudo","scudo","BRAND_SERIES_VERSION_NO_TRIM",1,false,"NOT_RESEARCHED"
"Fiat","fiat","Talento","talento","BRAND_SERIES_VERSION_NO_TRIM",1,false,"NOT_RESEARCHED"
"Fiat","fiat","500e","500e","BRAND_SERIES_VERSION_NO_TRIM",3,false,"NOT_RESEARCHED"
"Fiat","fiat","600e","600e","BRAND_SERIES_VERSION_NO_TRIM",1,false,"NOT_RESEARCHED"
"Fiat","fiat","E-Doblo","e-doblo","BRAND_SERIES_VERSION_NO_TRIM",1,false,"NOT_RESEARCHED"
"Fiat","fiat","Topolino","topolino","BRAND_SERIES_VERSION_NO_TRIM",1,false,"NOT_RESEARCHED"
"Ford","ford","Ranger","ranger","BRAND_SERIES_VERSION_NO_TRIM",5,false,"NOT_RESEARCHED"
"Ford","ford","Transit","transit","BRAND_SERIES_VERSION_NO_TRIM",3,false,"NOT_RESEARCHED"
"Ford","ford","Transit Custom","transit-custom","BRAND_SERIES_VERSION_NO_TRIM",2,false,"NOT_RESEARCHED"
"Ford","ford","Tourneo","tourneo","BRAND_SERIES_VERSION_NO_TRIM",1,false,"NOT_RESEARCHED"
"Ford","ford","B-Max","b-max","BRAND_SERIES_VERSION_NO_TRIM",1,false,"NOT_RESEARCHED"
"Ford","ford","C-Max","c-max","BRAND_SERIES_VERSION_NO_TRIM",2,false,"NOT_RESEARCHED"
"Ford","ford","Cougar","cougar","BRAND_SERIES_VERSION_NO_TRIM",1,false,"NOT_RESEARCHED"
"Ford","ford","Escort","escort","BRAND_SERIES_VERSION_NO_TRIM",1,false,"NOT_RESEARCHED"
"Ford","ford","Fusion","fusion","BRAND_SERIES_VERSION_NO_TRIM",1,false,"NOT_RESEARCHED"
"Ford","ford","Galaxy","galaxy","BRAND_SERIES_VERSION_NO_TRIM",1,false,"NOT_RESEARCHED"
"Ford","ford","Ka","ka","BRAND_SERIES_VERSION_NO_TRIM",1,false,"NOT_RESEARCHED"
"Ford","ford","Mondeo","mondeo","BRAND_SERIES_VERSION_NO_TRIM",3,false,"NOT_RESEARCHED"
"Ford","ford","Mustang","mustang","BRAND_SERIES_VERSION_NO_TRIM",2,false,"NOT_RESEARCHED"
"Ford","ford","Probe","probe","BRAND_SERIES_VERSION_NO_TRIM",1,false,"NOT_RESEARCHED"
"Ford","ford","Scorpio","scorpio","BRAND_SERIES_VERSION_NO_TRIM",1,false,"NOT_RESEARCHED"
"Ford","ford","Sierra","sierra","BRAND_SERIES_VERSION_NO_TRIM",1,false,"NOT_RESEARCHED"
"Ford","ford","StreetKa","streetka","BRAND_SERIES_VERSION_NO_TRIM",1,false,"NOT_RESEARCHED"
"Ford","ford","Taurus","taurus","BRAND_SERIES_VERSION_NO_TRIM",1,false,"NOT_RESEARCHED"
"Ford","ford","Tourneo Connect","tourneo-connect","BRAND_SERIES_VERSION_NO_TRIM",2,false,"NOT_RESEARCHED"
"Ford","ford","Bronco","bronco","BRAND_SERIES_VERSION_NO_TRIM",1,false,"NOT_RESEARCHED"
"Ford","ford","Edge","edge","BRAND_SERIES_VERSION_NO_TRIM",1,false,"NOT_RESEARCHED"
"Ford","ford","Escape","escape","BRAND_SERIES_VERSION_NO_TRIM",1,false,"NOT_RESEARCHED"
"Ford","ford","Everest","everest","BRAND_SERIES_VERSION_NO_TRIM",1,false,"NOT_RESEARCHED"
"Ford","ford","Explorer","explorer","BRAND_SERIES_VERSION_NO_TRIM",1,false,"NOT_RESEARCHED"
"Ford","ford","Maverick","maverick","BRAND_SERIES_VERSION_NO_TRIM",1,false,"NOT_RESEARCHED"
"Ford","ford","Transit Connect","transit-connect","BRAND_SERIES_VERSION_NO_TRIM",1,false,"NOT_RESEARCHED"
"Ford","ford","Transit Courier","transit-courier","BRAND_SERIES_VERSION_NO_TRIM",1,false,"NOT_RESEARCHED"
"Ford","ford","Capri EV","capri-ev","BRAND_SERIES_VERSION_NO_TRIM",1,false,"NOT_RESEARCHED"
"Ford","ford","E-Transit Courier","e-transit-courier","BRAND_SERIES_VERSION_NO_TRIM",1,false,"NOT_RESEARCHED"
"Ford","ford","Explorer EV","explorer-ev","BRAND_SERIES_VERSION_NO_TRIM",1,false,"NOT_RESEARCHED"
"Ford","ford","Mustang Mach-E","mustang-mach-e","BRAND_SERIES_VERSION_NO_TRIM",3,false,"NOT_RESEARCHED"
"Foton","foton","Sauvana","sauvana","BRAND_SERIES_VERSION_NO_TRIM",1,false,"NOT_RESEARCHED"
"Foton","foton","Tunland","tunland","BRAND_SERIES_VERSION_NO_TRIM",3,false,"NOT_RESEARCHED"
"GAZ","gaz","Gazelle","gazelle","BRAND_SERIES_VERSION_NO_TRIM",1,false,"NOT_RESEARCHED"
"GAZ","gaz","Sobol","sobol","BRAND_SERIES_VERSION_NO_TRIM",1,false,"NOT_RESEARCHED"
"Geely","geely","CK","ck","BRAND_SERIES_VERSION_NO_TRIM",1,false,"NOT_RESEARCHED"
"Geely","geely","Echo","echo","BRAND_SERIES_VERSION_NO_TRIM",1,false,"NOT_RESEARCHED"
"Geely","geely","Emgrand EC7","emgrand-ec7","BRAND_SERIES_VERSION_NO_TRIM",1,false,"NOT_RESEARCHED"
"Geely","geely","Emgrand GT","emgrand-gt","BRAND_SERIES_VERSION_NO_TRIM",1,false,"NOT_RESEARCHED"
"Geely","geely","FC","fc","BRAND_SERIES_VERSION_NO_TRIM",1,false,"NOT_RESEARCHED"
"Geely","geely","MK","mk","BRAND_SERIES_VERSION_NO_TRIM",1,false,"NOT_RESEARCHED"
"Geely","geely","Otaka","otaka","BRAND_SERIES_VERSION_NO_TRIM",1,false,"NOT_RESEARCHED"
"GMC","gmc","Acadia","acadia","BRAND_SERIES_VERSION_NO_TRIM",1,false,"NOT_RESEARCHED"
"GMC","gmc","Canyon","canyon","BRAND_SERIES_VERSION_NO_TRIM",1,false,"NOT_RESEARCHED"
"GMC","gmc","Envoy","envoy","BRAND_SERIES_VERSION_NO_TRIM",1,false,"NOT_RESEARCHED"
"GMC","gmc","Hummer EV","hummer-ev","BRAND_SERIES_VERSION_NO_TRIM",1,false,"NOT_RESEARCHED"
"GMC","gmc","Sierra","sierra","BRAND_SERIES_VERSION_NO_TRIM",1,false,"NOT_RESEARCHED"
"GMC","gmc","Terrain","terrain","BRAND_SERIES_VERSION_NO_TRIM",1,false,"NOT_RESEARCHED"
"GMC","gmc","Yukon","yukon","BRAND_SERIES_VERSION_NO_TRIM",1,false,"NOT_RESEARCHED"
"GMC","gmc","Savana","savana","BRAND_SERIES_VERSION_NO_TRIM",1,false,"NOT_RESEARCHED"
"Honda","honda","City","city","BRAND_SERIES_VERSION_NO_TRIM",4,false,"NOT_RESEARCHED"
"Honda","honda","CR-V","cr-v","BRAND_SERIES_VERSION_NO_TRIM",4,false,"NOT_RESEARCHED"
"Honda","honda","Accord","accord","BRAND_SERIES_VERSION_NO_TRIM",2,false,"NOT_RESEARCHED"
"Honda","honda","CR-Z","cr-z","BRAND_SERIES_VERSION_NO_TRIM",1,false,"NOT_RESEARCHED"
"Honda","honda","CRX","crx","BRAND_SERIES_VERSION_NO_TRIM",1,false,"NOT_RESEARCHED"
"Honda","honda","E","e","BRAND_SERIES_VERSION_NO_TRIM",1,false,"NOT_RESEARCHED"
"Honda","honda","Insight","insight","BRAND_SERIES_VERSION_NO_TRIM",1,false,"NOT_RESEARCHED"
"Honda","honda","Integra","integra","BRAND_SERIES_VERSION_NO_TRIM",1,false,"NOT_RESEARCHED"
"Honda","honda","Jazz","jazz","BRAND_SERIES_VERSION_NO_TRIM",3,false,"NOT_RESEARCHED"
"Honda","honda","Legend","legend","BRAND_SERIES_VERSION_NO_TRIM",1,false,"NOT_RESEARCHED"
"Honda","honda","NSX","nsx","BRAND_SERIES_VERSION_NO_TRIM",1,false,"NOT_RESEARCHED"
"Honda","honda","Prelude","prelude","BRAND_SERIES_VERSION_NO_TRIM",1,false,"NOT_RESEARCHED"
"Honda","honda","S2000","s2000","BRAND_SERIES_VERSION_NO_TRIM",1,false,"NOT_RESEARCHED"
"Honda","honda","Stream","stream","BRAND_SERIES_VERSION_NO_TRIM",1,false,"NOT_RESEARCHED"
"Honda","honda","Pilot","pilot","BRAND_SERIES_VERSION_NO_TRIM",1,false,"NOT_RESEARCHED"
"Honda","honda","ZR-V","zr-v","BRAND_SERIES_VERSION_NO_TRIM",1,false,"NOT_RESEARCHED"
"Honda","honda","e:Ny1","e-ny1","BRAND_SERIES_VERSION_NO_TRIM",1,false,"NOT_RESEARCHED"
"Honda","honda","Honda e","honda-e","BRAND_SERIES_VERSION_NO_TRIM",1,false,"NOT_RESEARCHED"
"Hongqi","hongqi","E-HS9","e-hs9","BRAND_SERIES_VERSION_NO_TRIM",2,false,"NOT_RESEARCHED"
"Hongqi","hongqi","HS5","hs5","BRAND_SERIES_VERSION_NO_TRIM",1,false,"NOT_RESEARCHED"
"Hongqi","hongqi","HS7","hs7","BRAND_SERIES_VERSION_NO_TRIM",1,false,"NOT_RESEARCHED"
"Hummer","hummer","H1","h1","BRAND_SERIES_VERSION_NO_TRIM",1,false,"NOT_RESEARCHED"
"Hummer","hummer","H2","h2","BRAND_SERIES_VERSION_NO_TRIM",1,false,"NOT_RESEARCHED"
"Hummer","hummer","H3","h3","BRAND_SERIES_VERSION_NO_TRIM",1,false,"NOT_RESEARCHED"
"Hyundai","hyundai","i30","i30","BRAND_SERIES_VERSION_NO_TRIM",3,false,"NOT_RESEARCHED"
"Hyundai","hyundai","Elantra","elantra","BRAND_SERIES_VERSION_NO_TRIM",4,false,"NOT_RESEARCHED"
"Hyundai","hyundai","Accent","accent","BRAND_SERIES_VERSION_NO_TRIM",4,false,"NOT_RESEARCHED"
"Hyundai","hyundai","Accent Blue","accent-blue","BRAND_SERIES_VERSION_NO_TRIM",2,false,"NOT_RESEARCHED"
"Hyundai","hyundai","Atos","atos","BRAND_SERIES_VERSION_NO_TRIM",1,false,"NOT_RESEARCHED"
"Hyundai","hyundai","Coupe","coupe","BRAND_SERIES_VERSION_NO_TRIM",1,false,"NOT_RESEARCHED"
"Hyundai","hyundai","Excel","excel","BRAND_SERIES_VERSION_NO_TRIM",1,false,"NOT_RESEARCHED"
"Hyundai","hyundai","Genesis","genesis","BRAND_SERIES_VERSION_NO_TRIM",1,false,"NOT_RESEARCHED"
"Hyundai","hyundai","Getz","getz","BRAND_SERIES_VERSION_NO_TRIM",2,false,"NOT_RESEARCHED"
"Hyundai","hyundai","i10","i10","BRAND_SERIES_VERSION_NO_TRIM",3,false,"NOT_RESEARCHED"
"Hyundai","hyundai","Ioniq","ioniq","BRAND_SERIES_VERSION_NO_TRIM",2,false,"NOT_RESEARCHED"
"Hyundai","hyundai","Matrix","matrix","BRAND_SERIES_VERSION_NO_TRIM",1,false,"NOT_RESEARCHED"
"Hyundai","hyundai","Pony","pony","BRAND_SERIES_VERSION_NO_TRIM",1,false,"NOT_RESEARCHED"
"Hyundai","hyundai","Sonata","sonata","BRAND_SERIES_VERSION_NO_TRIM",2,false,"NOT_RESEARCHED"
"Hyundai","hyundai","Veloster","veloster","BRAND_SERIES_VERSION_NO_TRIM",1,false,"NOT_RESEARCHED"
"Hyundai","hyundai","Ioniq 5","ioniq-5","BRAND_SERIES_VERSION_NO_TRIM",5,false,"NOT_RESEARCHED"
"Hyundai","hyundai","Ioniq 9","ioniq-9","BRAND_SERIES_VERSION_NO_TRIM",1,false,"NOT_RESEARCHED"
"Hyundai","hyundai","ix35","ix35","BRAND_SERIES_VERSION_NO_TRIM",1,false,"NOT_RESEARCHED"
"Hyundai","hyundai","Kona","kona","BRAND_SERIES_VERSION_NO_TRIM",3,false,"NOT_RESEARCHED"
"Hyundai","hyundai","Santa Fe","santa-fe","BRAND_SERIES_VERSION_NO_TRIM",1,false,"NOT_RESEARCHED"
"Hyundai","hyundai","Terracan","terracan","BRAND_SERIES_VERSION_NO_TRIM",1,false,"NOT_RESEARCHED"
"Hyundai","hyundai","H-1","h-1","BRAND_SERIES_VERSION_NO_TRIM",2,false,"NOT_RESEARCHED"
"Hyundai","hyundai","H100","h100","BRAND_SERIES_VERSION_NO_TRIM",1,false,"NOT_RESEARCHED"
"Hyundai","hyundai","Inster","inster","BRAND_SERIES_VERSION_NO_TRIM",1,false,"NOT_RESEARCHED"
"Hyundai","hyundai","Ioniq 6","ioniq-6","BRAND_SERIES_VERSION_NO_TRIM",1,false,"NOT_RESEARCHED"
"Hyundai","hyundai","Kona Electric","kona-electric","BRAND_SERIES_VERSION_NO_TRIM",1,false,"NOT_RESEARCHED"
"Ikco","ikco","Dena","dena","BRAND_SERIES_VERSION_NO_TRIM",1,false,"NOT_RESEARCHED"
"Ikco","ikco","Runna","runna","BRAND_SERIES_VERSION_NO_TRIM",1,false,"NOT_RESEARCHED"
"Ikco","ikco","Samand","samand","BRAND_SERIES_VERSION_NO_TRIM",1,false,"NOT_RESEARCHED"
"Infiniti","infiniti","G","g","BRAND_SERIES_VERSION_NO_TRIM",1,false,"NOT_RESEARCHED"
"Infiniti","infiniti","I30","i30","BRAND_SERIES_VERSION_NO_TRIM",1,false,"NOT_RESEARCHED"
"Infiniti","infiniti","M","m","BRAND_SERIES_VERSION_NO_TRIM",1,false,"NOT_RESEARCHED"
"Infiniti","infiniti","Q30","q30","BRAND_SERIES_VERSION_NO_TRIM",1,false,"NOT_RESEARCHED"
"Infiniti","infiniti","Q40","q40","BRAND_SERIES_VERSION_NO_TRIM",1,false,"NOT_RESEARCHED"
"Infiniti","infiniti","Q50","q50","BRAND_SERIES_VERSION_NO_TRIM",1,false,"NOT_RESEARCHED"
"Infiniti","infiniti","Q60","q60","BRAND_SERIES_VERSION_NO_TRIM",1,false,"NOT_RESEARCHED"
"Infiniti","infiniti","Q70","q70","BRAND_SERIES_VERSION_NO_TRIM",1,false,"NOT_RESEARCHED"
"Infiniti","infiniti","EX","ex","BRAND_SERIES_VERSION_NO_TRIM",1,false,"NOT_RESEARCHED"
"Infiniti","infiniti","FX","fx","BRAND_SERIES_VERSION_NO_TRIM",1,false,"NOT_RESEARCHED"
"Infiniti","infiniti","JX","jx","BRAND_SERIES_VERSION_NO_TRIM",1,false,"NOT_RESEARCHED"
"Infiniti","infiniti","QX30","qx30","BRAND_SERIES_VERSION_NO_TRIM",1,false,"NOT_RESEARCHED"
"Infiniti","infiniti","QX50","qx50","BRAND_SERIES_VERSION_NO_TRIM",1,false,"NOT_RESEARCHED"
"Infiniti","infiniti","QX55","qx55","BRAND_SERIES_VERSION_NO_TRIM",1,false,"NOT_RESEARCHED"
"Infiniti","infiniti","QX60","qx60","BRAND_SERIES_VERSION_NO_TRIM",1,false,"NOT_RESEARCHED"
"Infiniti","infiniti","QX70","qx70","BRAND_SERIES_VERSION_NO_TRIM",1,false,"NOT_RESEARCHED"
"Infiniti","infiniti","QX80","qx80","BRAND_SERIES_VERSION_NO_TRIM",1,false,"NOT_RESEARCHED"
"Isuzu","isuzu","D-Max","d-max","BRAND_SERIES_VERSION_NO_TRIM",4,false,"NOT_RESEARCHED"
"Isuzu","isuzu","Gemini","gemini","BRAND_SERIES_VERSION_NO_TRIM",1,false,"NOT_RESEARCHED"
"Isuzu","isuzu","Stylus","stylus","BRAND_SERIES_VERSION_NO_TRIM",1,false,"NOT_RESEARCHED"
"Isuzu","isuzu","Trooper","trooper","BRAND_SERIES_VERSION_NO_TRIM",1,false,"NOT_RESEARCHED"
"Isuzu","isuzu","VehiCross","vehicross","BRAND_SERIES_VERSION_NO_TRIM",1,false,"NOT_RESEARCHED"
"Iveco","iveco","Daily","daily","BRAND_SERIES_VERSION_NO_TRIM",1,false,"NOT_RESEARCHED"
"Jaecoo","jaecoo","J7","j7","BRAND_SERIES_VERSION_NO_TRIM",3,false,"NOT_RESEARCHED"
"Jaecoo","jaecoo","J8","j8","BRAND_SERIES_VERSION_NO_TRIM",1,false,"NOT_RESEARCHED"
"Jaguar","jaguar","XE","xe","BRAND_SERIES_VERSION_NO_TRIM",3,false,"NO_TRIM_AFTER_RESEARCH"
"Jaguar","jaguar","XF","xf","BRAND_SERIES_VERSION_NO_TRIM",3,false,"NO_TRIM_AFTER_RESEARCH"
"Jaguar","jaguar","Daimler","daimler","BRAND_SERIES_VERSION_NO_TRIM",1,false,"NOT_RESEARCHED"
"Jaguar","jaguar","F-Type","f-type","BRAND_SERIES_VERSION_NO_TRIM",1,false,"NOT_RESEARCHED"
"Jaguar","jaguar","S-Type","s-type","BRAND_SERIES_VERSION_NO_TRIM",1,false,"NOT_RESEARCHED"
"Jaguar","jaguar","X-Type","x-type","BRAND_SERIES_VERSION_NO_TRIM",1,false,"NOT_RESEARCHED"
"Jaguar","jaguar","XJ","xj","BRAND_SERIES_VERSION_NO_TRIM",1,false,"NOT_RESEARCHED"
"Jaguar","jaguar","XK","xk","BRAND_SERIES_VERSION_NO_TRIM",1,false,"NOT_RESEARCHED"
"Jeep","jeep","Cherokee","cherokee","BRAND_SERIES_VERSION_NO_TRIM",1,false,"NOT_RESEARCHED"
"Jeep","jeep","Commander","commander","BRAND_SERIES_VERSION_NO_TRIM",1,false,"NOT_RESEARCHED"
"Jeep","jeep","Grand Cherokee","grand-cherokee","BRAND_SERIES_VERSION_NO_TRIM",2,false,"NOT_RESEARCHED"
"Jeep","jeep","Avenger Electric","avenger-electric","BRAND_SERIES_VERSION_NO_TRIM",1,false,"NOT_RESEARCHED"
"Jiayuan","jiayuan","City Spirit","city-spirit","BRAND_SERIES_VERSION_NO_TRIM",1,false,"NOT_RESEARCHED"
"Jiayuan","jiayuan","Komı","komi","BRAND_SERIES_VERSION_NO_TRIM",1,false,"NOT_RESEARCHED"
"Jiayuan","jiayuan","Lingzu","lingzu","BRAND_SERIES_VERSION_NO_TRIM",1,false,"NOT_RESEARCHED"
"Jiayuan","jiayuan","M2","m2","BRAND_SERIES_VERSION_NO_TRIM",1,false,"NOT_RESEARCHED"
"Joyce","joyce","One","one","BRAND_SERIES_VERSION_NO_TRIM",1,false,"NOT_RESEARCHED"
"KGM","kgm","Torres","torres","BRAND_SERIES_VERSION_NO_TRIM",1,false,"NOT_RESEARCHED"
"KGM","kgm","Korando","korando","BRAND_SERIES_VERSION_NO_TRIM",1,false,"NOT_RESEARCHED"
"KGM","kgm","Tivoli","tivoli","BRAND_SERIES_VERSION_NO_TRIM",1,false,"NOT_RESEARCHED"
"KGM","kgm","Musso","musso","BRAND_SERIES_VERSION_NO_TRIM",1,false,"NOT_RESEARCHED"
"KGM SsangYong","kgm-ssangyong","Actyon","actyon","BRAND_SERIES_VERSION_NO_TRIM",1,false,"NOT_RESEARCHED"
"KGM SsangYong","kgm-ssangyong","Korando","korando","BRAND_SERIES_VERSION_NO_TRIM",2,false,"NOT_RESEARCHED"
"KGM SsangYong","kgm-ssangyong","Kyron","kyron","BRAND_SERIES_VERSION_NO_TRIM",1,false,"NOT_RESEARCHED"
"KGM SsangYong","kgm-ssangyong","Musso Grand","musso-grand","BRAND_SERIES_VERSION_NO_TRIM",1,false,"NOT_RESEARCHED"
"KGM SsangYong","kgm-ssangyong","Rexton","rexton","BRAND_SERIES_VERSION_NO_TRIM",1,false,"NOT_RESEARCHED"
"KGM SsangYong","kgm-ssangyong","Tivoli","tivoli","BRAND_SERIES_VERSION_NO_TRIM",1,false,"NOT_RESEARCHED"
"KGM SsangYong","kgm-ssangyong","Torres","torres","BRAND_SERIES_VERSION_NO_TRIM",2,false,"NOT_RESEARCHED"
"Kia","kia","Ceed","ceed","BRAND_SERIES_VERSION_NO_TRIM",4,false,"NOT_RESEARCHED"
"Kia","kia","Carens","carens","BRAND_SERIES_VERSION_NO_TRIM",1,false,"NOT_RESEARCHED"
"Kia","kia","Carnival","carnival","BRAND_SERIES_VERSION_NO_TRIM",1,false,"NOT_RESEARCHED"
"Kia","kia","Cerato","cerato","BRAND_SERIES_VERSION_NO_TRIM",2,false,"NOT_RESEARCHED"
"Kia","kia","Clarus","clarus","BRAND_SERIES_VERSION_NO_TRIM",1,false,"NOT_RESEARCHED"
"Kia","kia","Magentis","magentis","BRAND_SERIES_VERSION_NO_TRIM",1,false,"NOT_RESEARCHED"
"Kia","kia","Opirus","opirus","BRAND_SERIES_VERSION_NO_TRIM",1,false,"NOT_RESEARCHED"
"Kia","kia","Optima","optima","BRAND_SERIES_VERSION_NO_TRIM",2,false,"NOT_RESEARCHED"
"Kia","kia","Pride","pride","BRAND_SERIES_VERSION_NO_TRIM",1,false,"NOT_RESEARCHED"
"Kia","kia","ProCeed","proceed","BRAND_SERIES_VERSION_NO_TRIM",1,false,"NOT_RESEARCHED"
"Kia","kia","Rio","rio","BRAND_SERIES_VERSION_NO_TRIM",3,false,"NOT_RESEARCHED"
"Kia","kia","Sephia","sephia","BRAND_SERIES_VERSION_NO_TRIM",1,false,"NOT_RESEARCHED"
"Kia","kia","Shuma","shuma","BRAND_SERIES_VERSION_NO_TRIM",1,false,"NOT_RESEARCHED"
"Kia","kia","Stinger","stinger","BRAND_SERIES_VERSION_NO_TRIM",1,false,"NOT_RESEARCHED"
"Kia","kia","EV3","ev3","BRAND_SERIES_VERSION_NO_TRIM",3,false,"NO_TRIM_AFTER_RESEARCH"
"Kia","kia","EV6","ev6","BRAND_SERIES_VERSION_NO_TRIM",5,false,"NO_TRIM_AFTER_RESEARCH"
"Kia","kia","EV9","ev9","BRAND_SERIES_VERSION_NO_TRIM",2,false,"NO_TRIM_AFTER_RESEARCH"
"Kia","kia","Niro","niro","BRAND_SERIES_VERSION_NO_TRIM",2,false,"NOT_RESEARCHED"
"Kia","kia","Soul","soul","BRAND_SERIES_VERSION_NO_TRIM",1,false,"NOT_RESEARCHED"
"Kia","kia","Besta","besta","BRAND_SERIES_VERSION_NO_TRIM",1,false,"NOT_RESEARCHED"
"Kia","kia","Pregio","pregio","BRAND_SERIES_VERSION_NO_TRIM",1,false,"NOT_RESEARCHED"
"Kia","kia","EV5","ev5","BRAND_SERIES_VERSION_NO_TRIM",1,false,"NOT_RESEARCHED"
"Kia","kia","Niro EV","niro-ev","BRAND_SERIES_VERSION_NO_TRIM",1,false,"NOT_RESEARCHED"
"Kuba","kuba","City","city","BRAND_SERIES_VERSION_NO_TRIM",1,false,"NOT_RESEARCHED"
"Kuba","kuba","Eco","eco","BRAND_SERIES_VERSION_NO_TRIM",1,false,"NOT_RESEARCHED"
"Kuba","kuba","Mini","mini","BRAND_SERIES_VERSION_NO_TRIM",1,false,"NOT_RESEARCHED"
"Lada","lada","110","110","BRAND_SERIES_VERSION_NO_TRIM",1,false,"NOT_RESEARCHED"
"Lada","lada","111","111","BRAND_SERIES_VERSION_NO_TRIM",1,false,"NOT_RESEARCHED"
"Lada","lada","112","112","BRAND_SERIES_VERSION_NO_TRIM",1,false,"NOT_RESEARCHED"
"Lada","lada","Kalina","kalina","BRAND_SERIES_VERSION_NO_TRIM",1,false,"NOT_RESEARCHED"
"Lada","lada","Niva","niva","BRAND_SERIES_VERSION_NO_TRIM",3,false,"NOT_RESEARCHED"
"Lada","lada","Priora","priora","BRAND_SERIES_VERSION_NO_TRIM",1,false,"NOT_RESEARCHED"
"Lada","lada","Samara","samara","BRAND_SERIES_VERSION_NO_TRIM",1,false,"NOT_RESEARCHED"
"Lada","lada","Vaz","vaz","BRAND_SERIES_VERSION_NO_TRIM",1,false,"NOT_RESEARCHED"
"Lada","lada","Vesta","vesta","BRAND_SERIES_VERSION_NO_TRIM",1,false,"NOT_RESEARCHED"
"Lamborghini","lamborghini","Aventador","aventador","BRAND_SERIES_VERSION_NO_TRIM",1,false,"NOT_RESEARCHED"
"Lamborghini","lamborghini","Countach","countach","BRAND_SERIES_VERSION_NO_TRIM",1,false,"NOT_RESEARCHED"
"Lamborghini","lamborghini","Diablo","diablo","BRAND_SERIES_VERSION_NO_TRIM",1,false,"NOT_RESEARCHED"
"Lamborghini","lamborghini","Gallardo","gallardo","BRAND_SERIES_VERSION_NO_TRIM",1,false,"NOT_RESEARCHED"
"Lamborghini","lamborghini","Huracan","huracan","BRAND_SERIES_VERSION_NO_TRIM",1,false,"NOT_RESEARCHED"
"Lamborghini","lamborghini","Murcielago","murcielago","BRAND_SERIES_VERSION_NO_TRIM",1,false,"NOT_RESEARCHED"
"Lamborghini","lamborghini","Revuelto","revuelto","BRAND_SERIES_VERSION_NO_TRIM",1,false,"NOT_RESEARCHED"
"Lamborghini","lamborghini","Urus","urus","BRAND_SERIES_VERSION_NO_TRIM",3,false,"NOT_RESEARCHED"
"Lancia","lancia","Dedra","dedra","BRAND_SERIES_VERSION_NO_TRIM",1,false,"NOT_RESEARCHED"
"Lancia","lancia","Delta","delta","BRAND_SERIES_VERSION_NO_TRIM",1,false,"NOT_RESEARCHED"
"Lancia","lancia","Kappa","kappa","BRAND_SERIES_VERSION_NO_TRIM",1,false,"NOT_RESEARCHED"
"Lancia","lancia","Lybra","lybra","BRAND_SERIES_VERSION_NO_TRIM",1,false,"NOT_RESEARCHED"
"Lancia","lancia","Musa","musa","BRAND_SERIES_VERSION_NO_TRIM",1,false,"NOT_RESEARCHED"
"Lancia","lancia","Thema","thema","BRAND_SERIES_VERSION_NO_TRIM",1,false,"NOT_RESEARCHED"
"Lancia","lancia","Thesis","thesis","BRAND_SERIES_VERSION_NO_TRIM",1,false,"NOT_RESEARCHED"
"Lancia","lancia","Ypsilon","ypsilon","BRAND_SERIES_VERSION_NO_TRIM",1,false,"NOT_RESEARCHED"
"Lancia","lancia","Phedra","phedra","BRAND_SERIES_VERSION_NO_TRIM",1,false,"NOT_RESEARCHED"
"Lancia","lancia","Voyager","voyager","BRAND_SERIES_VERSION_NO_TRIM",1,false,"NOT_RESEARCHED"
"Land Rover","land-rover","Discovery","discovery","BRAND_SERIES_VERSION_NO_TRIM",3,false,"NOT_RESEARCHED"
"Land Rover","land-rover","Freelander","freelander","BRAND_SERIES_VERSION_NO_TRIM",1,false,"NOT_RESEARCHED"
"Leapmotor","leapmotor","C01","c01","BRAND_SERIES_VERSION_NO_TRIM",1,false,"NOT_RESEARCHED"
"Leapmotor","leapmotor","C10","c10","BRAND_SERIES_VERSION_NO_TRIM",2,false,"NOT_RESEARCHED"
"Leapmotor","leapmotor","C11","c11","BRAND_SERIES_VERSION_NO_TRIM",1,false,"NOT_RESEARCHED"
"Leapmotor","leapmotor","T03","t03","BRAND_SERIES_VERSION_NO_TRIM",2,false,"NOT_RESEARCHED"
"Lexus","lexus","ES","es","BRAND_SERIES_VERSION_NO_TRIM",3,false,"NO_TRIM_AFTER_RESEARCH"
"Lexus","lexus","CT","ct","BRAND_SERIES_VERSION_NO_TRIM",1,false,"NOT_RESEARCHED"
"Lexus","lexus","GS","gs","BRAND_SERIES_VERSION_NO_TRIM",3,false,"NOT_RESEARCHED"
"Lexus","lexus","IS","is","BRAND_SERIES_VERSION_NO_TRIM",3,false,"NOT_RESEARCHED"
"Lexus","lexus","LC","lc","BRAND_SERIES_VERSION_NO_TRIM",2,false,"NOT_RESEARCHED"
"Lexus","lexus","LS","ls","BRAND_SERIES_VERSION_NO_TRIM",2,false,"NOT_RESEARCHED"
"Lexus","lexus","RC","rc","BRAND_SERIES_VERSION_NO_TRIM",2,false,"NOT_RESEARCHED"
"Lexus","lexus","SC","sc","BRAND_SERIES_VERSION_NO_TRIM",1,false,"NOT_RESEARCHED"
"Lexus","lexus","GX","gx","BRAND_SERIES_VERSION_NO_TRIM",1,false,"NOT_RESEARCHED"
"Lexus","lexus","LX","lx","BRAND_SERIES_VERSION_NO_TRIM",1,false,"NOT_RESEARCHED"
"Lexus","lexus","UX","ux","BRAND_SERIES_VERSION_NO_TRIM",2,false,"NOT_RESEARCHED"
"Lexus","lexus","RZ","rz","BRAND_SERIES_VERSION_NO_TRIM",1,false,"NO_TRIM_AFTER_RESEARCH"
"Lexus","lexus","UX 300e","ux-300e","BRAND_SERIES_VERSION_NO_TRIM",1,false,"NOT_RESEARCHED"
"Lincoln","lincoln","Continental","continental","BRAND_SERIES_VERSION_NO_TRIM",1,false,"NOT_RESEARCHED"
"Lincoln","lincoln","LS","ls","BRAND_SERIES_VERSION_NO_TRIM",1,false,"NOT_RESEARCHED"
"Lincoln","lincoln","Mark","mark","BRAND_SERIES_VERSION_NO_TRIM",1,false,"NOT_RESEARCHED"
"Lincoln","lincoln","MKZ","mkz","BRAND_SERIES_VERSION_NO_TRIM",1,false,"NOT_RESEARCHED"
"Lincoln","lincoln","Town Car","town-car","BRAND_SERIES_VERSION_NO_TRIM",1,false,"NOT_RESEARCHED"
"Lincoln","lincoln","Zephyr","zephyr","BRAND_SERIES_VERSION_NO_TRIM",1,false,"NOT_RESEARCHED"
"Lincoln","lincoln","Aviator","aviator","BRAND_SERIES_VERSION_NO_TRIM",1,false,"NOT_RESEARCHED"
"Lincoln","lincoln","Corsair","corsair","BRAND_SERIES_VERSION_NO_TRIM",1,false,"NOT_RESEARCHED"
"Lincoln","lincoln","MKC","mkc","BRAND_SERIES_VERSION_NO_TRIM",1,false,"NOT_RESEARCHED"
"Lincoln","lincoln","Navigator","navigator","BRAND_SERIES_VERSION_NO_TRIM",1,false,"NOT_RESEARCHED"
"Lotus","lotus","Elan","elan","BRAND_SERIES_VERSION_NO_TRIM",1,false,"NOT_RESEARCHED"
"Lotus","lotus","Elise","elise","BRAND_SERIES_VERSION_NO_TRIM",1,false,"NOT_RESEARCHED"
"Lotus","lotus","Emira","emira","BRAND_SERIES_VERSION_NO_TRIM",1,false,"NOT_RESEARCHED"
"Lotus","lotus","Esprit","esprit","BRAND_SERIES_VERSION_NO_TRIM",1,false,"NOT_RESEARCHED"
"Lotus","lotus","Evora","evora","BRAND_SERIES_VERSION_NO_TRIM",1,false,"NOT_RESEARCHED"
"Lotus","lotus","Exige","exige","BRAND_SERIES_VERSION_NO_TRIM",1,false,"NOT_RESEARCHED"
"Lotus","lotus","Eletre","eletre","BRAND_SERIES_VERSION_NO_TRIM",2,false,"NOT_RESEARCHED"
"Luqi","luqi","EV3","ev3","BRAND_SERIES_VERSION_NO_TRIM",1,false,"NOT_RESEARCHED"
"Lynk & Co","lynk-co","01","01","BRAND_SERIES_VERSION_NO_TRIM",2,false,"NOT_RESEARCHED"
"Lynk & Co","lynk-co","02","02","BRAND_SERIES_VERSION_NO_TRIM",1,false,"NOT_RESEARCHED"
"Lynk & Co","lynk-co","05","05","BRAND_SERIES_VERSION_NO_TRIM",1,false,"NOT_RESEARCHED"
"Lynk & Co","lynk-co","08","08","BRAND_SERIES_VERSION_NO_TRIM",1,false,"NOT_RESEARCHED"
"Mahindra","mahindra","Bolero","bolero","BRAND_SERIES_VERSION_NO_TRIM",1,false,"NOT_RESEARCHED"
"Mahindra","mahindra","Goa","goa","BRAND_SERIES_VERSION_NO_TRIM",1,false,"NOT_RESEARCHED"
"Mahindra","mahindra","KUV100","kuv100","BRAND_SERIES_VERSION_NO_TRIM",1,false,"NOT_RESEARCHED"
"Mahindra","mahindra","Scorpio","scorpio","BRAND_SERIES_VERSION_NO_TRIM",1,false,"NOT_RESEARCHED"
"Mahindra","mahindra","XUV500","xuv500","BRAND_SERIES_VERSION_NO_TRIM",1,false,"NOT_RESEARCHED"
"MAN","man","TGE","tge","BRAND_SERIES_VERSION_NO_TRIM",1,false,"NOT_RESEARCHED"
"Marcos","marcos","GT","gt","BRAND_SERIES_VERSION_NO_TRIM",1,false,"NOT_RESEARCHED"
"Marcos","marcos","Mantis","mantis","BRAND_SERIES_VERSION_NO_TRIM",1,false,"NOT_RESEARCHED"
"Marcos","marcos","Mantula","mantula","BRAND_SERIES_VERSION_NO_TRIM",1,false,"NOT_RESEARCHED"
"Maserati","maserati","3200 GT","3200-gt","BRAND_SERIES_VERSION_NO_TRIM",1,false,"NOT_RESEARCHED"
"Maserati","maserati","Ghibli","ghibli","BRAND_SERIES_VERSION_NO_TRIM",3,false,"NOT_RESEARCHED"
"Maserati","maserati","GranCabrio","grancabrio","BRAND_SERIES_VERSION_NO_TRIM",1,false,"NOT_RESEARCHED"
"Maserati","maserati","GranTurismo","granturismo","BRAND_SERIES_VERSION_NO_TRIM",1,false,"NOT_RESEARCHED"
"Maserati","maserati","MC20","mc20","BRAND_SERIES_VERSION_NO_TRIM",1,false,"NOT_RESEARCHED"
"Maserati","maserati","Quattroporte","quattroporte","BRAND_SERIES_VERSION_NO_TRIM",1,false,"NOT_RESEARCHED"
"Maserati","maserati","Grecale","grecale","BRAND_SERIES_VERSION_NO_TRIM",4,false,"NOT_RESEARCHED"
"Maserati","maserati","Levante","levante","BRAND_SERIES_VERSION_NO_TRIM",3,false,"NOT_RESEARCHED"
"Maxus","maxus","Deliver 3","deliver-3","BRAND_SERIES_VERSION_NO_TRIM",1,false,"NOT_RESEARCHED"
"Maxus","maxus","Deliver 7","deliver-7","BRAND_SERIES_VERSION_NO_TRIM",2,false,"NOT_RESEARCHED"
"Maxus","maxus","Deliver 9","deliver-9","BRAND_SERIES_VERSION_NO_TRIM",2,false,"NOT_RESEARCHED"
"Maxus","maxus","eDeliver 5","edeliver-5","BRAND_SERIES_VERSION_NO_TRIM",1,false,"NOT_RESEARCHED"
"Maxus","maxus","eDeliver 9","edeliver-9","BRAND_SERIES_VERSION_NO_TRIM",1,false,"NOT_RESEARCHED"
"Mazda","mazda","3","3","BRAND_SERIES_VERSION_NO_TRIM",3,false,"NOT_RESEARCHED"
"Mazda","mazda","CX-30","cx-30","BRAND_SERIES_VERSION_NO_TRIM",2,false,"NO_TRIM_AFTER_RESEARCH"
"Mazda","mazda","121","121","BRAND_SERIES_VERSION_NO_TRIM",1,false,"NOT_RESEARCHED"
"Mazda","mazda","2","2","BRAND_SERIES_VERSION_NO_TRIM",2,false,"NOT_RESEARCHED"
"Mazda","mazda","323","323","BRAND_SERIES_VERSION_NO_TRIM",1,false,"NOT_RESEARCHED"
"Mazda","mazda","5","5","BRAND_SERIES_VERSION_NO_TRIM",1,false,"NOT_RESEARCHED"
"Mazda","mazda","6","6","BRAND_SERIES_VERSION_NO_TRIM",2,false,"NOT_RESEARCHED"
"Mazda","mazda","626","626","BRAND_SERIES_VERSION_NO_TRIM",1,false,"NOT_RESEARCHED"
"Mazda","mazda","929","929","BRAND_SERIES_VERSION_NO_TRIM",1,false,"NOT_RESEARCHED"
"Mazda","mazda","Lantis","lantis","BRAND_SERIES_VERSION_NO_TRIM",1,false,"NOT_RESEARCHED"
"Mazda","mazda","Millenia","millenia","BRAND_SERIES_VERSION_NO_TRIM",1,false,"NOT_RESEARCHED"
"Mazda","mazda","MX-3","mx-3","BRAND_SERIES_VERSION_NO_TRIM",1,false,"NOT_RESEARCHED"
"Mazda","mazda","MX-6","mx-6","BRAND_SERIES_VERSION_NO_TRIM",1,false,"NOT_RESEARCHED"
"Mazda","mazda","RX-7","rx-7","BRAND_SERIES_VERSION_NO_TRIM",1,false,"NOT_RESEARCHED"
"Mazda","mazda","RX-8","rx-8","BRAND_SERIES_VERSION_NO_TRIM",1,false,"NOT_RESEARCHED"
"Mazda","mazda","Xedos","xedos","BRAND_SERIES_VERSION_NO_TRIM",1,false,"NOT_RESEARCHED"
"Mazda","mazda","CX-3","cx-3","BRAND_SERIES_VERSION_NO_TRIM",1,false,"NOT_RESEARCHED"
"Mazda","mazda","CX-60","cx-60","BRAND_SERIES_VERSION_NO_TRIM",2,false,"NO_TRIM_AFTER_RESEARCH"
"Mazda","mazda","CX-7","cx-7","BRAND_SERIES_VERSION_NO_TRIM",1,false,"NOT_RESEARCHED"
"Mazda","mazda","CX-9","cx-9","BRAND_SERIES_VERSION_NO_TRIM",1,false,"NOT_RESEARCHED"
"Mazda","mazda","MX-30","mx-30","BRAND_SERIES_VERSION_NO_TRIM",1,false,"NOT_RESEARCHED"
"Mazda","mazda","E2000","e2000","BRAND_SERIES_VERSION_NO_TRIM",1,false,"NOT_RESEARCHED"
"Mazda","mazda","E2200","e2200","BRAND_SERIES_VERSION_NO_TRIM",1,false,"NOT_RESEARCHED"
"McLaren","mclaren","540C","540c","BRAND_SERIES_VERSION_NO_TRIM",1,false,"NOT_RESEARCHED"
"McLaren","mclaren","570S","570s","BRAND_SERIES_VERSION_NO_TRIM",1,false,"NOT_RESEARCHED"
"McLaren","mclaren","600LT","600lt","BRAND_SERIES_VERSION_NO_TRIM",1,false,"NOT_RESEARCHED"
"McLaren","mclaren","650S","650s","BRAND_SERIES_VERSION_NO_TRIM",1,false,"NOT_RESEARCHED"
"McLaren","mclaren","675LT","675lt","BRAND_SERIES_VERSION_NO_TRIM",1,false,"NOT_RESEARCHED"
"McLaren","mclaren","720S","720s","BRAND_SERIES_VERSION_NO_TRIM",1,false,"NOT_RESEARCHED"
"McLaren","mclaren","750S","750s","BRAND_SERIES_VERSION_NO_TRIM",1,false,"NOT_RESEARCHED"
"McLaren","mclaren","Artura","artura","BRAND_SERIES_VERSION_NO_TRIM",1,false,"NOT_RESEARCHED"
"McLaren","mclaren","GT","gt","BRAND_SERIES_VERSION_NO_TRIM",1,false,"NOT_RESEARCHED"
"McLaren","mclaren","MP4-12C","mp4-12c","BRAND_SERIES_VERSION_NO_TRIM",1,false,"NOT_RESEARCHED"
"McLaren","mclaren","P1","p1","BRAND_SERIES_VERSION_NO_TRIM",1,false,"NOT_RESEARCHED"
"McLaren","mclaren","Senna","senna","BRAND_SERIES_VERSION_NO_TRIM",1,false,"NOT_RESEARCHED"
"Mercedes-Benz","mercedes-benz","G-Class","g-class","BRAND_SERIES_VERSION_NO_TRIM",3,false,"NOT_RESEARCHED"
"Mercedes-Benz","mercedes-benz","Sprinter","sprinter","BRAND_SERIES_VERSION_NO_TRIM",7,false,"NOT_RESEARCHED"
"Mercedes-Benz","mercedes-benz","Vito","vito","BRAND_SERIES_VERSION_NO_TRIM",4,false,"NO_TRIM_AFTER_RESEARCH"
"Mercedes-Benz","mercedes-benz","V Class","v-class","BRAND_SERIES_VERSION_NO_TRIM",1,false,"NOT_RESEARCHED"
"Mercedes-Benz","mercedes-benz","190","190","BRAND_SERIES_VERSION_NO_TRIM",1,false,"NOT_RESEARCHED"
"Mercedes-Benz","mercedes-benz","200","200","BRAND_SERIES_VERSION_NO_TRIM",1,false,"NOT_RESEARCHED"
"Mercedes-Benz","mercedes-benz","230","230","BRAND_SERIES_VERSION_NO_TRIM",1,false,"NOT_RESEARCHED"
"Mercedes-Benz","mercedes-benz","240","240","BRAND_SERIES_VERSION_NO_TRIM",1,false,"NOT_RESEARCHED"
"Mercedes-Benz","mercedes-benz","250","250","BRAND_SERIES_VERSION_NO_TRIM",1,false,"NOT_RESEARCHED"
"Mercedes-Benz","mercedes-benz","260","260","BRAND_SERIES_VERSION_NO_TRIM",1,false,"NOT_RESEARCHED"
"Mercedes-Benz","mercedes-benz","280","280","BRAND_SERIES_VERSION_NO_TRIM",1,false,"NOT_RESEARCHED"
"Mercedes-Benz","mercedes-benz","300","300","BRAND_SERIES_VERSION_NO_TRIM",1,false,"NOT_RESEARCHED"
"Mercedes-Benz","mercedes-benz","320","320","BRAND_SERIES_VERSION_NO_TRIM",1,false,"NOT_RESEARCHED"
"Mercedes-Benz","mercedes-benz","380","380","BRAND_SERIES_VERSION_NO_TRIM",1,false,"NOT_RESEARCHED"
"Mercedes-Benz","mercedes-benz","400","400","BRAND_SERIES_VERSION_NO_TRIM",1,false,"NOT_RESEARCHED"
"Mercedes-Benz","mercedes-benz","420","420","BRAND_SERIES_VERSION_NO_TRIM",1,false,"NOT_RESEARCHED"
"Mercedes-Benz","mercedes-benz","500","500","BRAND_SERIES_VERSION_NO_TRIM",1,false,"NOT_RESEARCHED"
"Mercedes-Benz","mercedes-benz","560","560","BRAND_SERIES_VERSION_NO_TRIM",1,false,"NOT_RESEARCHED"
"Mercedes-Benz","mercedes-benz","CLK","clk","BRAND_SERIES_VERSION_NO_TRIM",1,false,"NOT_RESEARCHED"
"Mercedes-Benz","mercedes-benz","CLS","cls","BRAND_SERIES_VERSION_NO_TRIM",7,false,"NO_TRIM_AFTER_RESEARCH"
"Mercedes-Benz","mercedes-benz","SLC","slc","BRAND_SERIES_VERSION_NO_TRIM",1,false,"NO_TRIM_AFTER_RESEARCH"
"Mercedes-Benz","mercedes-benz","SLK","slk","BRAND_SERIES_VERSION_NO_TRIM",1,false,"NO_TRIM_AFTER_RESEARCH"
"Mercedes-Benz","mercedes-benz","SLS AMG","sls-amg","BRAND_SERIES_VERSION_NO_TRIM",1,false,"NOT_RESEARCHED"
"Mercedes-Benz","mercedes-benz","EQB","eqb","BRAND_SERIES_VERSION_NO_TRIM",3,false,"NO_TRIM_AFTER_RESEARCH"
"Mercedes-Benz","mercedes-benz","EQC","eqc","BRAND_SERIES_VERSION_NO_TRIM",2,false,"NOT_RESEARCHED"
"Mercedes-Benz","mercedes-benz","EQE SUV","eqe-suv","BRAND_SERIES_VERSION_NO_TRIM",4,false,"NO_TRIM_AFTER_RESEARCH"
"Mercedes-Benz","mercedes-benz","EQS SUV","eqs-suv","BRAND_SERIES_VERSION_NO_TRIM",3,false,"NO_TRIM_AFTER_RESEARCH"
"Mercedes-Benz","mercedes-benz","GLK","glk","BRAND_SERIES_VERSION_NO_TRIM",1,false,"NOT_RESEARCHED"
"Mercedes-Benz","mercedes-benz","Maybach GLS","maybach-gls","BRAND_SERIES_VERSION_NO_TRIM",1,false,"NOT_RESEARCHED"
"Mercedes-Benz","mercedes-benz","ML","ml","BRAND_SERIES_VERSION_NO_TRIM",1,false,"NOT_RESEARCHED"
"Mercedes-Benz","mercedes-benz","Citan","citan","BRAND_SERIES_VERSION_NO_TRIM",3,false,"NOT_RESEARCHED"
"Mercedes-Benz","mercedes-benz","Vaneo","vaneo","BRAND_SERIES_VERSION_NO_TRIM",1,false,"NOT_RESEARCHED"
"Mercedes-Benz","mercedes-benz","Viano","viano","BRAND_SERIES_VERSION_NO_TRIM",1,false,"NOT_RESEARCHED"
"Mercedes-Benz","mercedes-benz","G 580 EQ","g-580-eq","BRAND_SERIES_VERSION_NO_TRIM",1,false,"NOT_RESEARCHED"
"MG","mg","MG5","mg5","BRAND_SERIES_VERSION_NO_TRIM",1,false,"NOT_RESEARCHED"
"MG","mg","ZS","zs","BRAND_SERIES_VERSION_NO_TRIM",4,false,"NOT_RESEARCHED"
"MG","mg","MG3","mg3","BRAND_SERIES_VERSION_NO_TRIM",1,false,"NOT_RESEARCHED"
"MG","mg","MG4","mg4","BRAND_SERIES_VERSION_NO_TRIM",4,false,"NOT_RESEARCHED"
"MG","mg","MG6","mg6","BRAND_SERIES_VERSION_NO_TRIM",1,false,"NOT_RESEARCHED"
"MG","mg","Marvel R","marvel-r","BRAND_SERIES_VERSION_NO_TRIM",2,false,"NOT_RESEARCHED"
"MG","mg","MG5 Electric","mg5-electric","BRAND_SERIES_VERSION_NO_TRIM",1,false,"NOT_RESEARCHED"
"MG","mg","ZS EV","zs-ev","BRAND_SERIES_VERSION_NO_TRIM",1,false,"NOT_RESEARCHED"
"Micro","micro","Microlino","microlino","BRAND_SERIES_VERSION_NO_TRIM",3,false,"NOT_RESEARCHED"
"Mini","mini","Cooper Clubman","cooper-clubman","BRAND_SERIES_VERSION_NO_TRIM",1,false,"NOT_RESEARCHED"
"Mini","mini","Cooper Countryman","cooper-countryman","BRAND_SERIES_VERSION_NO_TRIM",1,false,"NOT_RESEARCHED"
"Mini","mini","Cooper Coupe","cooper-coupe","BRAND_SERIES_VERSION_NO_TRIM",1,false,"NOT_RESEARCHED"
"Mini","mini","Cooper Paceman","cooper-paceman","BRAND_SERIES_VERSION_NO_TRIM",1,false,"NOT_RESEARCHED"
"Mini","mini","Cooper Roadster","cooper-roadster","BRAND_SERIES_VERSION_NO_TRIM",1,false,"NOT_RESEARCHED"
"Mini","mini","Aceman","aceman","BRAND_SERIES_VERSION_NO_TRIM",3,false,"NOT_RESEARCHED"
"Mini","mini","Cooper Electric","cooper-electric","BRAND_SERIES_VERSION_NO_TRIM",1,false,"NOT_RESEARCHED"
"Mini","mini","Countryman Electric","countryman-electric","BRAND_SERIES_VERSION_NO_TRIM",1,false,"NOT_RESEARCHED"
"Mitsubishi","mitsubishi","Outlander","outlander","BRAND_SERIES_VERSION_NO_TRIM",3,false,"NOT_RESEARCHED"
"Mitsubishi","mitsubishi","Carisma","carisma","BRAND_SERIES_VERSION_NO_TRIM",1,false,"NOT_RESEARCHED"
"Mitsubishi","mitsubishi","Colt","colt","BRAND_SERIES_VERSION_NO_TRIM",2,false,"NOT_RESEARCHED"
"Mitsubishi","mitsubishi","Eclipse","eclipse","BRAND_SERIES_VERSION_NO_TRIM",1,false,"NOT_RESEARCHED"
"Mitsubishi","mitsubishi","Galant","galant","BRAND_SERIES_VERSION_NO_TRIM",1,false,"NOT_RESEARCHED"
"Mitsubishi","mitsubishi","Grandis","grandis","BRAND_SERIES_VERSION_NO_TRIM",1,false,"NOT_RESEARCHED"
"Mitsubishi","mitsubishi","Lancer","lancer","BRAND_SERIES_VERSION_NO_TRIM",3,false,"NOT_RESEARCHED"
"Mitsubishi","mitsubishi","Mirage","mirage","BRAND_SERIES_VERSION_NO_TRIM",1,false,"NOT_RESEARCHED"
"Mitsubishi","mitsubishi","Pajero","pajero","BRAND_SERIES_VERSION_NO_TRIM",1,false,"NOT_RESEARCHED"
"Mitsubishi","mitsubishi","L300","l300","BRAND_SERIES_VERSION_NO_TRIM",1,false,"NOT_RESEARCHED"
"Mitsubishi","mitsubishi","L400","l400","BRAND_SERIES_VERSION_NO_TRIM",1,false,"NOT_RESEARCHED"
"Morgan","morgan","3 Wheeler","3-wheeler","BRAND_SERIES_VERSION_NO_TRIM",1,false,"NOT_RESEARCHED"
"Morgan","morgan","4/4","4-4","BRAND_SERIES_VERSION_NO_TRIM",1,false,"NOT_RESEARCHED"
"Morgan","morgan","Aero 8","aero-8","BRAND_SERIES_VERSION_NO_TRIM",1,false,"NOT_RESEARCHED"
"Morgan","morgan","Plus 4","plus-4","BRAND_SERIES_VERSION_NO_TRIM",1,false,"NOT_RESEARCHED"
"Morgan","morgan","Plus 6","plus-6","BRAND_SERIES_VERSION_NO_TRIM",1,false,"NOT_RESEARCHED"
"Morgan","morgan","Roadster","roadster","BRAND_SERIES_VERSION_NO_TRIM",1,false,"NOT_RESEARCHED"
"Motolux","motolux","E-Dream","e-dream","BRAND_SERIES_VERSION_NO_TRIM",1,false,"NOT_RESEARCHED"
"Motolux","motolux","F5","f5","BRAND_SERIES_VERSION_NO_TRIM",1,false,"NOT_RESEARCHED"
"Motolux","motolux","M5","m5","BRAND_SERIES_VERSION_NO_TRIM",1,false,"NOT_RESEARCHED"
"Nieve","nieve","Niev 1","niev-1","BRAND_SERIES_VERSION_NO_TRIM",1,false,"NOT_RESEARCHED"
"Nieve","nieve","Niev 2","niev-2","BRAND_SERIES_VERSION_NO_TRIM",1,false,"NOT_RESEARCHED"
"Nissan","nissan","200 SX","200-sx","BRAND_SERIES_VERSION_NO_TRIM",1,false,"NOT_RESEARCHED"
"Nissan","nissan","300 ZX","300-zx","BRAND_SERIES_VERSION_NO_TRIM",1,false,"NOT_RESEARCHED"
"Nissan","nissan","Almera","almera","BRAND_SERIES_VERSION_NO_TRIM",2,false,"NOT_RESEARCHED"
"Nissan","nissan","Altima","altima","BRAND_SERIES_VERSION_NO_TRIM",1,false,"NOT_RESEARCHED"
"Nissan","nissan","Bluebird","bluebird","BRAND_SERIES_VERSION_NO_TRIM",1,false,"NOT_RESEARCHED"
"Nissan","nissan","Cube","cube","BRAND_SERIES_VERSION_NO_TRIM",1,false,"NOT_RESEARCHED"
"Nissan","nissan","GT-R","gt-r","BRAND_SERIES_VERSION_NO_TRIM",1,false,"NOT_RESEARCHED"
"Nissan","nissan","Laurel","laurel","BRAND_SERIES_VERSION_NO_TRIM",1,false,"NOT_RESEARCHED"
"Nissan","nissan","Leaf","leaf","BRAND_SERIES_VERSION_NO_TRIM",4,false,"NOT_RESEARCHED"
"Nissan","nissan","Maxima","maxima","BRAND_SERIES_VERSION_NO_TRIM",1,false,"NOT_RESEARCHED"
"Nissan","nissan","Micra","micra","BRAND_SERIES_VERSION_NO_TRIM",3,false,"NOT_RESEARCHED"
"Nissan","nissan","Note","note","BRAND_SERIES_VERSION_NO_TRIM",2,false,"NOT_RESEARCHED"
"Nissan","nissan","Primera","primera","BRAND_SERIES_VERSION_NO_TRIM",1,false,"NOT_RESEARCHED"
"Nissan","nissan","Pulsar","pulsar","BRAND_SERIES_VERSION_NO_TRIM",1,false,"NOT_RESEARCHED"
"Nissan","nissan","Silvia","silvia","BRAND_SERIES_VERSION_NO_TRIM",1,false,"NOT_RESEARCHED"
"Nissan","nissan","Skyline","skyline","BRAND_SERIES_VERSION_NO_TRIM",1,false,"NOT_RESEARCHED"
"Nissan","nissan","Sunny","sunny","BRAND_SERIES_VERSION_NO_TRIM",1,false,"NOT_RESEARCHED"
"Nissan","nissan","Tiida","tiida","BRAND_SERIES_VERSION_NO_TRIM",1,false,"NOT_RESEARCHED"
"Nissan","nissan","Ariya","ariya","BRAND_SERIES_VERSION_NO_TRIM",3,false,"NOT_RESEARCHED"
"Nissan","nissan","Murano","murano","BRAND_SERIES_VERSION_NO_TRIM",1,false,"NOT_RESEARCHED"
"Nissan","nissan","Navara","navara","BRAND_SERIES_VERSION_NO_TRIM",2,false,"NOT_RESEARCHED"
"Nissan","nissan","Pathfinder","pathfinder","BRAND_SERIES_VERSION_NO_TRIM",1,false,"NOT_RESEARCHED"
"Nissan","nissan","Terrano","terrano","BRAND_SERIES_VERSION_NO_TRIM",1,false,"NOT_RESEARCHED"
"Nissan","nissan","NV200","nv200","BRAND_SERIES_VERSION_NO_TRIM",2,false,"NOT_RESEARCHED"
"Nissan","nissan","NV300","nv300","BRAND_SERIES_VERSION_NO_TRIM",1,false,"NOT_RESEARCHED"
"Nissan","nissan","NV400","nv400","BRAND_SERIES_VERSION_NO_TRIM",1,false,"NOT_RESEARCHED"
"Nissan","nissan","Primastar","primastar","BRAND_SERIES_VERSION_NO_TRIM",1,false,"NOT_RESEARCHED"
"Nissan","nissan","Townstar","townstar","BRAND_SERIES_VERSION_NO_TRIM",1,false,"NO_TRIM_AFTER_RESEARCH"
"Nissan","nissan","Vanette","vanette","BRAND_SERIES_VERSION_NO_TRIM",1,false,"NOT_RESEARCHED"
"Nissan","nissan","Townstar EV","townstar-ev","BRAND_SERIES_VERSION_NO_TRIM",1,false,"NOT_RESEARCHED"
"Omoda","omoda","Omoda 5","omoda-5","BRAND_SERIES_VERSION_NO_TRIM",3,false,"NOT_RESEARCHED"
"Opel","opel","Mokka","mokka","BRAND_SERIES_VERSION_NO_TRIM",4,false,"NOT_RESEARCHED"
"Opel","opel","Adam","adam","BRAND_SERIES_VERSION_NO_TRIM",1,false,"NOT_RESEARCHED"
"Opel","opel","Agila","agila","BRAND_SERIES_VERSION_NO_TRIM",1,false,"NOT_RESEARCHED"
"Opel","opel","Ampera","ampera","BRAND_SERIES_VERSION_NO_TRIM",1,false,"NOT_RESEARCHED"
"Opel","opel","Ascona","ascona","BRAND_SERIES_VERSION_NO_TRIM",1,false,"NOT_RESEARCHED"
"Opel","opel","Calibra","calibra","BRAND_SERIES_VERSION_NO_TRIM",1,false,"NOT_RESEARCHED"
"Opel","opel","Cascada","cascada","BRAND_SERIES_VERSION_NO_TRIM",1,false,"NOT_RESEARCHED"
"Opel","opel","Insignia","insignia","BRAND_SERIES_VERSION_NO_TRIM",4,false,"NOT_RESEARCHED"
"Opel","opel","Kadett","kadett","BRAND_SERIES_VERSION_NO_TRIM",1,false,"NOT_RESEARCHED"
"Opel","opel","Meriva","meriva","BRAND_SERIES_VERSION_NO_TRIM",2,false,"NOT_RESEARCHED"
"Opel","opel","Omega","omega","BRAND_SERIES_VERSION_NO_TRIM",1,false,"NOT_RESEARCHED"
"Opel","opel","Rekord","rekord","BRAND_SERIES_VERSION_NO_TRIM",1,false,"NOT_RESEARCHED"
"Opel","opel","Senator","senator","BRAND_SERIES_VERSION_NO_TRIM",1,false,"NOT_RESEARCHED"
"Opel","opel","Signum","signum","BRAND_SERIES_VERSION_NO_TRIM",1,false,"NOT_RESEARCHED"
"Opel","opel","Tigra","tigra","BRAND_SERIES_VERSION_NO_TRIM",1,false,"NOT_RESEARCHED"
"Opel","opel","Vectra","vectra","BRAND_SERIES_VERSION_NO_TRIM",2,false,"NOT_RESEARCHED"
"Opel","opel","Zafira","zafira","BRAND_SERIES_VERSION_NO_TRIM",2,false,"NOT_RESEARCHED"
"Opel","opel","Antara","antara","BRAND_SERIES_VERSION_NO_TRIM",1,false,"NOT_RESEARCHED"
"Opel","opel","Frontera","frontera","BRAND_SERIES_VERSION_NO_TRIM",2,false,"NOT_RESEARCHED"
"Opel","opel","Grandland","grandland","BRAND_SERIES_VERSION_NO_TRIM",3,false,"NOT_RESEARCHED"
"Opel","opel","Mokka X","mokka-x","BRAND_SERIES_VERSION_NO_TRIM",1,false,"NOT_RESEARCHED"
"Opel","opel","Combo","combo","BRAND_SERIES_VERSION_NO_TRIM",2,false,"NOT_RESEARCHED"
"Opel","opel","Movano","movano","BRAND_SERIES_VERSION_NO_TRIM",1,false,"NOT_RESEARCHED"
"Opel","opel","Vivaro","vivaro","BRAND_SERIES_VERSION_NO_TRIM",2,false,"NOT_RESEARCHED"
"Opel","opel","Astra Electric","astra-electric","BRAND_SERIES_VERSION_NO_TRIM",1,false,"NOT_RESEARCHED"
"Opel","opel","Combo Electric","combo-electric","BRAND_SERIES_VERSION_NO_TRIM",1,false,"NOT_RESEARCHED"
"Opel","opel","Corsa Electric","corsa-electric","BRAND_SERIES_VERSION_NO_TRIM",1,false,"NOT_RESEARCHED"
"Opel","opel","Frontera Electric","frontera-electric","BRAND_SERIES_VERSION_NO_TRIM",1,false,"NOT_RESEARCHED"
"Opel","opel","Mokka Electric","mokka-electric","BRAND_SERIES_VERSION_NO_TRIM",1,false,"NOT_RESEARCHED"
"Opel","opel","Vivaro Electric","vivaro-electric","BRAND_SERIES_VERSION_NO_TRIM",1,false,"NOT_RESEARCHED"
"Ortimobil","ortimobil","O2","o2","BRAND_SERIES_VERSION_NO_TRIM",1,false,"NOT_RESEARCHED"
"Ortimobil","ortimobil","O4","o4","BRAND_SERIES_VERSION_NO_TRIM",1,false,"NOT_RESEARCHED"
"Peugeot","peugeot","106","106","BRAND_SERIES_VERSION_NO_TRIM",1,false,"NOT_RESEARCHED"
"Peugeot","peugeot","107","107","BRAND_SERIES_VERSION_NO_TRIM",1,false,"NOT_RESEARCHED"
"Peugeot","peugeot","108","108","BRAND_SERIES_VERSION_NO_TRIM",1,false,"NOT_RESEARCHED"
"Peugeot","peugeot","205","205","BRAND_SERIES_VERSION_NO_TRIM",1,false,"NOT_RESEARCHED"
"Peugeot","peugeot","206","206","BRAND_SERIES_VERSION_NO_TRIM",3,false,"NOT_RESEARCHED"
"Peugeot","peugeot","207","207","BRAND_SERIES_VERSION_NO_TRIM",3,false,"NOT_RESEARCHED"
"Peugeot","peugeot","301","301","BRAND_SERIES_VERSION_NO_TRIM",3,false,"NOT_RESEARCHED"
"Peugeot","peugeot","305","305","BRAND_SERIES_VERSION_NO_TRIM",1,false,"NOT_RESEARCHED"
"Peugeot","peugeot","306","306","BRAND_SERIES_VERSION_NO_TRIM",1,false,"NOT_RESEARCHED"
"Peugeot","peugeot","307","307","BRAND_SERIES_VERSION_NO_TRIM",3,false,"NOT_RESEARCHED"
"Peugeot","peugeot","405","405","BRAND_SERIES_VERSION_NO_TRIM",1,false,"NOT_RESEARCHED"
"Peugeot","peugeot","406","406","BRAND_SERIES_VERSION_NO_TRIM",1,false,"NOT_RESEARCHED"
"Peugeot","peugeot","407","407","BRAND_SERIES_VERSION_NO_TRIM",2,false,"NOT_RESEARCHED"
"Peugeot","peugeot","508","508","BRAND_SERIES_VERSION_NO_TRIM",3,false,"NOT_RESEARCHED"
"Peugeot","peugeot","605","605","BRAND_SERIES_VERSION_NO_TRIM",1,false,"NOT_RESEARCHED"
"Peugeot","peugeot","607","607","BRAND_SERIES_VERSION_NO_TRIM",1,false,"NOT_RESEARCHED"
"Peugeot","peugeot","RCZ","rcz","BRAND_SERIES_VERSION_NO_TRIM",1,false,"NOT_RESEARCHED"
"Peugeot","peugeot","4007","4007","BRAND_SERIES_VERSION_NO_TRIM",1,false,"NOT_RESEARCHED"
"Peugeot","peugeot","4008","4008","BRAND_SERIES_VERSION_NO_TRIM",1,false,"NOT_RESEARCHED"
"Peugeot","peugeot","5008","5008","BRAND_SERIES_VERSION_NO_TRIM",3,false,"NOT_RESEARCHED"
"Peugeot","peugeot","Bipper","bipper","BRAND_SERIES_VERSION_NO_TRIM",1,false,"NOT_RESEARCHED"
"Peugeot","peugeot","Boxer","boxer","BRAND_SERIES_VERSION_NO_TRIM",1,false,"NOT_RESEARCHED"
"Peugeot","peugeot","Expert","expert","BRAND_SERIES_VERSION_NO_TRIM",2,false,"NOT_RESEARCHED"
"Peugeot","peugeot","Partner","partner","BRAND_SERIES_VERSION_NO_TRIM",2,false,"NOT_RESEARCHED"
"Peugeot","peugeot","Rifter","rifter","BRAND_SERIES_VERSION_NO_TRIM",1,false,"NOT_RESEARCHED"
"Peugeot","peugeot","e-2008","e-2008","BRAND_SERIES_VERSION_NO_TRIM",1,false,"NOT_RESEARCHED"
"Peugeot","peugeot","e-208","e-208","BRAND_SERIES_VERSION_NO_TRIM",1,false,"NOT_RESEARCHED"
"Peugeot","peugeot","e-5008","e-5008","BRAND_SERIES_VERSION_NO_TRIM",1,false,"NOT_RESEARCHED"
"Peugeot","peugeot","e-Expert","e-expert","BRAND_SERIES_VERSION_NO_TRIM",1,false,"NOT_RESEARCHED"
"Peugeot","peugeot","e-Partner","e-partner","BRAND_SERIES_VERSION_NO_TRIM",1,false,"NOT_RESEARCHED"
"Peugeot","peugeot","e-Rifter","e-rifter","BRAND_SERIES_VERSION_NO_TRIM",1,false,"NOT_RESEARCHED"
"Plymouth","plymouth","Barracuda","barracuda","BRAND_SERIES_VERSION_NO_TRIM",1,false,"NOT_RESEARCHED"
"Plymouth","plymouth","Belvedere","belvedere","BRAND_SERIES_VERSION_NO_TRIM",1,false,"NOT_RESEARCHED"
"Plymouth","plymouth","Fury","fury","BRAND_SERIES_VERSION_NO_TRIM",1,false,"NOT_RESEARCHED"
"Plymouth","plymouth","Neon","neon","BRAND_SERIES_VERSION_NO_TRIM",1,false,"NOT_RESEARCHED"
"Plymouth","plymouth","Prowler","prowler","BRAND_SERIES_VERSION_NO_TRIM",1,false,"NOT_RESEARCHED"
"Plymouth","plymouth","Road Runner","road-runner","BRAND_SERIES_VERSION_NO_TRIM",1,false,"NOT_RESEARCHED"
"Plymouth","plymouth","Satellite","satellite","BRAND_SERIES_VERSION_NO_TRIM",1,false,"NOT_RESEARCHED"
"Plymouth","plymouth","Voyager","voyager","BRAND_SERIES_VERSION_NO_TRIM",1,false,"NOT_RESEARCHED"
"Polestar","polestar","1","1","BRAND_SERIES_VERSION_NO_TRIM",1,false,"NOT_RESEARCHED"
"Polestar","polestar","2","2","BRAND_SERIES_VERSION_NO_TRIM",3,false,"NOT_RESEARCHED"
"Polestar","polestar","3","3","BRAND_SERIES_VERSION_NO_TRIM",1,false,"NOT_RESEARCHED"
"Polestar","polestar","4","4","BRAND_SERIES_VERSION_NO_TRIM",1,false,"NOT_RESEARCHED"
"Pontiac","pontiac","Bonneville","bonneville","BRAND_SERIES_VERSION_NO_TRIM",1,false,"NOT_RESEARCHED"
"Pontiac","pontiac","Firebird","firebird","BRAND_SERIES_VERSION_NO_TRIM",1,false,"NOT_RESEARCHED"
"Pontiac","pontiac","G5","g5","BRAND_SERIES_VERSION_NO_TRIM",1,false,"NOT_RESEARCHED"
"Pontiac","pontiac","G6","g6","BRAND_SERIES_VERSION_NO_TRIM",1,false,"NOT_RESEARCHED"
"Pontiac","pontiac","Grand Am","grand-am","BRAND_SERIES_VERSION_NO_TRIM",1,false,"NOT_RESEARCHED"
"Pontiac","pontiac","Grand Prix","grand-prix","BRAND_SERIES_VERSION_NO_TRIM",1,false,"NOT_RESEARCHED"
"Pontiac","pontiac","GTO","gto","BRAND_SERIES_VERSION_NO_TRIM",1,false,"NOT_RESEARCHED"
"Pontiac","pontiac","Solstice","solstice","BRAND_SERIES_VERSION_NO_TRIM",1,false,"NOT_RESEARCHED"
"Pontiac","pontiac","Sunfire","sunfire","BRAND_SERIES_VERSION_NO_TRIM",1,false,"NOT_RESEARCHED"
"Pontiac","pontiac","Trans Am","trans-am","BRAND_SERIES_VERSION_NO_TRIM",1,false,"NOT_RESEARCHED"
"Pontiac","pontiac","Montana","montana","BRAND_SERIES_VERSION_NO_TRIM",1,false,"NOT_RESEARCHED"
"Pontiac","pontiac","Trans Sport","trans-sport","BRAND_SERIES_VERSION_NO_TRIM",1,false,"NOT_RESEARCHED"
"Porsche","porsche","911","911","BRAND_SERIES_VERSION_NO_TRIM",8,false,"NO_TRIM_AFTER_RESEARCH"
"Porsche","porsche","718","718","BRAND_SERIES_VERSION_NO_TRIM",3,false,"NOT_RESEARCHED"
"Porsche","porsche","Boxster","boxster","BRAND_SERIES_VERSION_NO_TRIM",1,false,"NOT_RESEARCHED"
"Porsche","porsche","Cayman","cayman","BRAND_SERIES_VERSION_NO_TRIM",1,false,"NOT_RESEARCHED"
"Porsche","porsche","Macan Electric","macan-electric","BRAND_SERIES_VERSION_NO_TRIM",1,false,"NOT_RESEARCHED"
"Proton","proton","315","315","BRAND_SERIES_VERSION_NO_TRIM",1,false,"NOT_RESEARCHED"
"Proton","proton","316","316","BRAND_SERIES_VERSION_NO_TRIM",1,false,"NOT_RESEARCHED"
"Proton","proton","Persona","persona","BRAND_SERIES_VERSION_NO_TRIM",1,false,"NOT_RESEARCHED"
"Proton","proton","Saga","saga","BRAND_SERIES_VERSION_NO_TRIM",1,false,"NOT_RESEARCHED"
"Proton","proton","Satria","satria","BRAND_SERIES_VERSION_NO_TRIM",1,false,"NOT_RESEARCHED"
"Proton","proton","Savvy","savvy","BRAND_SERIES_VERSION_NO_TRIM",1,false,"NOT_RESEARCHED"
"Proton","proton","Waja","waja","BRAND_SERIES_VERSION_NO_TRIM",1,false,"NOT_RESEARCHED"
"Proton","proton","Wira","wira","BRAND_SERIES_VERSION_NO_TRIM",1,false,"NOT_RESEARCHED"
"Rainwoll","rainwoll","RW10","rw10","BRAND_SERIES_VERSION_NO_TRIM",1,false,"NOT_RESEARCHED"
"Rainwoll","rainwoll","RW20","rw20","BRAND_SERIES_VERSION_NO_TRIM",1,false,"NOT_RESEARCHED"
"Reeder","reeder","ReeV Fancy","reev-fancy","BRAND_SERIES_VERSION_NO_TRIM",1,false,"NOT_RESEARCHED"
"Reeder","reeder","ReeV Max","reev-max","BRAND_SERIES_VERSION_NO_TRIM",1,false,"NOT_RESEARCHED"
"Regal Raptor","regal-raptor","K5","k5","BRAND_SERIES_VERSION_NO_TRIM",1,false,"NOT_RESEARCHED"
"Regal Raptor","regal-raptor","Pilder","pilder","BRAND_SERIES_VERSION_NO_TRIM",1,false,"NOT_RESEARCHED"
"Relive","relive","N1","n1","BRAND_SERIES_VERSION_NO_TRIM",1,false,"NOT_RESEARCHED"
"Renault","renault","Talisman","talisman","BRAND_SERIES_VERSION_NO_TRIM",1,false,"NOT_RESEARCHED"
"Renault","renault","Symbol","symbol","BRAND_SERIES_VERSION_NO_TRIM",4,false,"NO_TRIM_AFTER_RESEARCH"
"Renault","renault","Austral","austral","BRAND_SERIES_VERSION_NO_TRIM",3,false,"NO_TRIM_AFTER_RESEARCH"
"Renault","renault","Trafic","trafic","BRAND_SERIES_VERSION_NO_TRIM",3,false,"NO_TRIM_AFTER_RESEARCH"
"Renault","renault","Master","master","BRAND_SERIES_VERSION_NO_TRIM",3,false,"NOT_RESEARCHED"
"Renault","renault","Fluence","fluence","BRAND_SERIES_VERSION_NO_TRIM",3,false,"NOT_RESEARCHED"
"Renault","renault","Laguna","laguna","BRAND_SERIES_VERSION_NO_TRIM",1,false,"NOT_RESEARCHED"
"Renault","renault","Latitude","latitude","BRAND_SERIES_VERSION_NO_TRIM",1,false,"NOT_RESEARCHED"
"Renault","renault","R11","r11","BRAND_SERIES_VERSION_NO_TRIM",1,false,"NOT_RESEARCHED"
"Renault","renault","R19","r19","BRAND_SERIES_VERSION_NO_TRIM",1,false,"NOT_RESEARCHED"
"Renault","renault","R21","r21","BRAND_SERIES_VERSION_NO_TRIM",1,false,"NOT_RESEARCHED"
"Renault","renault","R25","r25","BRAND_SERIES_VERSION_NO_TRIM",1,false,"NOT_RESEARCHED"
"Renault","renault","R9","r9","BRAND_SERIES_VERSION_NO_TRIM",1,false,"NOT_RESEARCHED"
"Renault","renault","Safrane","safrane","BRAND_SERIES_VERSION_NO_TRIM",1,false,"NOT_RESEARCHED"
"Renault","renault","Scenic","scenic","BRAND_SERIES_VERSION_NO_TRIM",1,false,"NOT_RESEARCHED"
"Renault","renault","Taliant","taliant","BRAND_SERIES_VERSION_NO_TRIM",2,false,"NO_TRIM_AFTER_RESEARCH"
"Renault","renault","Twingo","twingo","BRAND_SERIES_VERSION_NO_TRIM",1,false,"NOT_RESEARCHED"
"Renault","renault","Vel Satis","vel-satis","BRAND_SERIES_VERSION_NO_TRIM",1,false,"NOT_RESEARCHED"
"Renault","renault","Zoe","zoe","BRAND_SERIES_VERSION_NO_TRIM",4,false,"NOT_RESEARCHED"
"Renault","renault","Arkana","arkana","BRAND_SERIES_VERSION_NO_TRIM",2,false,"NOT_RESEARCHED"
"Renault","renault","Kadjar","kadjar","BRAND_SERIES_VERSION_NO_TRIM",2,false,"NO_TRIM_AFTER_RESEARCH"
"Renault","renault","Koleos","koleos","BRAND_SERIES_VERSION_NO_TRIM",2,false,"NOT_RESEARCHED"
"Renault","renault","Rafale","rafale","BRAND_SERIES_VERSION_NO_TRIM",1,false,"NOT_RESEARCHED"
"Renault","renault","Scenic E-Tech","scenic-e-tech","BRAND_SERIES_VERSION_NO_TRIM",1,false,"NOT_RESEARCHED"
"Renault","renault","Symbioz","symbioz","BRAND_SERIES_VERSION_NO_TRIM",1,false,"NOT_RESEARCHED"
"Renault","renault","Express Van","express-van","BRAND_SERIES_VERSION_NO_TRIM",1,false,"NOT_RESEARCHED"
"Renault","renault","Kangoo E-Tech","kangoo-e-tech","BRAND_SERIES_VERSION_NO_TRIM",1,false,"NOT_RESEARCHED"
"RKS","rks","A1","a1","BRAND_SERIES_VERSION_NO_TRIM",1,false,"NOT_RESEARCHED"
"RKS","rks","D2","d2","BRAND_SERIES_VERSION_NO_TRIM",1,false,"NOT_RESEARCHED"
"RKS","rks","M5","m5","BRAND_SERIES_VERSION_NO_TRIM",1,false,"NOT_RESEARCHED"
"Roewe","roewe","Ei5","ei5","BRAND_SERIES_VERSION_NO_TRIM",1,false,"NOT_RESEARCHED"
"Roewe","roewe","i5","i5","BRAND_SERIES_VERSION_NO_TRIM",1,false,"NOT_RESEARCHED"
"Roewe","roewe","i6","i6","BRAND_SERIES_VERSION_NO_TRIM",1,false,"NOT_RESEARCHED"
"Rolls-Royce","rolls-royce","Corniche","corniche","BRAND_SERIES_VERSION_NO_TRIM",1,false,"NOT_RESEARCHED"
"Rolls-Royce","rolls-royce","Cullinan","cullinan","BRAND_SERIES_VERSION_NO_TRIM",2,false,"NOT_RESEARCHED"
"Rolls-Royce","rolls-royce","Dawn","dawn","BRAND_SERIES_VERSION_NO_TRIM",1,false,"NOT_RESEARCHED"
"Rolls-Royce","rolls-royce","Ghost","ghost","BRAND_SERIES_VERSION_NO_TRIM",1,false,"NOT_RESEARCHED"
"Rolls-Royce","rolls-royce","Phantom","phantom","BRAND_SERIES_VERSION_NO_TRIM",1,false,"NOT_RESEARCHED"
"Rolls-Royce","rolls-royce","Silver Cloud","silver-cloud","BRAND_SERIES_VERSION_NO_TRIM",1,false,"NOT_RESEARCHED"
"Rolls-Royce","rolls-royce","Silver Seraph","silver-seraph","BRAND_SERIES_VERSION_NO_TRIM",1,false,"NOT_RESEARCHED"
"Rolls-Royce","rolls-royce","Silver Shadow","silver-shadow","BRAND_SERIES_VERSION_NO_TRIM",1,false,"NOT_RESEARCHED"
"Rolls-Royce","rolls-royce","Spectre","spectre","BRAND_SERIES_VERSION_NO_TRIM",1,false,"NOT_RESEARCHED"
"Rolls-Royce","rolls-royce","Wraith","wraith","BRAND_SERIES_VERSION_NO_TRIM",1,false,"NOT_RESEARCHED"
"Rover","rover","200","200","BRAND_SERIES_VERSION_NO_TRIM",1,false,"NOT_RESEARCHED"
"Rover","rover","25","25","BRAND_SERIES_VERSION_NO_TRIM",1,false,"NOT_RESEARCHED"
"Rover","rover","400","400","BRAND_SERIES_VERSION_NO_TRIM",1,false,"NOT_RESEARCHED"
"Rover","rover","45","45","BRAND_SERIES_VERSION_NO_TRIM",1,false,"NOT_RESEARCHED"
"Rover","rover","600","600","BRAND_SERIES_VERSION_NO_TRIM",1,false,"NOT_RESEARCHED"
"Rover","rover","75","75","BRAND_SERIES_VERSION_NO_TRIM",1,false,"NOT_RESEARCHED"
"Rover","rover","800","800","BRAND_SERIES_VERSION_NO_TRIM",1,false,"NOT_RESEARCHED"
"Rover","rover","Mini","mini","BRAND_SERIES_VERSION_NO_TRIM",1,false,"NOT_RESEARCHED"
"Saab","saab","9-3","9-3","BRAND_SERIES_VERSION_NO_TRIM",1,false,"NOT_RESEARCHED"
"Saab","saab","9-5","9-5","BRAND_SERIES_VERSION_NO_TRIM",1,false,"NOT_RESEARCHED"
"Saab","saab","900","900","BRAND_SERIES_VERSION_NO_TRIM",1,false,"NOT_RESEARCHED"
"Saab","saab","9000","9000","BRAND_SERIES_VERSION_NO_TRIM",1,false,"NOT_RESEARCHED"
"Saab","saab","96","96","BRAND_SERIES_VERSION_NO_TRIM",1,false,"NOT_RESEARCHED"
"Saab","saab","99","99","BRAND_SERIES_VERSION_NO_TRIM",1,false,"NOT_RESEARCHED"
"Santana","santana","Anibal","anibal","BRAND_SERIES_VERSION_NO_TRIM",1,false,"NOT_RESEARCHED"
"Santana","santana","PS-10","ps-10","BRAND_SERIES_VERSION_NO_TRIM",1,false,"NOT_RESEARCHED"
"Seat","seat","Alhambra","alhambra","BRAND_SERIES_VERSION_NO_TRIM",1,false,"NOT_RESEARCHED"
"Seat","seat","Altea","altea","BRAND_SERIES_VERSION_NO_TRIM",1,false,"NOT_RESEARCHED"
"Seat","seat","Arosa","arosa","BRAND_SERIES_VERSION_NO_TRIM",1,false,"NOT_RESEARCHED"
"Seat","seat","Cordoba","cordoba","BRAND_SERIES_VERSION_NO_TRIM",2,false,"NOT_RESEARCHED"
"Seat","seat","Exeo","exeo","BRAND_SERIES_VERSION_NO_TRIM",1,false,"NOT_RESEARCHED"
"Seat","seat","Toledo","toledo","BRAND_SERIES_VERSION_NO_TRIM",1,false,"NOT_RESEARCHED"
"Seat","seat","Arona","arona","BRAND_SERIES_VERSION_NO_TRIM",2,false,"NOT_RESEARCHED"
"Seat","seat","Tarraco","tarraco","BRAND_SERIES_VERSION_NO_TRIM",1,false,"NOT_RESEARCHED"
"Seat","seat","Inca","inca","BRAND_SERIES_VERSION_NO_TRIM",1,false,"NOT_RESEARCHED"
"Seres","seres","Seres 3","seres-3","BRAND_SERIES_VERSION_NO_TRIM",3,false,"NOT_RESEARCHED"
"Seres","seres","Seres 5","seres-5","BRAND_SERIES_VERSION_NO_TRIM",2,false,"NOT_RESEARCHED"
"Skoda","skoda","Kodiaq","kodiaq","BRAND_SERIES_VERSION_NO_TRIM",3,false,"NOT_RESEARCHED"
"Skoda","skoda","Karoq","karoq","BRAND_SERIES_VERSION_NO_TRIM",3,false,"NOT_RESEARCHED"
"Skoda","skoda","Citigo","citigo","BRAND_SERIES_VERSION_NO_TRIM",1,false,"NOT_RESEARCHED"
"Skoda","skoda","Favorit","favorit","BRAND_SERIES_VERSION_NO_TRIM",1,false,"NOT_RESEARCHED"
"Skoda","skoda","Felicia","felicia","BRAND_SERIES_VERSION_NO_TRIM",1,false,"NOT_RESEARCHED"
"Skoda","skoda","Rapid","rapid","BRAND_SERIES_VERSION_NO_TRIM",1,false,"NOT_RESEARCHED"
"Skoda","skoda","Scala","scala","BRAND_SERIES_VERSION_NO_TRIM",2,false,"NOT_RESEARCHED"
"Skoda","skoda","Elroq","elroq","BRAND_SERIES_VERSION_NO_TRIM",4,false,"NOT_RESEARCHED"
"Skoda","skoda","Enyaq","enyaq","BRAND_SERIES_VERSION_NO_TRIM",5,false,"NOT_RESEARCHED"
"Skoda","skoda","Kamiq","kamiq","BRAND_SERIES_VERSION_NO_TRIM",2,false,"NOT_RESEARCHED"
"Skoda","skoda","Praktik","praktik","BRAND_SERIES_VERSION_NO_TRIM",1,false,"NOT_RESEARCHED"
"Skoda","skoda","Citigo-e","citigo-e","BRAND_SERIES_VERSION_NO_TRIM",1,false,"NOT_RESEARCHED"
"Skywell","skywell","ET5","et5","BRAND_SERIES_VERSION_NO_TRIM",3,false,"NOT_RESEARCHED"
"Skywell","skywell","HT-i","ht-i","BRAND_SERIES_VERSION_NO_TRIM",1,false,"NOT_RESEARCHED"
"Smart","smart","Fortwo","fortwo","BRAND_SERIES_VERSION_NO_TRIM",3,false,"NOT_RESEARCHED"
"Smart","smart","Forfour","forfour","BRAND_SERIES_VERSION_NO_TRIM",1,false,"NOT_RESEARCHED"
"Smart","smart","#1","1","BRAND_SERIES_VERSION_NO_TRIM",3,false,"NOT_RESEARCHED"
"Smart","smart","#3","3","BRAND_SERIES_VERSION_NO_TRIM",3,false,"NOT_RESEARCHED"
"Smart","smart","Roadster","roadster","BRAND_SERIES_VERSION_NO_TRIM",1,false,"NOT_RESEARCHED"
"Subaru","subaru","Outback","outback","BRAND_SERIES_VERSION_NO_TRIM",2,false,"NO_TRIM_AFTER_RESEARCH"
"Subaru","subaru","BRZ","brz","BRAND_SERIES_VERSION_NO_TRIM",1,false,"NOT_RESEARCHED"
"Subaru","subaru","Impreza","impreza","BRAND_SERIES_VERSION_NO_TRIM",3,false,"NOT_RESEARCHED"
"Subaru","subaru","Justy","justy","BRAND_SERIES_VERSION_NO_TRIM",1,false,"NOT_RESEARCHED"
"Subaru","subaru","Legacy","legacy","BRAND_SERIES_VERSION_NO_TRIM",1,false,"NOT_RESEARCHED"
"Subaru","subaru","Levorg","levorg","BRAND_SERIES_VERSION_NO_TRIM",1,false,"NOT_RESEARCHED"
"Subaru","subaru","SVX","svx","BRAND_SERIES_VERSION_NO_TRIM",1,false,"NOT_RESEARCHED"
"Subaru","subaru","Tribeca","tribeca","BRAND_SERIES_VERSION_NO_TRIM",1,false,"NOT_RESEARCHED"
"Suzuki","suzuki","Alto","alto","BRAND_SERIES_VERSION_NO_TRIM",1,false,"NOT_RESEARCHED"
"Suzuki","suzuki","Baleno","baleno","BRAND_SERIES_VERSION_NO_TRIM",1,false,"NOT_RESEARCHED"
"Suzuki","suzuki","Celerio","celerio","BRAND_SERIES_VERSION_NO_TRIM",1,false,"NOT_RESEARCHED"
"Suzuki","suzuki","Ignis","ignis","BRAND_SERIES_VERSION_NO_TRIM",1,false,"NOT_RESEARCHED"
"Suzuki","suzuki","Kizashi","kizashi","BRAND_SERIES_VERSION_NO_TRIM",1,false,"NOT_RESEARCHED"
"Suzuki","suzuki","Liana","liana","BRAND_SERIES_VERSION_NO_TRIM",1,false,"NOT_RESEARCHED"
"Suzuki","suzuki","Maruti","maruti","BRAND_SERIES_VERSION_NO_TRIM",1,false,"NOT_RESEARCHED"
"Suzuki","suzuki","Splash","splash","BRAND_SERIES_VERSION_NO_TRIM",1,false,"NOT_RESEARCHED"
"Suzuki","suzuki","Wagon R","wagon-r","BRAND_SERIES_VERSION_NO_TRIM",1,false,"NOT_RESEARCHED"
"Suzuki","suzuki","Across","across","BRAND_SERIES_VERSION_NO_TRIM",1,false,"NOT_RESEARCHED"
"Suzuki","suzuki","Carry","carry","BRAND_SERIES_VERSION_NO_TRIM",1,false,"NOT_RESEARCHED"
"Suzuki","suzuki","Super Carry","super-carry","BRAND_SERIES_VERSION_NO_TRIM",1,false,"NOT_RESEARCHED"
"SWM","swm","G01","g01","BRAND_SERIES_VERSION_NO_TRIM",2,false,"NOT_RESEARCHED"
"SWM","swm","G01F","g01f","BRAND_SERIES_VERSION_NO_TRIM",1,false,"NOT_RESEARCHED"
"SWM","swm","G03F","g03f","BRAND_SERIES_VERSION_NO_TRIM",1,false,"NOT_RESEARCHED"
"SWM","swm","G05","g05","BRAND_SERIES_VERSION_NO_TRIM",1,false,"NOT_RESEARCHED"
"Tata","tata","Indica","indica","BRAND_SERIES_VERSION_NO_TRIM",1,false,"NOT_RESEARCHED"
"Tata","tata","Indigo","indigo","BRAND_SERIES_VERSION_NO_TRIM",1,false,"NOT_RESEARCHED"
"Tata","tata","Manza","manza","BRAND_SERIES_VERSION_NO_TRIM",1,false,"NOT_RESEARCHED"
"Tata","tata","Nano","nano","BRAND_SERIES_VERSION_NO_TRIM",1,false,"NOT_RESEARCHED"
"Tata","tata","Vista","vista","BRAND_SERIES_VERSION_NO_TRIM",1,false,"NOT_RESEARCHED"
"Tata","tata","Safari","safari","BRAND_SERIES_VERSION_NO_TRIM",1,false,"NOT_RESEARCHED"
"Tata","tata","Telcoline","telcoline","BRAND_SERIES_VERSION_NO_TRIM",1,false,"NOT_RESEARCHED"
"Tata","tata","Xenon","xenon","BRAND_SERIES_VERSION_NO_TRIM",1,false,"NOT_RESEARCHED"
"Tenax","tenax","V1","v1","BRAND_SERIES_VERSION_NO_TRIM",1,false,"NOT_RESEARCHED"
"Tesla","tesla","Model 3","model-3","BRAND_SERIES_VERSION_NO_TRIM",6,false,"NO_TRIM_AFTER_RESEARCH"
"Tesla","tesla","Model S","model-s","BRAND_SERIES_VERSION_NO_TRIM",3,false,"NO_TRIM_AFTER_RESEARCH"
"Tesla","tesla","Model X","model-x","BRAND_SERIES_VERSION_NO_TRIM",3,false,"NO_TRIM_AFTER_RESEARCH"
"Tesla","tesla","Cybertruck","cybertruck","BRAND_SERIES_VERSION_NO_TRIM",1,false,"NOT_RESEARCHED"
"The London Taxi","the-london-taxi","TX Electric","tx-electric","BRAND_SERIES_VERSION_NO_TRIM",1,false,"NOT_RESEARCHED"
"The London Taxi","the-london-taxi","TX1","tx1","BRAND_SERIES_VERSION_NO_TRIM",1,false,"NOT_RESEARCHED"
"The London Taxi","the-london-taxi","TX2","tx2","BRAND_SERIES_VERSION_NO_TRIM",1,false,"NOT_RESEARCHED"
"The London Taxi","the-london-taxi","TX4","tx4","BRAND_SERIES_VERSION_NO_TRIM",1,false,"NOT_RESEARCHED"
"Tofaş","tofas","Doğan","dogan","BRAND_SERIES_VERSION_NO_TRIM",3,false,"NOT_RESEARCHED"
"Tofaş","tofas","Kartal","kartal","BRAND_SERIES_VERSION_NO_TRIM",3,false,"NOT_RESEARCHED"
"Tofaş","tofas","Murat 124","murat-124","BRAND_SERIES_VERSION_NO_TRIM",1,false,"NOT_RESEARCHED"
"Tofaş","tofas","Murat 131","murat-131","BRAND_SERIES_VERSION_NO_TRIM",1,false,"NOT_RESEARCHED"
"Tofaş","tofas","Serçe","serce","BRAND_SERIES_VERSION_NO_TRIM",1,false,"NOT_RESEARCHED"
"Tofaş","tofas","Şahin","sahin","BRAND_SERIES_VERSION_NO_TRIM",2,false,"NOT_RESEARCHED"
"Toyota","toyota","Yaris","yaris","BRAND_SERIES_VERSION_NO_TRIM",6,false,"NOT_RESEARCHED"
"Toyota","toyota","Camry","camry","BRAND_SERIES_VERSION_NO_TRIM",2,false,"NOT_RESEARCHED"
"Toyota","toyota","Auris","auris","BRAND_SERIES_VERSION_NO_TRIM",5,false,"NOT_RESEARCHED"
"Toyota","toyota","Hilux","hilux","BRAND_SERIES_VERSION_NO_TRIM",4,false,"NOT_RESEARCHED"
"Toyota","toyota","Land Cruiser","land-cruiser","BRAND_SERIES_VERSION_NO_TRIM",4,false,"NOT_RESEARCHED"
"Toyota","toyota","Avensis","avensis","BRAND_SERIES_VERSION_NO_TRIM",2,false,"NOT_RESEARCHED"
"Toyota","toyota","Carina","carina","BRAND_SERIES_VERSION_NO_TRIM",1,false,"NOT_RESEARCHED"
"Toyota","toyota","Celica","celica","BRAND_SERIES_VERSION_NO_TRIM",1,false,"NOT_RESEARCHED"
"Toyota","toyota","Corona","corona","BRAND_SERIES_VERSION_NO_TRIM",1,false,"NOT_RESEARCHED"
"Toyota","toyota","GT86","gt86","BRAND_SERIES_VERSION_NO_TRIM",1,false,"NOT_RESEARCHED"
"Toyota","toyota","MR2","mr2","BRAND_SERIES_VERSION_NO_TRIM",1,false,"NOT_RESEARCHED"
"Toyota","toyota","Prius","prius","BRAND_SERIES_VERSION_NO_TRIM",1,false,"NOT_RESEARCHED"
"Toyota","toyota","Starlet","starlet","BRAND_SERIES_VERSION_NO_TRIM",1,false,"NOT_RESEARCHED"
"Toyota","toyota","Supra","supra","BRAND_SERIES_VERSION_NO_TRIM",1,false,"NOT_RESEARCHED"
"Toyota","toyota","Urban Cruiser","urban-cruiser","BRAND_SERIES_VERSION_NO_TRIM",1,false,"NOT_RESEARCHED"
"Toyota","toyota","Highlander","highlander","BRAND_SERIES_VERSION_NO_TRIM",1,false,"NOT_RESEARCHED"
"Toyota","toyota","Yaris Cross","yaris-cross","BRAND_SERIES_VERSION_NO_TRIM",2,false,"NOT_RESEARCHED"
"Toyota","toyota","Hiace","hiace","BRAND_SERIES_VERSION_NO_TRIM",1,false,"NOT_RESEARCHED"
"Toyota","toyota","Proace","proace","BRAND_SERIES_VERSION_NO_TRIM",1,false,"NOT_RESEARCHED"
"Toyota","toyota","Proace City","proace-city","BRAND_SERIES_VERSION_NO_TRIM",2,false,"NOT_RESEARCHED"
"Toyota","toyota","bZ4X","bz4x","BRAND_SERIES_VERSION_NO_TRIM",1,false,"NOT_RESEARCHED"
"Toyota","toyota","Proace City Electric","proace-city-electric","BRAND_SERIES_VERSION_NO_TRIM",1,false,"NOT_RESEARCHED"
"Toyota","toyota","Proace Electric","proace-electric","BRAND_SERIES_VERSION_NO_TRIM",1,false,"NOT_RESEARCHED"
"Vanderhall","vanderhall","Carmel","carmel","BRAND_SERIES_VERSION_NO_TRIM",1,false,"NOT_RESEARCHED"
"Vanderhall","vanderhall","Venice","venice","BRAND_SERIES_VERSION_NO_TRIM",1,false,"NOT_RESEARCHED"
"Volkswagen","volkswagen","Jetta","jetta","BRAND_SERIES_VERSION_NO_TRIM",3,false,"NOT_RESEARCHED"
"Volkswagen","volkswagen","T-Roc","t-roc","BRAND_SERIES_VERSION_NO_TRIM",3,false,"NO_TRIM_AFTER_RESEARCH"
"Volkswagen","volkswagen","Touareg","touareg","BRAND_SERIES_VERSION_NO_TRIM",3,false,"NOT_RESEARCHED"
"Volkswagen","volkswagen","Amarok","amarok","BRAND_SERIES_VERSION_NO_TRIM",3,false,"NOT_RESEARCHED"
"Volkswagen","volkswagen","Transporter","transporter","BRAND_SERIES_VERSION_NO_TRIM",4,false,"NO_TRIM_AFTER_RESEARCH"
"Volkswagen","volkswagen","Multivan","multivan","BRAND_SERIES_VERSION_NO_TRIM",3,false,"NOT_RESEARCHED"
"Volkswagen","volkswagen","Arteon","arteon","BRAND_SERIES_VERSION_NO_TRIM",2,false,"NOT_RESEARCHED"
"Volkswagen","volkswagen","Beetle","beetle","BRAND_SERIES_VERSION_NO_TRIM",1,false,"NOT_RESEARCHED"
"Volkswagen","volkswagen","Bora","bora","BRAND_SERIES_VERSION_NO_TRIM",2,false,"NOT_RESEARCHED"
"Volkswagen","volkswagen","CC","cc","BRAND_SERIES_VERSION_NO_TRIM",2,false,"NOT_RESEARCHED"
"Volkswagen","volkswagen","Eos","eos","BRAND_SERIES_VERSION_NO_TRIM",1,false,"NOT_RESEARCHED"
"Volkswagen","volkswagen","ID.3","id-3","BRAND_SERIES_VERSION_NO_TRIM",3,false,"NO_TRIM_AFTER_RESEARCH"
"Volkswagen","volkswagen","Lupo","lupo","BRAND_SERIES_VERSION_NO_TRIM",1,false,"NOT_RESEARCHED"
"Volkswagen","volkswagen","Phaeton","phaeton","BRAND_SERIES_VERSION_NO_TRIM",1,false,"NOT_RESEARCHED"
"Volkswagen","volkswagen","Scirocco","scirocco","BRAND_SERIES_VERSION_NO_TRIM",2,false,"NOT_RESEARCHED"
"Volkswagen","volkswagen","Vento","vento","BRAND_SERIES_VERSION_NO_TRIM",1,false,"NOT_RESEARCHED"
"Volkswagen","volkswagen","ID.5","id-5","BRAND_SERIES_VERSION_NO_TRIM",3,false,"NOT_RESEARCHED"
"Volkswagen","volkswagen","T-Cross","t-cross","BRAND_SERIES_VERSION_NO_TRIM",2,false,"NO_TRIM_AFTER_RESEARCH"
"Volkswagen","volkswagen","Taigo","taigo","BRAND_SERIES_VERSION_NO_TRIM",2,false,"NOT_RESEARCHED"
"Volkswagen","volkswagen","Crafter","crafter","BRAND_SERIES_VERSION_NO_TRIM",1,false,"NOT_RESEARCHED"
"Volkswagen","volkswagen","ID. Buzz","id-buzz","BRAND_SERIES_VERSION_NO_TRIM",1,false,"NOT_RESEARCHED"
"Volta","volta","EV1","ev1","BRAND_SERIES_VERSION_NO_TRIM",1,false,"NOT_RESEARCHED"
"Volta","volta","EV2","ev2","BRAND_SERIES_VERSION_NO_TRIM",1,false,"NOT_RESEARCHED"
"Volta","volta","EV4","ev4","BRAND_SERIES_VERSION_NO_TRIM",1,false,"NOT_RESEARCHED"
"Volvo","volvo","S60","s60","BRAND_SERIES_VERSION_NO_TRIM",5,false,"NOT_RESEARCHED"
"Volvo","volvo","S90","s90","BRAND_SERIES_VERSION_NO_TRIM",4,false,"NOT_RESEARCHED"
"Volvo","volvo","V40","v40","BRAND_SERIES_VERSION_NO_TRIM",4,false,"NOT_RESEARCHED"
"Volvo","volvo","XC40","xc40","BRAND_SERIES_VERSION_NO_TRIM",4,false,"NOT_RESEARCHED"
"Volvo","volvo","C30","c30","BRAND_SERIES_VERSION_NO_TRIM",1,false,"NOT_RESEARCHED"
"Volvo","volvo","C70","c70","BRAND_SERIES_VERSION_NO_TRIM",1,false,"NOT_RESEARCHED"
"Volvo","volvo","S40","s40","BRAND_SERIES_VERSION_NO_TRIM",2,false,"NOT_RESEARCHED"
"Volvo","volvo","S70","s70","BRAND_SERIES_VERSION_NO_TRIM",1,false,"NOT_RESEARCHED"
"Volvo","volvo","S80","s80","BRAND_SERIES_VERSION_NO_TRIM",2,false,"NOT_RESEARCHED"
"Volvo","volvo","V50","v50","BRAND_SERIES_VERSION_NO_TRIM",1,false,"NOT_RESEARCHED"
"Volvo","volvo","V70","v70","BRAND_SERIES_VERSION_NO_TRIM",1,false,"NOT_RESEARCHED"
"Volvo","volvo","V90","v90","BRAND_SERIES_VERSION_NO_TRIM",1,false,"NOT_RESEARCHED"
"Volvo","volvo","C40 Recharge","c40-recharge","BRAND_SERIES_VERSION_NO_TRIM",3,false,"NOT_RESEARCHED"
"Volvo","volvo","EX30","ex30","BRAND_SERIES_VERSION_NO_TRIM",3,false,"NO_TRIM_AFTER_RESEARCH"
"Volvo","volvo","EX90","ex90","BRAND_SERIES_VERSION_NO_TRIM",1,false,"NOT_RESEARCHED"
"Voyah","voyah","Dream","dream","BRAND_SERIES_VERSION_NO_TRIM",1,false,"NOT_RESEARCHED"
"Voyah","voyah","Free","free","BRAND_SERIES_VERSION_NO_TRIM",3,false,"NOT_RESEARCHED"
"Voyah","voyah","Passion","passion","BRAND_SERIES_VERSION_NO_TRIM",1,false,"NOT_RESEARCHED"
"XEV","xev","Yoyo","yoyo","BRAND_SERIES_VERSION_NO_TRIM",1,false,"NOT_RESEARCHED"
"Yuki","yuki","Amy","amy","BRAND_SERIES_VERSION_NO_TRIM",1,false,"NOT_RESEARCHED"
"Yuki","yuki","Tria","tria","BRAND_SERIES_VERSION_NO_TRIM",1,false,"NOT_RESEARCHED"
"Zlin Motors","zlin-motors","Z2","z2","BRAND_SERIES_VERSION_NO_TRIM",1,false,"NOT_RESEARCHED"
"Zlin Motors","zlin-motors","Z3","z3","BRAND_SERIES_VERSION_NO_TRIM",1,false,"NOT_RESEARCHED"
