brand,categories,isActive,isSelectable,deepCatalogFileExists,completionReportExists,researchCompleted,classification,seriesResearched,runtimeSeriesCount,verifiedVersionCount,verifiedTrimCount,reviewRequired,noVerifiedTrimFound,sourceCoverage,runtimeHasDeepVersion,runtimeHasTrim
"Abarth","arac/otomobil",true,true,false,false,false,"NOT_RESEARCHED",0,5,0,0,0,0,0,true,false
"Acura","arac/otomobil",true,true,false,false,false,"NOT_RESEARCHED",0,14,0,0,0,0,0,true,false
"Aion","arac/otomobil|arac/arazi-suv-pickup",true,true,false,false,false,"NOT_RESEARCHED",0,6,0,0,0,0,0,true,false
"Alfa Romeo","arac/otomobil|arac/arazi-suv-pickup",true,true,true,true,true,"DEEP_PARTIAL",4,20,7,5,2,0,80,true,true
"Alpine","arac/otomobil",true,true,false,false,false,"NOT_RESEARCHED",0,2,0,0,0,0,0,true,false
"Anadol","arac/otomobil",true,true,false,false,false,"NOT_RESEARCHED",0,6,0,0,0,0,0,true,false
"ARO","arac/arazi-suv-pickup",true,true,false,false,false,"NOT_RESEARCHED",0,3,0,0,0,0,0,true,false
"Arora","arac/otomobil",true,true,false,false,false,"NOT_RESEARCHED",0,3,0,0,0,0,0,true,false
"Askam","arac/minivan-panelvan",true,true,false,false,false,"NOT_RESEARCHED",0,1,0,0,0,0,0,true,false
"Aston Martin","arac/otomobil|arac/arazi-suv-pickup",true,true,false,false,false,"NOT_RESEARCHED",0,12,0,0,0,0,0,true,false
"Audi","arac/otomobil|arac/arazi-suv-pickup",true,true,true,true,true,"DEEP_PARTIAL",14,42,16,6,13,1,72,true,true
"Bajaj","arac/otomobil",true,true,false,false,false,"NOT_RESEARCHED",0,1,0,0,0,0,0,true,false
"Bentley","arac/otomobil|arac/arazi-suv-pickup",true,true,false,false,false,"NOT_RESEARCHED",0,9,0,0,0,0,0,true,false
"BMC","arac/minivan-panelvan",true,true,false,false,false,"NOT_RESEARCHED",0,2,0,0,0,0,0,true,false
"BMW","arac/otomobil|arac/arazi-suv-pickup",true,true,true,true,true,"DEEP_COMPLETE",27,27,83,27,9,52,96,true,true
"Buick","arac/otomobil",true,true,false,false,false,"NOT_RESEARCHED",0,12,0,0,0,0,0,true,false
"BYD","arac/otomobil|arac/arazi-suv-pickup",true,true,true,true,true,"DEEP_PARTIAL",6,8,3,5,2,0,78,true,true
"Cadillac","arac/otomobil|arac/arazi-suv-pickup",true,true,false,false,false,"NOT_RESEARCHED",0,17,0,0,0,0,0,true,false
"Chery","arac/arazi-suv-pickup|arac/otomobil|arac/minivan-panelvan",true,true,false,false,false,"NOT_RESEARCHED",0,13,0,0,0,0,0,true,false
"Chevrolet","arac/otomobil|arac/arazi-suv-pickup|arac/minivan-panelvan",true,true,false,false,false,"NOT_RESEARCHED",0,22,0,0,0,0,0,true,false
"Chrysler","arac/otomobil|arac/arazi-suv-pickup|arac/minivan-panelvan",true,true,false,false,false,"NOT_RESEARCHED",0,14,0,0,0,0,0,true,false
"Citroen","arac/otomobil|arac/arazi-suv-pickup|arac/minivan-panelvan",true,true,true,true,true,"DEEP_PARTIAL",4,32,9,9,1,0,97,true,true
"Cupra","arac/otomobil|arac/arazi-suv-pickup",true,true,true,true,true,"DEEP_PARTIAL",4,6,11,3,2,10,89,true,true
"Dacia","arac/otomobil|arac/arazi-suv-pickup|arac/minivan-panelvan",true,true,true,true,true,"DEEP_PARTIAL",5,10,21,10,2,0,95,true,true
"Daewoo","arac/otomobil|arac/arazi-suv-pickup",true,true,false,false,false,"NOT_RESEARCHED",0,11,0,0,0,0,0,true,false
"Daihatsu","arac/otomobil|arac/arazi-suv-pickup",true,true,false,false,false,"NOT_RESEARCHED",0,11,0,0,0,0,0,true,false
"DFM","arac/arazi-suv-pickup|arac/minivan-panelvan",true,true,false,false,false,"NOT_RESEARCHED",0,2,0,0,0,0,0,true,false
"DFSK","arac/arazi-suv-pickup|arac/minivan-panelvan",true,true,false,false,false,"NOT_RESEARCHED",0,9,0,0,0,0,0,true,false
"Dodge","arac/otomobil|arac/arazi-suv-pickup|arac/minivan-panelvan",true,true,false,false,false,"NOT_RESEARCHED",0,14,0,0,0,0,0,true,false
"DS Automobiles","arac/otomobil|arac/arazi-suv-pickup",true,true,false,false,false,"NOT_RESEARCHED",0,3,0,0,0,0,0,true,false
"DS Automobiles","arac/otomobil|arac/arazi-suv-pickup",true,true,false,false,false,"NOT_RESEARCHED",0,9,0,0,0,0,0,true,false
"Ferrari","arac/otomobil|arac/arazi-suv-pickup",true,true,false,false,false,"NOT_RESEARCHED",0,20,0,0,0,0,0,true,false
"Fiat","arac/otomobil|arac/minivan-panelvan|arac/arazi-suv-pickup",true,true,true,true,true,"DEEP_PARTIAL",5,43,6,10,3,0,94,true,true
"Ford","arac/otomobil|arac/arazi-suv-pickup|arac/minivan-panelvan",true,true,true,true,true,"DEEP_PARTIAL",6,37,19,10,4,0,92,true,true
"Foton","arac/arazi-suv-pickup",true,true,false,false,false,"NOT_RESEARCHED",0,2,0,0,0,0,0,true,false
"GAZ","arac/minivan-panelvan",true,true,false,false,false,"NOT_RESEARCHED",0,2,0,0,0,0,0,true,false
"Geely","arac/otomobil",true,true,false,false,false,"NOT_RESEARCHED",0,7,0,0,0,0,0,true,false
"GMC","arac/arazi-suv-pickup|arac/minivan-panelvan",true,true,false,false,false,"NOT_RESEARCHED",0,8,0,0,0,0,0,true,false
"Honda","arac/otomobil|arac/arazi-suv-pickup",true,true,true,true,true,"DEEP_PARTIAL",2,20,9,7,1,0,96,true,true
"Hongqi","arac/arazi-suv-pickup",true,true,false,false,false,"NOT_RESEARCHED",0,3,0,0,0,0,0,true,false
"Hummer","arac/arazi-suv-pickup",true,true,false,false,false,"NOT_RESEARCHED",0,3,0,0,0,0,0,true,false
"Hyundai","arac/otomobil|arac/arazi-suv-pickup|arac/minivan-panelvan",true,true,true,true,true,"DEEP_PARTIAL",3,29,9,8,1,0,98,true,true
"Ikco","arac/otomobil",true,true,false,false,false,"NOT_RESEARCHED",0,3,0,0,0,0,0,true,false
"Infiniti","arac/otomobil|arac/arazi-suv-pickup",true,true,false,false,false,"NOT_RESEARCHED",0,17,0,0,0,0,0,true,false
"Isuzu","arac/arazi-suv-pickup|arac/otomobil",true,true,false,false,false,"NOT_RESEARCHED",0,5,0,0,0,0,0,true,false
"Iveco","arac/minivan-panelvan",true,true,false,false,false,"NOT_RESEARCHED",0,1,0,0,0,0,0,true,false
"Jaecoo","arac/arazi-suv-pickup",true,true,false,false,false,"NOT_RESEARCHED",0,2,0,0,0,0,0,true,false
"Jaguar","arac/otomobil|arac/arazi-suv-pickup",true,true,true,true,true,"DEEP_PARTIAL",5,11,3,3,2,0,78,true,true
"Jeep","arac/arazi-suv-pickup",true,true,true,true,true,"DEEP_PARTIAL",4,8,9,6,2,0,86,true,true
"Jiayuan","arac/otomobil",true,true,false,false,false,"NOT_RESEARCHED",0,4,0,0,0,0,0,true,false
"Joyce","arac/otomobil",true,true,false,false,false,"NOT_RESEARCHED",0,1,0,0,0,0,0,true,false
"KGM","arac/arazi-suv-pickup",true,true,false,false,false,"NOT_RESEARCHED",0,4,0,0,0,0,0,true,false
"KGM SsangYong","arac/arazi-suv-pickup",true,true,false,false,false,"NOT_RESEARCHED",0,7,0,0,0,0,0,true,false
"Kia","arac/otomobil|arac/arazi-suv-pickup|arac/minivan-panelvan",true,true,true,true,true,"DEEP_PARTIAL",7,27,9,10,6,0,79,true,true
"Kuba","arac/otomobil",true,true,false,false,false,"NOT_RESEARCHED",0,3,0,0,0,0,0,true,false
"Lada","arac/otomobil|arac/arazi-suv-pickup",true,true,false,false,false,"NOT_RESEARCHED",0,9,0,0,0,0,0,true,false
"Lamborghini","arac/otomobil|arac/arazi-suv-pickup",true,true,false,false,false,"NOT_RESEARCHED",0,8,0,0,0,0,0,true,false
"Lancia","arac/otomobil|arac/minivan-panelvan",true,true,false,false,false,"NOT_RESEARCHED",0,10,0,0,0,0,0,true,false
"Land Rover","arac/arazi-suv-pickup",true,true,true,true,true,"DEEP_PARTIAL",6,8,14,12,5,0,81,true,true
"Leapmotor","arac/otomobil|arac/arazi-suv-pickup",true,true,false,false,false,"NOT_RESEARCHED",0,4,0,0,0,0,0,true,false
"Lexus","arac/otomobil|arac/arazi-suv-pickup|arac/minivan-panelvan",true,true,true,true,true,"DEEP_PARTIAL",6,17,5,11,4,0,75,true,true
"Lincoln","arac/otomobil|arac/arazi-suv-pickup",true,true,false,false,false,"NOT_RESEARCHED",0,10,0,0,0,0,0,true,false
"Lotus","arac/otomobil|arac/arazi-suv-pickup",true,true,false,false,false,"NOT_RESEARCHED",0,7,0,0,0,0,0,true,false
"Luqi","arac/otomobil",true,true,false,false,false,"NOT_RESEARCHED",0,1,0,0,0,0,0,true,false
"Lynk & Co","arac/arazi-suv-pickup",true,true,false,false,false,"NOT_RESEARCHED",0,4,0,0,0,0,0,true,false
"Mahindra","arac/arazi-suv-pickup",true,true,false,false,false,"NOT_RESEARCHED",0,5,0,0,0,0,0,true,false
"MAN","arac/minivan-panelvan",true,true,false,false,false,"NOT_RESEARCHED",0,1,0,0,0,0,0,true,false
"Marcos","arac/otomobil",true,true,false,false,false,"NOT_RESEARCHED",0,3,0,0,0,0,0,true,false
"Maserati","arac/otomobil|arac/arazi-suv-pickup",true,true,false,false,false,"NOT_RESEARCHED",0,8,0,0,0,0,0,true,false
"Maxus","arac/minivan-panelvan",true,true,false,false,false,"NOT_RESEARCHED",0,5,0,0,0,0,0,true,false
"Mazda","arac/otomobil|arac/arazi-suv-pickup|arac/minivan-panelvan",true,true,true,true,true,"DEEP_PARTIAL",6,27,5,7,3,0,88,true,true
"McLaren","arac/otomobil",true,true,false,false,false,"NOT_RESEARCHED",0,12,0,0,0,0,0,true,false
"Mercedes-Benz","arac/otomobil|arac/arazi-suv-pickup|arac/minivan-panelvan",true,true,true,true,true,"DEEP_PARTIAL",25,52,62,18,11,8,87,true,true
"MG","arac/otomobil|arac/arazi-suv-pickup",true,true,true,true,true,"DEEP_PARTIAL",4,12,3,4,0,0,100,true,true
"Micro","arac/otomobil",true,true,false,false,false,"NOT_RESEARCHED",0,1,0,0,0,0,0,true,false
"Mini","arac/otomobil|arac/arazi-suv-pickup",true,true,true,true,true,"DEEP_PARTIAL",2,10,10,7,1,0,96,true,true
"Mitsubishi","arac/arazi-suv-pickup|arac/otomobil|arac/minivan-panelvan",true,true,true,true,true,"DEEP_PARTIAL",4,15,13,7,3,0,83,true,true
"Morgan","arac/otomobil",true,true,false,false,false,"NOT_RESEARCHED",0,6,0,0,0,0,0,true,false
"Motolux","arac/otomobil",true,true,false,false,false,"NOT_RESEARCHED",0,3,0,0,0,0,0,true,false
"Nieve","arac/otomobil",true,true,false,false,false,"NOT_RESEARCHED",0,2,0,0,0,0,0,true,false
"Nissan","arac/arazi-suv-pickup|arac/otomobil|arac/minivan-panelvan",true,true,true,true,true,"DEEP_PARTIAL",5,34,9,12,3,0,91,true,true
"Omoda","arac/arazi-suv-pickup",true,true,false,false,false,"NOT_RESEARCHED",0,1,0,0,0,0,0,true,false
"Opel","arac/otomobil|arac/arazi-suv-pickup|arac/minivan-panelvan",true,true,true,true,true,"DEEP_PARTIAL",3,33,14,12,1,0,97,true,true
"Ortimobil","arac/otomobil",true,true,false,false,false,"NOT_RESEARCHED",0,2,0,0,0,0,0,true,false
"Peugeot","arac/otomobil|arac/arazi-suv-pickup|arac/minivan-panelvan",true,true,true,true,true,"DEEP_PARTIAL",5,36,12,9,3,0,92,true,true
"Plymouth","arac/otomobil",true,true,false,false,false,"NOT_RESEARCHED",0,8,0,0,0,0,0,true,false
"Polestar","arac/otomobil|arac/arazi-suv-pickup",true,true,false,false,false,"NOT_RESEARCHED",0,4,0,0,0,0,0,true,false
"Pontiac","arac/otomobil|arac/minivan-panelvan",true,true,false,false,false,"NOT_RESEARCHED",0,12,0,0,0,0,0,true,false
"Porsche","arac/otomobil|arac/arazi-suv-pickup",true,true,true,true,true,"DEEP_PARTIAL",6,10,46,3,0,55,100,true,true
"Proton","arac/otomobil",true,true,false,false,false,"NOT_RESEARCHED",0,8,0,0,0,0,0,true,false
"Rainwoll","arac/otomobil",true,true,false,false,false,"NOT_RESEARCHED",0,2,0,0,0,0,0,true,false
"Reeder","arac/otomobil",true,true,false,false,false,"NOT_RESEARCHED",0,2,0,0,0,0,0,true,false
"Regal Raptor","arac/otomobil",true,true,false,false,false,"NOT_RESEARCHED",0,2,0,0,0,0,0,true,false
"Relive","arac/otomobil",true,true,false,false,false,"NOT_RESEARCHED",0,1,0,0,0,0,0,true,false
"Renault","arac/otomobil|arac/arazi-suv-pickup|arac/minivan-panelvan",true,true,true,true,true,"DEEP_PARTIAL",10,32,13,8,8,0,81,true,true
"RKS","arac/otomobil",true,true,false,false,false,"NOT_RESEARCHED",0,3,0,0,0,0,0,true,false
"Roewe","arac/otomobil",true,true,false,false,false,"NOT_RESEARCHED",0,3,0,0,0,0,0,true,false
"Rolls-Royce","arac/otomobil|arac/arazi-suv-pickup",true,true,false,false,false,"NOT_RESEARCHED",0,10,0,0,0,0,0,true,false
"Rover","arac/otomobil",true,true,false,false,false,"NOT_RESEARCHED",0,8,0,0,0,0,0,true,false
"Saab","arac/otomobil",true,true,false,false,false,"NOT_RESEARCHED",0,6,0,0,0,0,0,true,false
"Santana","arac/arazi-suv-pickup",true,true,false,false,false,"NOT_RESEARCHED",0,2,0,0,0,0,0,true,false
"Seat","arac/otomobil|arac/arazi-suv-pickup|arac/minivan-panelvan",true,true,true,true,true,"DEEP_PARTIAL",3,12,8,5,0,0,100,true,true
"Seres","arac/arazi-suv-pickup",true,true,false,false,false,"NOT_RESEARCHED",0,2,0,0,0,0,0,true,false
"Skoda","arac/otomobil|arac/arazi-suv-pickup|arac/minivan-panelvan",true,true,true,true,true,"DEEP_PARTIAL",3,15,15,14,1,0,98,true,true
"Skywell","arac/arazi-suv-pickup",true,true,false,false,false,"NOT_RESEARCHED",0,2,0,0,0,0,0,true,false
"Smart","arac/otomobil|arac/arazi-suv-pickup",true,true,false,false,false,"NOT_RESEARCHED",0,5,0,0,0,0,0,true,false
"Subaru","arac/arazi-suv-pickup|arac/otomobil",true,true,true,true,true,"DEEP_PARTIAL",5,12,3,6,2,0,78,true,true
"Suzuki","arac/otomobil|arac/arazi-suv-pickup|arac/minivan-panelvan",true,true,true,true,true,"DEEP_PARTIAL",4,16,4,4,3,0,77,true,true
"SWM","arac/arazi-suv-pickup",true,true,false,false,false,"NOT_RESEARCHED",0,4,0,0,0,0,0,true,false
"Tata","arac/otomobil|arac/arazi-suv-pickup",true,true,false,false,false,"NOT_RESEARCHED",0,8,0,0,0,0,0,true,false
"Tenax","arac/minivan-panelvan",true,true,false,false,false,"NOT_RESEARCHED",0,1,0,0,0,0,0,true,false
"Tesla","arac/otomobil|arac/arazi-suv-pickup",true,true,true,true,true,"DEEP_PARTIAL",4,5,6,3,3,2,70,true,true
"The London Taxi","arac/otomobil",true,true,false,false,false,"NOT_RESEARCHED",0,4,0,0,0,0,0,true,false
"Tofaş","arac/otomobil",true,true,false,false,false,"NOT_RESEARCHED",0,6,0,0,0,0,0,true,false
"TOGG","arac/arazi-suv-pickup|arac/otomobil",true,true,true,true,true,"DEEP_COMPLETE",2,2,3,3,0,0,100,true,true
"Toyota","arac/otomobil|arac/arazi-suv-pickup|arac/minivan-panelvan",true,true,true,true,true,"DEEP_PARTIAL",3,26,7,10,1,0,98,true,true
"Vanderhall","arac/otomobil",true,true,false,false,false,"NOT_RESEARCHED",0,2,0,0,0,0,0,true,false
"Volkswagen","arac/otomobil|arac/arazi-suv-pickup|arac/minivan-panelvan",true,true,true,true,true,"DEEP_PARTIAL",11,28,15,13,10,0,83,true,true
"Volta","arac/otomobil",true,true,false,false,false,"NOT_RESEARCHED",0,3,0,0,0,0,0,true,false
"Volvo","arac/otomobil|arac/arazi-suv-pickup",true,true,true,true,true,"DEEP_PARTIAL",5,19,7,6,4,0,75,true,true
"Voyah","arac/arazi-suv-pickup|arac/minivan-panelvan|arac/otomobil",true,true,false,false,false,"NOT_RESEARCHED",0,3,0,0,0,0,0,true,false
"XEV","arac/otomobil",true,true,false,false,false,"NOT_RESEARCHED",0,1,0,0,0,0,0,true,false
"Yuki","arac/otomobil",true,true,false,false,false,"NOT_RESEARCHED",0,2,0,0,0,0,0,true,false
"Zlin Motors","arac/otomobil",true,true,false,false,false,"NOT_RESEARCHED",0,2,0,0,0,0,0,true,false
